Code,Name,Monthly,From,To,Subject,Subject ID,Chapter,Chapter ID
120010,מדד המחירים לצרכן - כללי,TRUE,9/16/1951,4/27/2026,"מדד המחירים לצרכן (כולל מע""מ), לפי קבוצות צריכה ראשיות",37,מדד המחירים לצרכן,a
120020,המדד ללא ירקות ופירות,TRUE,1/16/1983,4/27/2026,"מדד המחירים לצרכן (כולל מע""מ), לפי קבוצות צריכה ראשיות",37,מדד המחירים לצרכן,a
110040,המדד ללא דיור,TRUE,1/16/1983,4/27/2026,"מדד המחירים לצרכן (כולל מע""מ), לפי קבוצות צריכה ראשיות",37,מדד המחירים לצרכן,a
120030,המדד ללא ירקות ופירות וללא דיור,TRUE,1/16/1983,4/27/2026,"מדד המחירים לצרכן (כולל מע""מ), לפי קבוצות צריכה ראשיות",37,מדד המחירים לצרכן,a
110045,המדד ללא אנרגיה,TRUE,1/16/2007,4/27/2026,"מדד המחירים לצרכן (כולל מע""מ), לפי קבוצות צריכה ראשיות",37,מדד המחירים לצרכן,a
110050,מזון כולל ירקות ופירות,TRUE,1/16/1983,4/27/2026,"מדד המחירים לצרכן (כולל מע""מ), לפי קבוצות צריכה ראשיות",37,מדד המחירים לצרכן,a
120050,מזון ללא ירקות ופירות,TRUE,1/16/1983,4/27/2026,"מדד המחירים לצרכן (כולל מע""מ), לפי קבוצות צריכה ראשיות",37,מדד המחירים לצרכן,a
120040,ירקות ופירות,TRUE,1/16/1983,4/27/2026,"מדד המחירים לצרכן (כולל מע""מ), לפי קבוצות צריכה ראשיות",37,מדד המחירים לצרכן,a
120450,דיור,TRUE,1/16/1983,4/27/2026,"מדד המחירים לצרכן (כולל מע""מ), לפי קבוצות צריכה ראשיות",37,מדד המחירים לצרכן,a
120520,תחזוקת הדירה,TRUE,1/16/1983,4/27/2026,"מדד המחירים לצרכן (כולל מע""מ), לפי קבוצות צריכה ראשיות",37,מדד המחירים לצרכן,a
120660,ריהוט וציוד לבית,TRUE,1/16/1983,4/27/2026,"מדד המחירים לצרכן (כולל מע""מ), לפי קבוצות צריכה ראשיות",37,מדד המחירים לצרכן,a
120850,הלבשה והנעלה,TRUE,1/16/1983,4/27/2026,"מדד המחירים לצרכן (כולל מע""מ), לפי קבוצות צריכה ראשיות",37,מדד המחירים לצרכן,a
121230,בריאות,TRUE,1/16/1983,4/27/2026,"מדד המחירים לצרכן (כולל מע""מ), לפי קבוצות צריכה ראשיות",37,מדד המחירים לצרכן,a
121050,"חינוך, תרבות ובידור",TRUE,1/16/1983,4/27/2026,"מדד המחירים לצרכן (כולל מע""מ), לפי קבוצות צריכה ראשיות",37,מדד המחירים לצרכן,a
121320,תחבורה ותקשורת,TRUE,1/16/1983,4/27/2026,"מדד המחירים לצרכן (כולל מע""מ), לפי קבוצות צריכה ראשיות",37,מדד המחירים לצרכן,a
121430,שונות,TRUE,1/16/1983,4/27/2026,"מדד המחירים לצרכן (כולל מע""מ), לפי קבוצות צריכה ראשיות",37,מדד המחירים לצרכן,a
120010,מדד המחירים לצרכן - כללי,TRUE,9/16/1951,4/27/2026,"מדד המחירים לצרכן (כולל מע""מ), לפי קבוצות צריכה ראשיות וקבוצות משניות",38,מדד המחירים לצרכן,a
120020,המדד ללא ירקות ופירות,TRUE,1/16/1983,4/27/2026,"מדד המחירים לצרכן (כולל מע""מ), לפי קבוצות צריכה ראשיות וקבוצות משניות",38,מדד המחירים לצרכן,a
110040,המדד ללא דיור,TRUE,1/16/1983,4/27/2026,"מדד המחירים לצרכן (כולל מע""מ), לפי קבוצות צריכה ראשיות וקבוצות משניות",38,מדד המחירים לצרכן,a
120030,המדד ללא ירקות ופירות וללא דיור,TRUE,1/16/1983,4/27/2026,"מדד המחירים לצרכן (כולל מע""מ), לפי קבוצות צריכה ראשיות וקבוצות משניות",38,מדד המחירים לצרכן,a
110045,המדד ללא אנרגיה,TRUE,1/16/2007,4/27/2026,"מדד המחירים לצרכן (כולל מע""מ), לפי קבוצות צריכה ראשיות וקבוצות משניות",38,מדד המחירים לצרכן,a
110050,מזון כולל ירקות ופירות,TRUE,1/16/1983,4/27/2026,"מדד המחירים לצרכן (כולל מע""מ), לפי קבוצות צריכה ראשיות וקבוצות משניות",38,מדד המחירים לצרכן,a
120050,מזון ללא ירקות ופירות,TRUE,1/16/1983,4/27/2026,"מדד המחירים לצרכן (כולל מע""מ), לפי קבוצות צריכה ראשיות וקבוצות משניות",38,מדד המחירים לצרכן,a
120060,"לחם, דגנים ומוצרי בצק",TRUE,1/16/1983,4/27/2026,"מדד המחירים לצרכן (כולל מע""מ), לפי קבוצות צריכה ראשיות וקבוצות משניות",38,מדד המחירים לצרכן,a
120070,לחם,TRUE,1/16/1983,4/27/2026,"מדד המחירים לצרכן (כולל מע""מ), לפי קבוצות צריכה ראשיות וקבוצות משניות",38,מדד המחירים לצרכן,a
120080,"ביסקוויטים, עוגות וכדומה",TRUE,1/16/1983,4/27/2026,"מדד המחירים לצרכן (כולל מע""מ), לפי קבוצות צריכה ראשיות וקבוצות משניות",38,מדד המחירים לצרכן,a
120090,קמח,TRUE,1/16/1983,4/27/2026,"מדד המחירים לצרכן (כולל מע""מ), לפי קבוצות צריכה ראשיות וקבוצות משניות",38,מדד המחירים לצרכן,a
120100,מוצרי בצק,TRUE,1/16/1983,4/27/2026,"מדד המחירים לצרכן (כולל מע""מ), לפי קבוצות צריכה ראשיות וקבוצות משניות",38,מדד המחירים לצרכן,a
120110,קטניות ומוצרי דגן,TRUE,1/16/1983,4/27/2026,"מדד המחירים לצרכן (כולל מע""מ), לפי קבוצות צריכה ראשיות וקבוצות משניות",38,מדד המחירים לצרכן,a
120130,"בשר, עופות, דגים ומוצריהם",TRUE,1/16/1983,4/27/2026,"מדד המחירים לצרכן (כולל מע""מ), לפי קבוצות צריכה ראשיות וקבוצות משניות",38,מדד המחירים לצרכן,a
120140,בשר בקר,TRUE,1/16/1983,4/27/2026,"מדד המחירים לצרכן (כולל מע""מ), לפי קבוצות צריכה ראשיות וקבוצות משניות",38,מדד המחירים לצרכן,a
120150,בשר בהמה אחר:  כבש וחזיר,TRUE,1/16/1983,4/27/2026,"מדד המחירים לצרכן (כולל מע""מ), לפי קבוצות צריכה ראשיות וקבוצות משניות",38,מדד המחירים לצרכן,a
120160,עופות,TRUE,1/16/1983,4/27/2026,"מדד המחירים לצרכן (כולל מע""מ), לפי קבוצות צריכה ראשיות וקבוצות משניות",38,מדד המחירים לצרכן,a
120170,בשר משומר ומעובד,TRUE,1/16/1983,4/27/2026,"מדד המחירים לצרכן (כולל מע""מ), לפי קבוצות צריכה ראשיות וקבוצות משניות",38,מדד המחירים לצרכן,a
120180,דגים,TRUE,1/16/1983,4/27/2026,"מדד המחירים לצרכן (כולל מע""מ), לפי קבוצות צריכה ראשיות וקבוצות משניות",38,מדד המחירים לצרכן,a
120190,שימורי דגים ודגים מעובדים,TRUE,1/16/1983,4/27/2026,"מדד המחירים לצרכן (כולל מע""מ), לפי קבוצות צריכה ראשיות וקבוצות משניות",38,מדד המחירים לצרכן,a
120200,שמנים ומרגרינה,TRUE,1/16/1983,4/27/2026,"מדד המחירים לצרכן (כולל מע""מ), לפי קבוצות צריכה ראשיות וקבוצות משניות",38,מדד המחירים לצרכן,a
120210,שמנים,TRUE,1/16/1983,4/27/2026,"מדד המחירים לצרכן (כולל מע""מ), לפי קבוצות צריכה ראשיות וקבוצות משניות",38,מדד המחירים לצרכן,a
120220,מרגרינה,TRUE,1/16/1983,4/27/2026,"מדד המחירים לצרכן (כולל מע""מ), לפי קבוצות צריכה ראשיות וקבוצות משניות",38,מדד המחירים לצרכן,a
120230,חלב ומוצרי חלב,TRUE,1/16/1983,4/27/2026,"מדד המחירים לצרכן (כולל מע""מ), לפי קבוצות צריכה ראשיות וקבוצות משניות",38,מדד המחירים לצרכן,a
120240,חלב,TRUE,1/16/1983,4/27/2026,"מדד המחירים לצרכן (כולל מע""מ), לפי קבוצות צריכה ראשיות וקבוצות משניות",38,מדד המחירים לצרכן,a
120250,"לבן, יוגורט ומעדני חלב",TRUE,1/16/1983,4/27/2026,"מדד המחירים לצרכן (כולל מע""מ), לפי קבוצות צריכה ראשיות וקבוצות משניות",38,מדד המחירים לצרכן,a
120260,שמנת,TRUE,1/16/1983,4/27/2026,"מדד המחירים לצרכן (כולל מע""מ), לפי קבוצות צריכה ראשיות וקבוצות משניות",38,מדד המחירים לצרכן,a
120270,חמאה,TRUE,1/16/1983,4/27/2026,"מדד המחירים לצרכן (כולל מע""מ), לפי קבוצות צריכה ראשיות וקבוצות משניות",38,מדד המחירים לצרכן,a
120280,גבינה,TRUE,1/16/1983,4/27/2026,"מדד המחירים לצרכן (כולל מע""מ), לפי קבוצות צריכה ראשיות וקבוצות משניות",38,מדד המחירים לצרכן,a
120285,גלידות,TRUE,1/16/1988,4/27/2026,"מדד המחירים לצרכן (כולל מע""מ), לפי קבוצות צריכה ראשיות וקבוצות משניות",38,מדד המחירים לצרכן,a
120120,ביצים,TRUE,1/16/1983,4/27/2026,"מדד המחירים לצרכן (כולל מע""מ), לפי קבוצות צריכה ראשיות וקבוצות משניות",38,מדד המחירים לצרכן,a
120370,"סוכר, ריבה וממתקים",TRUE,1/16/1983,4/27/2026,"מדד המחירים לצרכן (כולל מע""מ), לפי קבוצות צריכה ראשיות וקבוצות משניות",38,מדד המחירים לצרכן,a
120380,סוכר ותחליפיו,TRUE,1/16/1983,4/27/2026,"מדד המחירים לצרכן (כולל מע""מ), לפי קבוצות צריכה ראשיות וקבוצות משניות",38,מדד המחירים לצרכן,a
120390,"ריבה, דבש וכדומה",TRUE,1/16/1983,4/27/2026,"מדד המחירים לצרכן (כולל מע""מ), לפי קבוצות צריכה ראשיות וקבוצות משניות",38,מדד המחירים לצרכן,a
120400,ממתקים ושוקולד,TRUE,1/16/1983,4/27/2026,"מדד המחירים לצרכן (כולל מע""מ), לפי קבוצות צריכה ראשיות וקבוצות משניות",38,מדד המחירים לצרכן,a
120340,משקאות,TRUE,1/16/1983,4/27/2026,"מדד המחירים לצרכן (כולל מע""מ), לפי קבוצות צריכה ראשיות וקבוצות משניות",38,מדד המחירים לצרכן,a
120350,משקאות קלים,TRUE,1/16/1983,4/27/2026,"מדד המחירים לצרכן (כולל מע""מ), לפי קבוצות צריכה ראשיות וקבוצות משניות",38,מדד המחירים לצרכן,a
120360,משקאות אלכוהולים,TRUE,1/16/1983,4/27/2026,"מדד המחירים לצרכן (כולל מע""מ), לפי קבוצות צריכה ראשיות וקבוצות משניות",38,מדד המחירים לצרכן,a
120290,מוצרי מזון שונים,TRUE,1/16/1983,4/27/2026,"מדד המחירים לצרכן (כולל מע""מ), לפי קבוצות צריכה ראשיות וקבוצות משניות",38,מדד המחירים לצרכן,a
120300,"תבלינים, רטבים, מוצרים לעוגה ומזון לתינוקות",TRUE,1/16/1983,4/27/2026,"מדד המחירים לצרכן (כולל מע""מ), לפי קבוצות צריכה ראשיות וקבוצות משניות",38,מדד המחירים לצרכן,a
120310,תה,TRUE,1/16/1983,4/27/2026,"מדד המחירים לצרכן (כולל מע""מ), לפי קבוצות צריכה ראשיות וקבוצות משניות",38,מדד המחירים לצרכן,a
120320,קפה,TRUE,1/16/1983,4/27/2026,"מדד המחירים לצרכן (כולל מע""מ), לפי קבוצות צריכה ראשיות וקבוצות משניות",38,מדד המחירים לצרכן,a
120330,קקאו,TRUE,1/16/1983,4/27/2026,"מדד המחירים לצרכן (כולל מע""מ), לפי קבוצות צריכה ראשיות וקבוצות משניות",38,מדד המחירים לצרכן,a
150315,סלטים מוכנים,TRUE,1/16/1994,4/27/2026,"מדד המחירים לצרכן (כולל מע""מ), לפי קבוצות צריכה ראשיות וקבוצות משניות",38,מדד המחירים לצרכן,a
120410,ארוחות מחוץ לבית,TRUE,1/16/1983,4/27/2026,"מדד המחירים לצרכן (כולל מע""מ), לפי קבוצות צריכה ראשיות וקבוצות משניות",38,מדד המחירים לצרכן,a
120420,ארוחות בעבודה,TRUE,1/16/1983,4/27/2026,"מדד המחירים לצרכן (כולל מע""מ), לפי קבוצות צריכה ראשיות וקבוצות משניות",38,מדד המחירים לצרכן,a
120430,ארוחות במסעדות ובבתי קפה,TRUE,1/16/1983,4/27/2026,"מדד המחירים לצרכן (כולל מע""מ), לפי קבוצות צריכה ראשיות וקבוצות משניות",38,מדד המחירים לצרכן,a
120440,מצרכים בקיוסקים ובחנויות נוחות,TRUE,1/16/1983,4/27/2026,"מדד המחירים לצרכן (כולל מע""מ), לפי קבוצות צריכה ראשיות וקבוצות משניות",38,מדד המחירים לצרכן,a
120040,ירקות ופירות,TRUE,1/16/1983,4/27/2026,"מדד המחירים לצרכן (כולל מע""מ), לפי קבוצות צריכה ראשיות וקבוצות משניות",38,מדד המחירים לצרכן,a
120042,ירקות טריים,TRUE,1/16/1983,4/27/2026,"מדד המחירים לצרכן (כולל מע""מ), לפי קבוצות צריכה ראשיות וקבוצות משניות",38,מדד המחירים לצרכן,a
120043,פירות טריים,TRUE,1/16/1983,4/27/2026,"מדד המחירים לצרכן (כולל מע""מ), לפי קבוצות צריכה ראשיות וקבוצות משניות",38,מדד המחירים לצרכן,a
120046,"ירקות קפואים, כבושים ומשומרים",TRUE,1/16/1987,4/27/2026,"מדד המחירים לצרכן (כולל מע""מ), לפי קבוצות צריכה ראשיות וקבוצות משניות",38,מדד המחירים לצרכן,a
120047,"פירות יבשים, משומרים וקפואים",TRUE,1/16/1987,4/27/2026,"מדד המחירים לצרכן (כולל מע""מ), לפי קבוצות צריכה ראשיות וקבוצות משניות",38,מדד המחירים לצרכן,a
120450,דיור,TRUE,1/16/1983,4/27/2026,"מדד המחירים לצרכן (כולל מע""מ), לפי קבוצות צריכה ראשיות וקבוצות משניות",38,מדד המחירים לצרכן,a
120490,שירותי דיור בבעלות הדיירים,TRUE,1/16/1983,4/27/2026,"מדד המחירים לצרכן (כולל מע""מ), לפי קבוצות צריכה ראשיות וקבוצות משניות",38,מדד המחירים לצרכן,a
120460,"שכר דירה פרטי, ציבורי ושכירות ארוכת טווח בפיקוח ממשלתי",TRUE,1/16/1983,4/27/2026,"מדד המחירים לצרכן (כולל מע""מ), לפי קבוצות צריכה ראשיות וקבוצות משניות",38,מדד המחירים לצרכן,a
120510,"הוצאות דיור אחרות, כגון תיווך, עריכת חוזים וביטוח",TRUE,1/16/1983,4/27/2026,"מדד המחירים לצרכן (כולל מע""מ), לפי קבוצות צריכה ראשיות וקבוצות משניות",38,מדד המחירים לצרכן,a
120520,תחזוקת הדירה,TRUE,1/16/1983,4/27/2026,"מדד המחירים לצרכן (כולל מע""מ), לפי קבוצות צריכה ראשיות וקבוצות משניות",38,מדד המחירים לצרכן,a
120580,"חשמל, גז, מים וכדומה",TRUE,1/16/1983,4/27/2026,"מדד המחירים לצרכן (כולל מע""מ), לפי קבוצות צריכה ראשיות וקבוצות משניות",38,מדד המחירים לצרכן,a
120590,חשמל לצריכה ביתית,TRUE,1/16/1983,4/27/2026,"מדד המחירים לצרכן (כולל מע""מ), לפי קבוצות צריכה ראשיות וקבוצות משניות",38,מדד המחירים לצרכן,a
120600,גז לצריכה ביתית,TRUE,1/16/1983,4/27/2026,"מדד המחירים לצרכן (כולל מע""מ), לפי קבוצות צריכה ראשיות וקבוצות משניות",38,מדד המחירים לצרכן,a
120610,נפט וסולר לחימום הדירה,TRUE,1/16/1983,4/27/2026,"מדד המחירים לצרכן (כולל מע""מ), לפי קבוצות צריכה ראשיות וקבוצות משניות",38,מדד המחירים לצרכן,a
120620,שירותי מים וביוב לצריכה ביתית,TRUE,1/16/1983,4/27/2026,"מדד המחירים לצרכן (כולל מע""מ), לפי קבוצות צריכה ראשיות וקבוצות משניות",38,מדד המחירים לצרכן,a
120550,תחזוקה ושיפור הבית,TRUE,1/16/1983,4/27/2026,"מדד המחירים לצרכן (כולל מע""מ), לפי קבוצות צריכה ראשיות וקבוצות משניות",38,מדד המחירים לצרכן,a
120560,"צביעה, סיוד וכדומה",TRUE,1/16/1983,4/27/2026,"מדד המחירים לצרכן (כולל מע""מ), לפי קבוצות צריכה ראשיות וקבוצות משניות",38,מדד המחירים לצרכן,a
120570,"תיקונים, שיפוצים ותחזוקת הדירה",TRUE,1/16/1983,4/27/2026,"מדד המחירים לצרכן (כולל מע""מ), לפי קבוצות צריכה ראשיות וקבוצות משניות",38,מדד המחירים לצרכן,a
120630,חומרים ומוצרים לתחזוקת משק הבית,TRUE,1/16/1983,4/27/2026,"מדד המחירים לצרכן (כולל מע""מ), לפי קבוצות צריכה ראשיות וקבוצות משניות",38,מדד המחירים לצרכן,a
120780,כלים שונים לנקיון ותחזוקת הבית,TRUE,1/16/1983,4/27/2026,"מדד המחירים לצרכן (כולל מע""מ), לפי קבוצות צריכה ראשיות וקבוצות משניות",38,מדד המחירים לצרכן,a
120640,"חומרי כביסה, ניקוי והדברה",TRUE,1/16/1983,4/27/2026,"מדד המחירים לצרכן (כולל מע""מ), לפי קבוצות צריכה ראשיות וקבוצות משניות",38,מדד המחירים לצרכן,a
120650,צורכי משק בית אחרים,TRUE,1/16/1983,4/27/2026,"מדד המחירים לצרכן (כולל מע""מ), לפי קבוצות צריכה ראשיות וקבוצות משניות",38,מדד המחירים לצרכן,a
120530,מסים עירוניים,TRUE,1/16/1983,4/27/2026,"מדד המחירים לצרכן (כולל מע""מ), לפי קבוצות צריכה ראשיות וקבוצות משניות",38,מדד המחירים לצרכן,a
120540,עזרה בבית,TRUE,1/16/1983,4/27/2026,"מדד המחירים לצרכן (כולל מע""מ), לפי קבוצות צריכה ראשיות וקבוצות משניות",38,מדד המחירים לצרכן,a
120660,ריהוט וציוד לבית,TRUE,1/16/1983,4/27/2026,"מדד המחירים לצרכן (כולל מע""מ), לפי קבוצות צריכה ראשיות וקבוצות משניות",38,מדד המחירים לצרכן,a
120670,ריהוט,TRUE,1/16/1983,4/27/2026,"מדד המחירים לצרכן (כולל מע""מ), לפי קבוצות צריכה ראשיות וקבוצות משניות",38,מדד המחירים לצרכן,a
120680,"ארונות, מזנונים, כונניות, שידות וכדומה",TRUE,1/16/1983,4/27/2026,"מדד המחירים לצרכן (כולל מע""מ), לפי קבוצות צריכה ראשיות וקבוצות משניות",38,מדד המחירים לצרכן,a
120690,"ספות, כורסאות, מיטות ומזרנים",TRUE,1/16/1983,4/27/2026,"מדד המחירים לצרכן (כולל מע""מ), לפי קבוצות צריכה ראשיות וקבוצות משניות",38,מדד המחירים לצרכן,a
120700,"שולחנות, כסאות ופינות אוכל",TRUE,1/16/1983,4/27/2026,"מדד המחירים לצרכן (כולל מע""מ), לפי קבוצות צריכה ראשיות וקבוצות משניות",38,מדד המחירים לצרכן,a
120704,ריהוט וציוד לתינוק,TRUE,1/16/1999,4/27/2026,"מדד המחירים לצרכן (כולל מע""מ), לפי קבוצות צריכה ראשיות וקבוצות משניות",38,מדד המחירים לצרכן,a
120706,ריהוט לגן ולמרפסת,TRUE,1/16/1999,4/27/2026,"מדד המחירים לצרכן (כולל מע""מ), לפי קבוצות צריכה ראשיות וקבוצות משניות",38,מדד המחירים לצרכן,a
120810,ציוד חשמלי לבית,TRUE,1/16/1983,4/27/2026,"מדד המחירים לצרכן (כולל מע""מ), לפי קבוצות צריכה ראשיות וקבוצות משניות",38,מדד המחירים לצרכן,a
120815,ציוד חשמלי גדול,TRUE,1/16/1999,4/27/2026,"מדד המחירים לצרכן (כולל מע""מ), לפי קבוצות צריכה ראשיות וקבוצות משניות",38,מדד המחירים לצרכן,a
120840,ציוד חשמלי אחר למטבח ולבית כגון מיקרוגל ושואב אבק,TRUE,1/16/1983,4/27/2026,"מדד המחירים לצרכן (כולל מע""מ), לפי קבוצות צריכה ראשיות וקבוצות משניות",38,מדד המחירים לצרכן,a
120844,ציוד חשמלי לחימום וקירור הבית,TRUE,1/16/1999,4/27/2026,"מדד המחירים לצרכן (כולל מע""מ), לפי קבוצות צריכה ראשיות וקבוצות משניות",38,מדד המחירים לצרכן,a
120846,שירות תיקונים למוצרי חשמל ביתיים,TRUE,1/16/1999,4/27/2026,"מדד המחירים לצרכן (כולל מע""מ), לפי קבוצות צריכה ראשיות וקבוצות משניות",38,מדד המחירים לצרכן,a
120750,"כלי אוכל, בישול ואפייה",TRUE,1/16/1983,4/27/2026,"מדד המחירים לצרכן (כולל מע""מ), לפי קבוצות צריכה ראשיות וקבוצות משניות",38,מדד המחירים לצרכן,a
120790,כלי אוכל,TRUE,1/16/1983,4/27/2026,"מדד המחירים לצרכן (כולל מע""מ), לפי קבוצות צריכה ראשיות וקבוצות משניות",38,מדד המחירים לצרכן,a
120800,כלי בישול ואפייה,TRUE,1/16/1983,4/27/2026,"מדד המחירים לצרכן (כולל מע""מ), לפי קבוצות צריכה ראשיות וקבוצות משניות",38,מדד המחירים לצרכן,a
120720,כלי מיטה וחפצי קישוט לבית,TRUE,1/16/1983,4/27/2026,"מדד המחירים לצרכן (כולל מע""מ), לפי קבוצות צריכה ראשיות וקבוצות משניות",38,מדד המחירים לצרכן,a
120730,כלי מיטה ומגבות,TRUE,1/16/1983,4/27/2026,"מדד המחירים לצרכן (כולל מע""מ), לפי קבוצות צריכה ראשיות וקבוצות משניות",38,מדד המחירים לצרכן,a
120740,חפצי קישוט לבית,TRUE,1/16/1983,4/27/2026,"מדד המחירים לצרכן (כולל מע""מ), לפי קבוצות צריכה ראשיות וקבוצות משניות",38,מדד המחירים לצרכן,a
120850,הלבשה והנעלה,TRUE,1/16/1983,4/27/2026,"מדד המחירים לצרכן (כולל מע""מ), לפי קבוצות צריכה ראשיות וקבוצות משניות",38,מדד המחירים לצרכן,a
120860,הלבשה,TRUE,1/16/1983,4/27/2026,"מדד המחירים לצרכן (כולל מע""מ), לפי קבוצות צריכה ראשיות וקבוצות משניות",38,מדד המחירים לצרכן,a
120870,הלבשה עליונה  לגברים,TRUE,1/16/1983,4/27/2026,"מדד המחירים לצרכן (כולל מע""מ), לפי קבוצות צריכה ראשיות וקבוצות משניות",38,מדד המחירים לצרכן,a
120880,הלבשה עליונה  לנשים,TRUE,1/16/1983,4/27/2026,"מדד המחירים לצרכן (כולל מע""מ), לפי קבוצות צריכה ראשיות וקבוצות משניות",38,מדד המחירים לצרכן,a
120890,"הלבשה עליונה לילדים,  ילדות ותינוקות",TRUE,1/16/1983,4/27/2026,"מדד המחירים לצרכן (כולל מע""מ), לפי קבוצות צריכה ראשיות וקבוצות משניות",38,מדד המחירים לצרכן,a
120900,הלבשה תחתונה  לגברים,TRUE,1/16/1983,4/27/2026,"מדד המחירים לצרכן (כולל מע""מ), לפי קבוצות צריכה ראשיות וקבוצות משניות",38,מדד המחירים לצרכן,a
120910,הלבשה תחתונה  ובגדי שינה לנשים,TRUE,1/16/1983,4/27/2026,"מדד המחירים לצרכן (כולל מע""מ), לפי קבוצות צריכה ראשיות וקבוצות משניות",38,מדד המחירים לצרכן,a
120920,הלבשה תחתונה ובגדי שינה לילדים/ות,TRUE,1/16/1983,4/27/2026,"מדד המחירים לצרכן (כולל מע""מ), לפי קבוצות צריכה ראשיות וקבוצות משניות",38,מדד המחירים לצרכן,a
120930,גרביים לגבר,TRUE,1/16/1983,4/27/2026,"מדד המחירים לצרכן (כולל מע""מ), לפי קבוצות צריכה ראשיות וקבוצות משניות",38,מדד המחירים לצרכן,a
120940,גרביים לאישה,TRUE,1/16/1983,4/27/2026,"מדד המחירים לצרכן (כולל מע""מ), לפי קבוצות צריכה ראשיות וקבוצות משניות",38,מדד המחירים לצרכן,a
120950,"גרביים לילדים, ילדות ותינוקות",TRUE,1/16/1983,4/27/2026,"מדד המחירים לצרכן (כולל מע""מ), לפי קבוצות צריכה ראשיות וקבוצות משניות",38,מדד המחירים לצרכן,a
120960,צורכי הלבשה שונים,TRUE,1/16/1983,4/27/2026,"מדד המחירים לצרכן (כולל מע""מ), לפי קבוצות צריכה ראשיות וקבוצות משניות",38,מדד המחירים לצרכן,a
120965,בגדי ספורט והתעמלות,TRUE,1/16/2005,4/27/2026,"מדד המחירים לצרכן (כולל מע""מ), לפי קבוצות צריכה ראשיות וקבוצות משניות",38,מדד המחירים לצרכן,a
120970,"בדים, שירותי תפירה וחומרי עזר",TRUE,1/16/1983,4/27/2026,"מדד המחירים לצרכן (כולל מע""מ), לפי קבוצות צריכה ראשיות וקבוצות משניות",38,מדד המחירים לצרכן,a
120990,ניקוי בגדים וכביסה מחוץ לבית,TRUE,1/16/1983,4/27/2026,"מדד המחירים לצרכן (כולל מע""מ), לפי קבוצות צריכה ראשיות וקבוצות משניות",38,מדד המחירים לצרכן,a
121000,הנעלה,TRUE,1/16/1983,4/27/2026,"מדד המחירים לצרכן (כולל מע""מ), לפי קבוצות צריכה ראשיות וקבוצות משניות",38,מדד המחירים לצרכן,a
121010,הנעלה לגברים,TRUE,1/16/1983,4/27/2026,"מדד המחירים לצרכן (כולל מע""מ), לפי קבוצות צריכה ראשיות וקבוצות משניות",38,מדד המחירים לצרכן,a
121020,הנעלה לנשים,TRUE,1/16/1983,4/27/2026,"מדד המחירים לצרכן (כולל מע""מ), לפי קבוצות צריכה ראשיות וקבוצות משניות",38,מדד המחירים לצרכן,a
121030,"הנעלה לילדים, ילדות ותינוקות",TRUE,1/16/1983,4/27/2026,"מדד המחירים לצרכן (כולל מע""מ), לפי קבוצות צריכה ראשיות וקבוצות משניות",38,מדד המחירים לצרכן,a
121040,תיקוני נעליים,TRUE,1/16/1983,4/27/2026,"מדד המחירים לצרכן (כולל מע""מ), לפי קבוצות צריכה ראשיות וקבוצות משניות",38,מדד המחירים לצרכן,a
121230,בריאות,TRUE,1/16/1983,4/27/2026,"מדד המחירים לצרכן (כולל מע""מ), לפי קבוצות צריכה ראשיות וקבוצות משניות",38,מדד המחירים לצרכן,a
121240,שירותים רפואיים,TRUE,1/16/1983,4/27/2026,"מדד המחירים לצרכן (כולל מע""מ), לפי קבוצות צריכה ראשיות וקבוצות משניות",38,מדד המחירים לצרכן,a
121250,שירותי ביטוח  בריאות בקופות חולים  ובחברות ביטוח,TRUE,1/16/1983,4/27/2026,"מדד המחירים לצרכן (כולל מע""מ), לפי קבוצות צריכה ראשיות וקבוצות משניות",38,מדד המחירים לצרכן,a
121260,שירות רפואי פרטי,TRUE,1/16/1983,4/27/2026,"מדד המחירים לצרכן (כולל מע""מ), לפי קבוצות צריכה ראשיות וקבוצות משניות",38,מדד המחירים לצרכן,a
121270,ריפוי שיניים,TRUE,1/16/1983,4/27/2026,"מדד המחירים לצרכן (כולל מע""מ), לפי קבוצות צריכה ראשיות וקבוצות משניות",38,מדד המחירים לצרכן,a
121280,תרופות ועזרים רפואיים,TRUE,1/16/1983,4/27/2026,"מדד המחירים לצרכן (כולל מע""מ), לפי קבוצות צריכה ראשיות וקבוצות משניות",38,מדד המחירים לצרכן,a
121290,תרופות וצורכי רפואה שונים,TRUE,1/16/1985,4/27/2026,"מדד המחירים לצרכן (כולל מע""מ), לפי קבוצות צריכה ראשיות וקבוצות משניות",38,מדד המחירים לצרכן,a
121300,משקפיים ומוצרי אופטיקה,TRUE,1/16/1983,4/27/2026,"מדד המחירים לצרכן (כולל מע""מ), לפי קבוצות צריכה ראשיות וקבוצות משניות",38,מדד המחירים לצרכן,a
121050,"חינוך, תרבות ובידור",TRUE,1/16/1983,4/27/2026,"מדד המחירים לצרכן (כולל מע""מ), לפי קבוצות צריכה ראשיות וקבוצות משניות",38,מדד המחירים לצרכן,a
121060,שירותי חינוך,TRUE,1/16/1983,4/27/2026,"מדד המחירים לצרכן (כולל מע""מ), לפי קבוצות צריכה ראשיות וקבוצות משניות",38,מדד המחירים לצרכן,a
121070,חינוך קדם יסודי,TRUE,1/16/1983,4/27/2026,"מדד המחירים לצרכן (כולל מע""מ), לפי קבוצות צריכה ראשיות וקבוצות משניות",38,מדד המחירים לצרכן,a
121080,חינוך יסודי,TRUE,1/16/1983,4/27/2026,"מדד המחירים לצרכן (כולל מע""מ), לפי קבוצות צריכה ראשיות וקבוצות משניות",38,מדד המחירים לצרכן,a
121090,חינוך על יסודי,TRUE,1/16/1983,4/27/2026,"מדד המחירים לצרכן (כולל מע""מ), לפי קבוצות צריכה ראשיות וקבוצות משניות",38,מדד המחירים לצרכן,a
121100,"חינוך גבוה, אקדמי",TRUE,1/16/1983,4/27/2026,"מדד המחירים לצרכן (כולל מע""מ), לפי קבוצות צריכה ראשיות וקבוצות משניות",38,מדד המחירים לצרכן,a
121110,"הכשרה מקצועית, קורסי העשרה  ופנאי וחינוך על תיכוני",TRUE,1/16/1983,4/27/2026,"מדד המחירים לצרכן (כולל מע""מ), לפי קבוצות צריכה ראשיות וקבוצות משניות",38,מדד המחירים לצרכן,a
121120,ספרים וציוד לימודים,TRUE,1/16/1983,4/27/2026,"מדד המחירים לצרכן (כולל מע""מ), לפי קבוצות צריכה ראשיות וקבוצות משניות",38,מדד המחירים לצרכן,a
121130,תרבות ובידור,TRUE,1/16/1983,4/27/2026,"מדד המחירים לצרכן (כולל מע""מ), לפי קבוצות צריכה ראשיות וקבוצות משניות",38,מדד המחירים לצרכן,a
121140,"עיתונים, שבועונים וירחונים",TRUE,1/16/1983,4/27/2026,"מדד המחירים לצרכן (כולל מע""מ), לפי קבוצות צריכה ראשיות וקבוצות משניות",38,מדד המחירים לצרכן,a
121150,ספרי קריאה ועיון,TRUE,1/16/1983,4/27/2026,"מדד המחירים לצרכן (כולל מע""מ), לפי קבוצות צריכה ראשיות וקבוצות משניות",38,מדד המחירים לצרכן,a
121160,צורכי דת,TRUE,1/16/1983,4/27/2026,"מדד המחירים לצרכן (כולל מע""מ), לפי קבוצות צריכה ראשיות וקבוצות משניות",38,מדד המחירים לצרכן,a
121180,"הצגות, קונצרטים,  מופעי ספורט,  קולנוע וכדומה",TRUE,1/16/1983,4/27/2026,"מדד המחירים לצרכן (כולל מע""מ), לפי קבוצות צריכה ראשיות וקבוצות משניות",38,מדד המחירים לצרכן,a
121190,"הארחה, נופש  וטיולים",TRUE,1/16/1983,4/27/2026,"מדד המחירים לצרכן (כולל מע""מ), לפי קבוצות צריכה ראשיות וקבוצות משניות",38,מדד המחירים לצרכן,a
121200,מוצרי חשמל בידוריים,TRUE,1/16/1983,4/27/2026,"מדד המחירים לצרכן (כולל מע""מ), לפי קבוצות צריכה ראשיות וקבוצות משניות",38,מדד המחירים לצרכן,a
121210,תחביבים,TRUE,1/16/1983,4/27/2026,"מדד המחירים לצרכן (כולל מע""מ), לפי קבוצות צריכה ראשיות וקבוצות משניות",38,מדד המחירים לצרכן,a
121220,צעצועים לילדים ונוער,TRUE,1/16/1983,4/27/2026,"מדד המחירים לצרכן (כולל מע""מ), לפי קבוצות צריכה ראשיות וקבוצות משניות",38,מדד המחירים לצרכן,a
121225,עריכת מסיבות ואירועים,TRUE,1/16/1999,4/27/2026,"מדד המחירים לצרכן (כולל מע""מ), לפי קבוצות צריכה ראשיות וקבוצות משניות",38,מדד המחירים לצרכן,a
121320,תחבורה ותקשורת,TRUE,1/16/1983,4/27/2026,"מדד המחירים לצרכן (כולל מע""מ), לפי קבוצות צריכה ראשיות וקבוצות משניות",38,מדד המחירים לצרכן,a
121330,תחבורה,TRUE,1/16/1983,4/27/2026,"מדד המחירים לצרכן (כולל מע""מ), לפי קבוצות צריכה ראשיות וקבוצות משניות",38,מדד המחירים לצרכן,a
121335,נסיעה בתחבורה ציבורית,TRUE,1/16/2003,4/27/2026,"מדד המחירים לצרכן (כולל מע""מ), לפי קבוצות צריכה ראשיות וקבוצות משניות",38,מדד המחירים לצרכן,a
121390,"הוצאות על נסיעות לחו""ל  וטיסות בארץ",TRUE,1/16/1983,4/27/2026,"מדד המחירים לצרכן (כולל מע""מ), לפי קבוצות צריכה ראשיות וקבוצות משניות",38,מדד המחירים לצרכן,a
121360,רכב פרטי ואחזקתו,TRUE,1/16/1983,4/27/2026,"מדד המחירים לצרכן (כולל מע""מ), לפי קבוצות צריכה ראשיות וקבוצות משניות",38,מדד המחירים לצרכן,a
121370,"שיעורי נהיגה, שכירת כלי תחבורה וכדומה",TRUE,1/16/1983,4/27/2026,"מדד המחירים לצרכן (כולל מע""מ), לפי קבוצות צריכה ראשיות וקבוצות משניות",38,מדד המחירים לצרכן,a
121400,תקשורת,TRUE,1/16/1983,4/27/2026,"מדד המחירים לצרכן (כולל מע""מ), לפי קבוצות צריכה ראשיות וקבוצות משניות",38,מדד המחירים לצרכן,a
121410,"שירותי טלפון, אינטרנט,  טלוויזיה ומוצרי תקשורת",TRUE,1/16/1983,4/27/2026,"מדד המחירים לצרכן (כולל מע""מ), לפי קבוצות צריכה ראשיות וקבוצות משניות",38,מדד המחירים לצרכן,a
121420,שירותי דואר,TRUE,1/16/1983,4/27/2026,"מדד המחירים לצרכן (כולל מע""מ), לפי קבוצות צריכה ראשיות וקבוצות משניות",38,מדד המחירים לצרכן,a
121430,שונות,TRUE,1/16/1983,4/27/2026,"מדד המחירים לצרכן (כולל מע""מ), לפי קבוצות צריכה ראשיות וקבוצות משניות",38,מדד המחירים לצרכן,a
121440,סיגריות וטבק,TRUE,1/16/1983,4/27/2026,"מדד המחירים לצרכן (כולל מע""מ), לפי קבוצות צריכה ראשיות וקבוצות משניות",38,מדד המחירים לצרכן,a
121450,טיפולים אישיים ומוצרי קוסמטיקה,TRUE,1/16/1983,4/27/2026,"מדד המחירים לצרכן (כולל מע""מ), לפי קבוצות צריכה ראשיות וקבוצות משניות",38,מדד המחירים לצרכן,a
121460,תספורת ומכון יופי,TRUE,1/16/1983,4/27/2026,"מדד המחירים לצרכן (כולל מע""מ), לפי קבוצות צריכה ראשיות וקבוצות משניות",38,מדד המחירים לצרכן,a
121470,צורכי רחצה וקוסמטיקה,TRUE,1/16/1983,4/27/2026,"מדד המחירים לצרכן (כולל מע""מ), לפי קבוצות צריכה ראשיות וקבוצות משניות",38,מדד המחירים לצרכן,a
121482,מוצרים ואביזרים לטיפול בתינוק,TRUE,1/16/2014,4/27/2026,"מדד המחירים לצרכן (כולל מע""מ), לפי קבוצות צריכה ראשיות וקבוצות משניות",38,מדד המחירים לצרכן,a
121484,"שירותים משפטיים, אגרות, קנסות ושירותי בנק",TRUE,1/16/2022,4/27/2026,"מדד המחירים לצרכן (כולל מע""מ), לפי קבוצות צריכה ראשיות וקבוצות משניות",38,מדד המחירים לצרכן,a
121480,שירותים משפטיים,TRUE,1/16/1983,4/27/2026,"מדד המחירים לצרכן (כולל מע""מ), לפי קבוצות צריכה ראשיות וקבוצות משניות",38,מדד המחירים לצרכן,a
121486,שירותים פיננסים ואחרים,TRUE,1/16/2022,4/27/2026,"מדד המחירים לצרכן (כולל מע""מ), לפי קבוצות צריכה ראשיות וקבוצות משניות",38,מדד המחירים לצרכן,a
121487,"מוצרים אישיים ומשלימים כגון: תכשיטים, שעונים ותיקים",TRUE,1/16/2022,4/27/2026,"מדד המחירים לצרכן (כולל מע""מ), לפי קבוצות צריכה ראשיות וקבוצות משניות",38,מדד המחירים לצרכן,a
121489,תכשיטים שעונים ואביזרי אופנה,TRUE,1/16/2022,4/27/2026,"מדד המחירים לצרכן (כולל מע""מ), לפי קבוצות צריכה ראשיות וקבוצות משניות",38,מדד המחירים לצרכן,a
121520,"תיקים, מזוודות ,ילקוטים וארנקים",TRUE,1/16/1983,4/27/2026,"מדד המחירים לצרכן (כולל מע""מ), לפי קבוצות צריכה ראשיות וקבוצות משניות",38,מדד המחירים לצרכן,a
130010,מדד המחירים לצרכן - כללי,TRUE,1/16/1983,4/27/2026,"מדד המחירים לצרכן (כולל מע""מ), לפי ענפי משק",39,מדד המחירים לצרכן,a
130015,המדד ללא תוצרת חקלאית,TRUE,1/16/1983,4/27/2026,"מדד המחירים לצרכן (כולל מע""מ), לפי ענפי משק",39,מדד המחירים לצרכן,a
130020,תוצרת חקלאית,TRUE,1/16/1983,4/27/2026,"מדד המחירים לצרכן (כולל מע""מ), לפי ענפי משק",39,מדד המחירים לצרכן,a
130030,"ירקות, פירות וגידולי שדה",TRUE,1/16/1983,4/27/2026,"מדד המחירים לצרכן (כולל מע""מ), לפי ענפי משק",39,מדד המחירים לצרכן,a
130040,דגים ותוצרת בעלי חיים,TRUE,1/16/1983,4/27/2026,"מדד המחירים לצרכן (כולל מע""מ), לפי ענפי משק",39,מדד המחירים לצרכן,a
130050,תוצרת תעשייתית,TRUE,1/16/1983,4/27/2026,"מדד המחירים לצרכן (כולל מע""מ), לפי ענפי משק",39,מדד המחירים לצרכן,a
130060,"מזון, משקאות וטבק",TRUE,1/16/1983,4/27/2026,"מדד המחירים לצרכן (כולל מע""מ), לפי ענפי משק",39,מדד המחירים לצרכן,a
130070,חלב ומוצריו,TRUE,1/16/1983,4/27/2026,"מדד המחירים לצרכן (כולל מע""מ), לפי ענפי משק",39,מדד המחירים לצרכן,a
130080,בשר ודגים משומרים וקפואים,TRUE,1/16/1983,4/27/2026,"מדד המחירים לצרכן (כולל מע""מ), לפי ענפי משק",39,מדד המחירים לצרכן,a
130090,"קמח, לחם, דברי מאפה ומוצרי בצק",TRUE,1/16/1983,4/27/2026,"מדד המחירים לצרכן (כולל מע""מ), לפי ענפי משק",39,מדד המחירים לצרכן,a
130100,בשר ובשר עוף טרי,TRUE,1/16/1983,4/27/2026,"מדד המחירים לצרכן (כולל מע""מ), לפי ענפי משק",39,מדד המחירים לצרכן,a
130110,יתר מזון וטבק,TRUE,1/16/1983,4/27/2026,"מדד המחירים לצרכן (כולל מע""מ), לפי ענפי משק",39,מדד המחירים לצרכן,a
130120,עץ ומוצריו,TRUE,1/16/1983,4/27/2026,"מדד המחירים לצרכן (כולל מע""מ), לפי ענפי משק",39,מדד המחירים לצרכן,a
130130,הלבשה ומוצרי טקסטיל,TRUE,1/16/1983,4/27/2026,"מדד המחירים לצרכן (כולל מע""מ), לפי ענפי משק",39,מדד המחירים לצרכן,a
130140,"הנעלה ומוצרי עור, גומי ופלסטיקה",TRUE,1/16/1983,4/27/2026,"מדד המחירים לצרכן (כולל מע""מ), לפי ענפי משק",39,מדד המחירים לצרכן,a
130150,מוצרים כימיים ומוצרי נפט,TRUE,1/16/1983,4/27/2026,"מדד המחירים לצרכן (כולל מע""מ), לפי ענפי משק",39,מדד המחירים לצרכן,a
130160,"מוצרי מתכת, מכונות, כלי הובלה ומוצרי חשמל",TRUE,1/16/1983,4/27/2026,"מדד המחירים לצרכן (כולל מע""מ), לפי ענפי משק",39,מדד המחירים לצרכן,a
130170,"תעשיות שונות, ל.נ.מ.א.",TRUE,1/16/1983,4/27/2026,"מדד המחירים לצרכן (כולל מע""מ), לפי ענפי משק",39,מדד המחירים לצרכן,a
130180,שירותי בנייה ודיור,TRUE,1/16/1983,4/27/2026,"מדד המחירים לצרכן (כולל מע""מ), לפי ענפי משק",39,מדד המחירים לצרכן,a
130190,חשמל ומים,TRUE,1/16/1983,4/27/2026,"מדד המחירים לצרכן (כולל מע""מ), לפי ענפי משק",39,מדד המחירים לצרכן,a
130200,"תקשורת, נסיעות וכו'",TRUE,1/16/1983,4/27/2026,"מדד המחירים לצרכן (כולל מע""מ), לפי ענפי משק",39,מדד המחירים לצרכן,a
130210,שירותים,TRUE,1/16/1983,4/27/2026,"מדד המחירים לצרכן (כולל מע""מ), לפי ענפי משק",39,מדד המחירים לצרכן,a
130220,מסים וביטוח,TRUE,1/16/1983,4/27/2026,"מדד המחירים לצרכן (כולל מע""מ), לפי ענפי משק",39,מדד המחירים לצרכן,a
130225,שירותים ציבוריים,TRUE,1/16/1983,4/27/2026,"מדד המחירים לצרכן (כולל מע""מ), לפי ענפי משק",39,מדד המחירים לצרכן,a
130230,שירותי חינוך,TRUE,1/16/1983,4/27/2026,"מדד המחירים לצרכן (כולל מע""מ), לפי ענפי משק",39,מדד המחירים לצרכן,a
130240,שירותי בריאות,TRUE,1/16/1983,4/27/2026,"מדד המחירים לצרכן (כולל מע""מ), לפי ענפי משק",39,מדד המחירים לצרכן,a
130245,שירותים אישיים,TRUE,1/16/1983,4/27/2026,"מדד המחירים לצרכן (כולל מע""מ), לפי ענפי משק",39,מדד המחירים לצרכן,a
130250,שירותי בידור,TRUE,1/16/1983,4/27/2026,"מדד המחירים לצרכן (כולל מע""מ), לפי ענפי משק",39,מדד המחירים לצרכן,a
130260,שירותים אחרים,TRUE,1/16/1983,4/27/2026,"מדד המחירים לצרכן (כולל מע""מ), לפי ענפי משק",39,מדד המחירים לצרכן,a
130270,שירותי הארחה,TRUE,1/16/1983,4/27/2026,"מדד המחירים לצרכן (כולל מע""מ), לפי ענפי משק",39,מדד המחירים לצרכן,a
130280,שירותים עסקיים,TRUE,1/16/1983,4/27/2026,"מדד המחירים לצרכן (כולל מע""מ), לפי ענפי משק",39,מדד המחירים לצרכן,a
140010,מזון,FALSE,,,"מדד המחירים לצרכן (כולל מע""מ) של מוצרים ושירותים נבחרים",40,מדד המחירים לצרכן,a
140025,כיכר לחם,TRUE,1/16/1999,4/27/2026,"מדד המחירים לצרכן (כולל מע""מ) של מוצרים ושירותים נבחרים",40,מדד המחירים לצרכן,a
140035,חטיפים מלוחים,TRUE,1/16/1994,4/27/2026,"מדד המחירים לצרכן (כולל מע""מ) של מוצרים ושירותים נבחרים",40,מדד המחירים לצרכן,a
140040,עוגיות וביסקוויטים,TRUE,1/16/1983,4/27/2026,"מדד המחירים לצרכן (כולל מע""מ) של מוצרים ושירותים נבחרים",40,מדד המחירים לצרכן,a
140045,עוגות מוכנות,TRUE,1/16/2022,4/27/2026,"מדד המחירים לצרכן (כולל מע""מ) של מוצרים ושירותים נבחרים",40,מדד המחירים לצרכן,a
140037,קמח לבן,TRUE,1/16/1999,4/27/2026,"מדד המחירים לצרכן (כולל מע""מ) של מוצרים ושירותים נבחרים",40,מדד המחירים לצרכן,a
140050,"אטריות, ספגטי וכדומה",TRUE,1/16/1983,4/27/2026,"מדד המחירים לצרכן (כולל מע""מ) של מוצרים ושירותים נבחרים",40,מדד המחירים לצרכן,a
140060,אורז יבש,TRUE,1/16/1983,4/27/2026,"מדד המחירים לצרכן (כולל מע""מ) של מוצרים ושירותים נבחרים",40,מדד המחירים לצרכן,a
140085,דגני בוקר,TRUE,1/16/2022,4/27/2026,"מדד המחירים לצרכן (כולל מע""מ) של מוצרים ושירותים נבחרים",40,מדד המחירים לצרכן,a
140090,בשר בקר טרי,TRUE,1/16/1983,4/27/2026,"מדד המחירים לצרכן (כולל מע""מ) של מוצרים ושירותים נבחרים",40,מדד המחירים לצרכן,a
140120,עוף טרי,TRUE,1/16/1983,4/27/2026,"מדד המחירים לצרכן (כולל מע""מ) של מוצרים ושירותים נבחרים",40,מדד המחירים לצרכן,a
140123,חזה עוף והודו,TRUE,1/16/2022,4/27/2026,"מדד המחירים לצרכן (כולל מע""מ) של מוצרים ושירותים נבחרים",40,מדד המחירים לצרכן,a
140130,"נקניק, פסטרמה ונקניקיות",TRUE,1/16/1983,4/27/2026,"מדד המחירים לצרכן (כולל מע""מ) של מוצרים ושירותים נבחרים",40,מדד המחירים לצרכן,a
140134,דגים טריים,TRUE,1/16/1999,4/27/2026,"מדד המחירים לצרכן (כולל מע""מ) של מוצרים ושירותים נבחרים",40,מדד המחירים לצרכן,a
140136,דגים קפואים,TRUE,1/16/1999,4/27/2026,"מדד המחירים לצרכן (כולל מע""מ) של מוצרים ושירותים נבחרים",40,מדד המחירים לצרכן,a
140140,שמן,TRUE,1/16/1983,4/27/2026,"מדד המחירים לצרכן (כולל מע""מ) של מוצרים ושירותים נבחרים",40,מדד המחירים לצרכן,a
140146,שמנת חמוצה,TRUE,1/16/1999,4/27/2026,"מדד המחירים לצרכן (כולל מע""מ) של מוצרים ושירותים נבחרים",40,מדד המחירים לצרכן,a
140148,חמאה לסוגיה,TRUE,1/16/1999,4/27/2026,"מדד המחירים לצרכן (כולל מע""מ) של מוצרים ושירותים נבחרים",40,מדד המחירים לצרכן,a
140070,גבינות לבנות למריחה,TRUE,1/16/1983,4/27/2026,"מדד המחירים לצרכן (כולל מע""מ) של מוצרים ושירותים נבחרים",40,מדד המחירים לצרכן,a
140080,גבינה צהובה,TRUE,1/16/1983,4/27/2026,"מדד המחירים לצרכן (כולל מע""מ) של מוצרים ושירותים נבחרים",40,מדד המחירים לצרכן,a
140075,סוכר,TRUE,1/16/1999,4/27/2026,"מדד המחירים לצרכן (כולל מע""מ) של מוצרים ושירותים נבחרים",40,מדד המחירים לצרכן,a
140160,ריבות ומרקחות,TRUE,1/16/1983,4/27/2026,"מדד המחירים לצרכן (כולל מע""מ) של מוצרים ושירותים נבחרים",40,מדד המחירים לצרכן,a
140170,דבש,TRUE,1/16/1983,4/27/2026,"מדד המחירים לצרכן (כולל מע""מ) של מוצרים ושירותים נבחרים",40,מדד המחירים לצרכן,a
140180,סוכריות וממתקים שונים,TRUE,1/16/1983,4/27/2026,"מדד המחירים לצרכן (כולל מע""מ) של מוצרים ושירותים נבחרים",40,מדד המחירים לצרכן,a
140190,שוקולד,TRUE,1/16/1983,4/27/2026,"מדד המחירים לצרכן (כולל מע""מ) של מוצרים ושירותים נבחרים",40,מדד המחירים לצרכן,a
140193,מזון לתינוקות,TRUE,1/16/2022,4/27/2026,"מדד המחירים לצרכן (כולל מע""מ) של מוצרים ושירותים נבחרים",40,מדד המחירים לצרכן,a
140195,משקאות קלים תוססים,TRUE,1/16/1999,4/27/2026,"מדד המחירים לצרכן (כולל מע""מ) של מוצרים ושירותים נבחרים",40,מדד המחירים לצרכן,a
140210,יינות,TRUE,1/16/1983,4/27/2026,"מדד המחירים לצרכן (כולל מע""מ) של מוצרים ושירותים נבחרים",40,מדד המחירים לצרכן,a
140220,בירה לבנה,TRUE,1/16/1983,4/27/2026,"מדד המחירים לצרכן (כולל מע""מ) של מוצרים ושירותים נבחרים",40,מדד המחירים לצרכן,a
140150,קפה שחור,TRUE,1/16/1983,4/27/2026,"מדד המחירים לצרכן (כולל מע""מ) של מוצרים ושירותים נבחרים",40,מדד המחירים לצרכן,a
140235,דיור,FALSE,,,"מדד המחירים לצרכן (כולל מע""מ) של מוצרים ושירותים נבחרים",40,מדד המחירים לצרכן,a
140235,שכר דירה - בדירות עם זכאות לדמי מפתח,TRUE,1/16/1983,4/27/2026,"מדד המחירים לצרכן (כולל מע""מ) של מוצרים ושירותים נבחרים",40,מדד המחירים לצרכן,a
140241,תחזוקת הדירה,FALSE,,,"מדד המחירים לצרכן (כולל מע""מ) של מוצרים ושירותים נבחרים",40,מדד המחירים לצרכן,a
140241,גז בבלונים,TRUE,1/16/1999,4/27/2026,"מדד המחירים לצרכן (כולל מע""מ) של מוצרים ושירותים נבחרים",40,מדד המחירים לצרכן,a
140243,גז מרכזי,TRUE,1/16/1999,4/27/2026,"מדד המחירים לצרכן (כולל מע""מ) של מוצרים ושירותים נבחרים",40,מדד המחירים לצרכן,a
140245,שירותי צביעה וסיוד,TRUE,1/16/1999,4/27/2026,"מדד המחירים לצרכן (כולל מע""מ) של מוצרים ושירותים נבחרים",40,מדד המחירים לצרכן,a
140247,שירותי אינסטלציה,TRUE,1/16/1999,4/27/2026,"מדד המחירים לצרכן (כולל מע""מ) של מוצרים ושירותים נבחרים",40,מדד המחירים לצרכן,a
140249,שירות תיקוני חשמל,TRUE,1/16/1999,4/27/2026,"מדד המחירים לצרכן (כולל מע""מ) של מוצרים ושירותים נבחרים",40,מדד המחירים לצרכן,a
140251,הוצאות זגגות,TRUE,1/16/1999,4/27/2026,"מדד המחירים לצרכן (כולל מע""מ) של מוצרים ושירותים נבחרים",40,מדד המחירים לצרכן,a
140253,אבקות ונוזלי כביסה,TRUE,1/16/1999,4/27/2026,"מדד המחירים לצרכן (כולל מע""מ) של מוצרים ושירותים נבחרים",40,מדד המחירים לצרכן,a
140255,חומרים לניקוי ורחיצת כלים,TRUE,1/16/1999,4/27/2026,"מדד המחירים לצרכן (כולל מע""מ) של מוצרים ושירותים נבחרים",40,מדד המחירים לצרכן,a
140257,מוצרי חיטוי והדברה,TRUE,1/16/1999,4/27/2026,"מדד המחירים לצרכן (כולל מע""מ) של מוצרים ושירותים נבחרים",40,מדד המחירים לצרכן,a
140265,ציוד לבית ולמטבח,FALSE,,,"מדד המחירים לצרכן (כולל מע""מ) של מוצרים ושירותים נבחרים",40,מדד המחירים לצרכן,a
140265,מקרר,TRUE,1/16/1999,4/27/2026,"מדד המחירים לצרכן (כולל מע""מ) של מוצרים ושירותים נבחרים",40,מדד המחירים לצרכן,a
140275,מכונת כביסה ומייבש כביסה,TRUE,1/16/1999,4/27/2026,"מדד המחירים לצרכן (כולל מע""מ) של מוצרים ושירותים נבחרים",40,מדד המחירים לצרכן,a
140280,תנור לבישול ואפייה,TRUE,1/16/1983,4/27/2026,"מדד המחירים לצרכן (כולל מע""מ) של מוצרים ושירותים נבחרים",40,מדד המחירים לצרכן,a
140285,מדיח כלים,TRUE,1/16/1999,4/27/2026,"מדד המחירים לצרכן (כולל מע""מ) של מוצרים ושירותים נבחרים",40,מדד המחירים לצרכן,a
140295,מזגן,TRUE,1/16/1999,4/27/2026,"מדד המחירים לצרכן (כולל מע""מ) של מוצרים ושירותים נבחרים",40,מדד המחירים לצרכן,a
140297,כלים חד-פעמיים,TRUE,1/16/2022,4/27/2026,"מדד המחירים לצרכן (כולל מע""מ) של מוצרים ושירותים נבחרים",40,מדד המחירים לצרכן,a
140320,פרחים וצמחים,TRUE,1/16/1983,4/27/2026,"מדד המחירים לצרכן (כולל מע""מ) של מוצרים ושירותים נבחרים",40,מדד המחירים לצרכן,a
140330,הלבשה לגבר,FALSE,,,"מדד המחירים לצרכן (כולל מע""מ) של מוצרים ושירותים נבחרים",40,מדד המחירים לצרכן,a
140340,מכנסיים,TRUE,1/16/1983,4/27/2026,"מדד המחירים לצרכן (כולל מע""מ) של מוצרים ושירותים נבחרים",40,מדד המחירים לצרכן,a
140355,ז'קט ומעיל,TRUE,1/16/2004,4/27/2026,"מדד המחירים לצרכן (כולל מע""מ) של מוצרים ושירותים נבחרים",40,מדד המחירים לצרכן,a
140370,חולצה,TRUE,1/16/1983,4/27/2026,"מדד המחירים לצרכן (כולל מע""מ) של מוצרים ושירותים נבחרים",40,מדד המחירים לצרכן,a
140380,לבנים,TRUE,1/16/1983,4/27/2026,"מדד המחירים לצרכן (כולל מע""מ) של מוצרים ושירותים נבחרים",40,מדד המחירים לצרכן,a
140390,הלבשה לאישה,FALSE,,,"מדד המחירים לצרכן (כולל מע""מ) של מוצרים ושירותים נבחרים",40,מדד המחירים לצרכן,a
140400,שמלה,TRUE,1/16/1983,4/27/2026,"מדד המחירים לצרכן (כולל מע""מ) של מוצרים ושירותים נבחרים",40,מדד המחירים לצרכן,a
140410,חצאית,TRUE,1/16/1983,4/27/2026,"מדד המחירים לצרכן (כולל מע""מ) של מוצרים ושירותים נבחרים",40,מדד המחירים לצרכן,a
140413,מכנסיים לאישה,TRUE,1/16/2023,4/27/2026,"מדד המחירים לצרכן (כולל מע""מ) של מוצרים ושירותים נבחרים",40,מדד המחירים לצרכן,a
140417,חולצה לאישה,TRUE,1/16/2023,4/27/2026,"מדד המחירים לצרכן (כולל מע""מ) של מוצרים ושירותים נבחרים",40,מדד המחירים לצרכן,a
140420,סוודר ועליונית,TRUE,1/16/1983,4/27/2026,"מדד המחירים לצרכן (כולל מע""מ) של מוצרים ושירותים נבחרים",40,מדד המחירים לצרכן,a
140430,ז'קט ומעיל,TRUE,1/16/1983,4/27/2026,"מדד המחירים לצרכן (כולל מע""מ) של מוצרים ושירותים נבחרים",40,מדד המחירים לצרכן,a
140434,הלבשה תחתונה לאישה,FALSE,,,"מדד המחירים לצרכן (כולל מע""מ) של מוצרים ושירותים נבחרים",40,מדד המחירים לצרכן,a
140435,לבנים,TRUE,1/16/1999,4/27/2026,"מדד המחירים לצרכן (כולל מע""מ) של מוצרים ושירותים נבחרים",40,מדד המחירים לצרכן,a
140436,חזיות,TRUE,1/16/2004,4/27/2026,"מדד המחירים לצרכן (כולל מע""מ) של מוצרים ושירותים נבחרים",40,מדד המחירים לצרכן,a
140440,הלבשה לילד/ה,FALSE,,,"מדד המחירים לצרכן (כולל מע""מ) של מוצרים ושירותים נבחרים",40,מדד המחירים לצרכן,a
140443,מכנסיים,TRUE,1/16/1999,4/27/2026,"מדד המחירים לצרכן (כולל מע""מ) של מוצרים ושירותים נבחרים",40,מדד המחירים לצרכן,a
140446,חולצה,TRUE,1/16/1999,4/27/2026,"מדד המחירים לצרכן (כולל מע""מ) של מוצרים ושירותים נבחרים",40,מדד המחירים לצרכן,a
140470,הנעלה לגבר,FALSE,,,"מדד המחירים לצרכן (כולל מע""מ) של מוצרים ושירותים נבחרים",40,מדד המחירים לצרכן,a
140475,נעליים שלמות וחצאיות,TRUE,1/16/2004,4/27/2026,"מדד המחירים לצרכן (כולל מע""מ) של מוצרים ושירותים נבחרים",40,מדד המחירים לצרכן,a
140478,נעלי התעמלות לגבר,TRUE,1/16/2023,4/27/2026,"מדד המחירים לצרכן (כולל מע""מ) של מוצרים ושירותים נבחרים",40,מדד המחירים לצרכן,a
140480,נעלי בית,TRUE,1/16/1983,4/27/2026,"מדד המחירים לצרכן (כולל מע""מ) של מוצרים ושירותים נבחרים",40,מדד המחירים לצרכן,a
140500,הנעלה לאישה,FALSE,,,"מדד המחירים לצרכן (כולל מע""מ) של מוצרים ושירותים נבחרים",40,מדד המחירים לצרכן,a
140500,נעליים אחרות,TRUE,1/16/1983,4/27/2026,"מדד המחירים לצרכן (כולל מע""מ) של מוצרים ושירותים נבחרים",40,מדד המחירים לצרכן,a
140505,נעלי התעמלות לאישה,TRUE,1/16/2023,4/27/2026,"מדד המחירים לצרכן (כולל מע""מ) של מוצרים ושירותים נבחרים",40,מדד המחירים לצרכן,a
140510,סנדלים,TRUE,1/16/1983,4/27/2026,"מדד המחירים לצרכן (כולל מע""מ) של מוצרים ושירותים נבחרים",40,מדד המחירים לצרכן,a
140520,נעלי בית,TRUE,1/16/1983,4/27/2026,"מדד המחירים לצרכן (כולל מע""מ) של מוצרים ושירותים נבחרים",40,מדד המחירים לצרכן,a
140530,הנעלה לילד/ה,FALSE,,,"מדד המחירים לצרכן (כולל מע""מ) של מוצרים ושירותים נבחרים",40,מדד המחירים לצרכן,a
140535,נעליים שלמות וחצאיות,TRUE,1/16/2004,4/27/2026,"מדד המחירים לצרכן (כולל מע""מ) של מוצרים ושירותים נבחרים",40,מדד המחירים לצרכן,a
140537,נעלי התעמלות לילד/ה,TRUE,1/16/2023,4/27/2026,"מדד המחירים לצרכן (כולל מע""מ) של מוצרים ושירותים נבחרים",40,מדד המחירים לצרכן,a
140550,סנדלים,TRUE,4/16/1983,4/27/2026,"מדד המחירים לצרכן (כולל מע""מ) של מוצרים ושירותים נבחרים",40,מדד המחירים לצרכן,a
140555,בריאות,FALSE,,,"מדד המחירים לצרכן (כולל מע""מ) של מוצרים ושירותים נבחרים",40,מדד המחירים לצרכן,a
140553,טיפולי שיניים,TRUE,1/16/2022,4/27/2026,"מדד המחירים לצרכן (כולל מע""מ) של מוצרים ושירותים נבחרים",40,מדד המחירים לצרכן,a
140556,תרופות ותכשירים ללא מרשם,TRUE,1/16/2008,4/27/2026,"מדד המחירים לצרכן (כולל מע""מ) של מוצרים ושירותים נבחרים",40,מדד המחירים לצרכן,a
140557,תרופות עם מרשם,TRUE,1/16/2008,4/27/2026,"מדד המחירים לצרכן (כולל מע""מ) של מוצרים ושירותים נבחרים",40,מדד המחירים לצרכן,a
140560,חינוך,FALSE,,,"מדד המחירים לצרכן (כולל מע""מ) של מוצרים ושירותים נבחרים",40,מדד המחירים לצרכן,a
140585,כלי כתיבה וציוד משרדי,TRUE,1/16/2024,4/27/2026,"מדד המחירים לצרכן (כולל מע""מ) של מוצרים ושירותים נבחרים",40,מדד המחירים לצרכן,a
140590,תרבות ובידור,FALSE,,,"מדד המחירים לצרכן (כולל מע""מ) של מוצרים ושירותים נבחרים",40,מדד המחירים לצרכן,a
140621,"מנוי למועדוני ספורט, שיעורי סטודיו וקבוצות כושר",TRUE,1/16/2008,4/27/2026,"מדד המחירים לצרכן (כולל מע""מ) של מוצרים ושירותים נבחרים",40,מדד המחירים לצרכן,a
140622,כרטיס כניסה לקולנוע,TRUE,1/16/1983,4/27/2026,"מדד המחירים לצרכן (כולל מע""מ) של מוצרים ושירותים נבחרים",40,מדד המחירים לצרכן,a
140623,ציוד ואביזרי ספורט,TRUE,1/16/2009,4/27/2026,"מדד המחירים לצרכן (כולל מע""מ) של מוצרים ושירותים נבחרים",40,מדד המחירים לצרכן,a
140625,מלונות ובתי הארחה,TRUE,1/16/1993,4/27/2026,"מדד המחירים לצרכן (כולל מע""מ) של מוצרים ושירותים נבחרים",40,מדד המחירים לצרכן,a
140640,תחבורה,FALSE,,,"מדד המחירים לצרכן (כולל מע""מ) של מוצרים ושירותים נבחרים",40,מדד המחירים לצרכן,a
140665,נסיעה באוטובוס,TRUE,1/16/1985,4/27/2026,"מדד המחירים לצרכן (כולל מע""מ) של מוצרים ושירותים נבחרים",40,מדד המחירים לצרכן,a
140675,נסיעה במונית,TRUE,1/16/1985,4/27/2026,"מדד המחירים לצרכן (כולל מע""מ) של מוצרים ושירותים נבחרים",40,מדד המחירים לצרכן,a
140680,נסיעה ברכבת,TRUE,1/16/1983,4/27/2026,"מדד המחירים לצרכן (כולל מע""מ) של מוצרים ושירותים נבחרים",40,מדד המחירים לצרכן,a
140685,"נסיעה לחו""ל",TRUE,1/16/2017,4/27/2026,"מדד המחירים לצרכן (כולל מע""מ) של מוצרים ושירותים נבחרים",40,מדד המחירים לצרכן,a
140704,מכוניות חדשות (2),TRUE,1/16/2022,4/27/2026,"מדד המחירים לצרכן (כולל מע""מ) של מוצרים ושירותים נבחרים",40,מדד המחירים לצרכן,a
140705,מכוניות משומשות (2),TRUE,1/16/2022,4/27/2026,"מדד המחירים לצרכן (כולל מע""מ) של מוצרים ושירותים נבחרים",40,מדד המחירים לצרכן,a
140707,אופניים ואחזקתם,TRUE,1/16/1999,4/27/2026,"מדד המחירים לצרכן (כולל מע""מ) של מוצרים ושירותים נבחרים",40,מדד המחירים לצרכן,a
140710,רישיונות ואגרות,TRUE,1/16/1983,4/27/2026,"מדד המחירים לצרכן (כולל מע""מ) של מוצרים ושירותים נבחרים",40,מדד המחירים לצרכן,a
140720,ביטוח רכב,TRUE,1/16/1983,4/27/2026,"מדד המחירים לצרכן (כולל מע""מ) של מוצרים ושירותים נבחרים",40,מדד המחירים לצרכן,a
140690,"דלק, הטענה ושמנים לכלי רכב",TRUE,1/16/1983,4/27/2026,"מדד המחירים לצרכן (כולל מע""מ) של מוצרים ושירותים נבחרים",40,מדד המחירים לצרכן,a
140725,תיקונים וחלפים לרכב,TRUE,1/16/1999,4/27/2026,"מדד המחירים לצרכן (כולל מע""מ) של מוצרים ושירותים נבחרים",40,מדד המחירים לצרכן,a
140727,אבזור וטיפוח הרכב,TRUE,8/16/2000,4/27/2026,"מדד המחירים לצרכן (כולל מע""מ) של מוצרים ושירותים נבחרים",40,מדד המחירים לצרכן,a
140735,שיעורי נהיגה,TRUE,1/16/2022,4/27/2026,"מדד המחירים לצרכן (כולל מע""מ) של מוצרים ושירותים נבחרים",40,מדד המחירים לצרכן,a
140737,תקשורת,FALSE,,,"מדד המחירים לצרכן (כולל מע""מ) של מוצרים ושירותים נבחרים",40,מדד המחירים לצרכן,a
140645,מוצרים ותיקונים לטלפון,TRUE,1/16/2022,4/27/2026,"מדד המחירים לצרכן (כולל מע""מ) של מוצרים ושירותים נבחרים",40,מדד המחירים לצרכן,a
140635,שירותי טלוויזיה רב-ערוצית (3),TRUE,1/16/1994,4/27/2026,"מדד המחירים לצרכן (כולל מע""מ) של מוצרים ושירותים נבחרים",40,מדד המחירים לצרכן,a
140637,מנוי לשירותי האינטרנט הביתי,TRUE,1/16/1999,4/27/2026,"מדד המחירים לצרכן (כולל מע""מ) של מוצרים ושירותים נבחרים",40,מדד המחירים לצרכן,a
140740,שונות,FALSE,,,"מדד המחירים לצרכן (כולל מע""מ) של מוצרים ושירותים נבחרים",40,מדד המחירים לצרכן,a
140740,טיפולי שיער ותספורת,TRUE,1/16/1983,4/27/2026,"מדד המחירים לצרכן (כולל מע""מ) של מוצרים ושירותים נבחרים",40,מדד המחירים לצרכן,a
140743,מוצרי טואלטיקה ורחצה,TRUE,1/16/2009,4/27/2026,"מדד המחירים לצרכן (כולל מע""מ) של מוצרים ושירותים נבחרים",40,מדד המחירים לצרכן,a
140780,שירותי בנק,TRUE,1/16/1994,4/27/2026,"מדד המחירים לצרכן (כולל מע""מ) של מוצרים ושירותים נבחרים",40,מדד המחירים לצרכן,a
140755,תכשיטים,TRUE,1/16/2022,4/27/2026,"מדד המחירים לצרכן (כולל מע""מ) של מוצרים ושירותים נבחרים",40,מדד המחירים לצרכן,a
140770,שעוני יד,TRUE,1/16/1983,4/27/2026,"מדד המחירים לצרכן (כולל מע""מ) של מוצרים ושירותים נבחרים",40,מדד המחירים לצרכן,a
140800,מדדים אחרים,FALSE,,,"מדד המחירים לצרכן (כולל מע""מ) של מוצרים ושירותים נבחרים",40,מדד המחירים לצרכן,a
140800,מדד מחירים לשירותי הסעדה לארגונים (ללא שכר עבודה) (5),TRUE,1/16/2025,4/27/2026,"מדד המחירים לצרכן (כולל מע""מ) של מוצרים ושירותים נבחרים",40,מדד המחירים לצרכן,a
150010,ירקות טריים,FALSE,,,"מדד המחירים לצרכן של ירקות ופירות נבחרים (אין מע""מ, מלבד שימורי ירקות ואחר)",41,מדד המחירים לצרכן,a
150119,תפוחי אדמה,TRUE,1/16/2024,4/27/2026,"מדד המחירים לצרכן של ירקות ופירות נבחרים (אין מע""מ, מלבד שימורי ירקות ואחר)",41,מדד המחירים לצרכן,a
150050,עגבניות,TRUE,1/16/1983,4/27/2026,"מדד המחירים לצרכן של ירקות ופירות נבחרים (אין מע""מ, מלבד שימורי ירקות ואחר)",41,מדד המחירים לצרכן,a
150060,מלפפונים,TRUE,1/16/1983,4/27/2026,"מדד המחירים לצרכן של ירקות ופירות נבחרים (אין מע""מ, מלבד שימורי ירקות ואחר)",41,מדד המחירים לצרכן,a
150035,בצל יבש וירוק,TRUE,1/16/2007,4/27/2026,"מדד המחירים לצרכן של ירקות ופירות נבחרים (אין מע""מ, מלבד שימורי ירקות ואחר)",41,מדד המחירים לצרכן,a
150040,פלפלים,TRUE,1/16/1983,4/27/2026,"מדד המחירים לצרכן של ירקות ופירות נבחרים (אין מע""מ, מלבד שימורי ירקות ואחר)",41,מדד המחירים לצרכן,a
150110,קישואים,TRUE,1/16/1983,4/27/2026,"מדד המחירים לצרכן של ירקות ופירות נבחרים (אין מע""מ, מלבד שימורי ירקות ואחר)",41,מדד המחירים לצרכן,a
150020,גזר,TRUE,1/16/1983,4/27/2026,"מדד המחירים לצרכן של ירקות ופירות נבחרים (אין מע""מ, מלבד שימורי ירקות ואחר)",41,מדד המחירים לצרכן,a
150010,שעועית,TRUE,4/16/1983,4/27/2026,"מדד המחירים לצרכן של ירקות ופירות נבחרים (אין מע""מ, מלבד שימורי ירקות ואחר)",41,מדד המחירים לצרכן,a
150070,חסה,TRUE,1/16/1983,4/27/2026,"מדד המחירים לצרכן של ירקות ופירות נבחרים (אין מע""מ, מלבד שימורי ירקות ואחר)",41,מדד המחירים לצרכן,a
150100,חצילים,TRUE,1/16/1983,4/27/2026,"מדד המחירים לצרכן של ירקות ופירות נבחרים (אין מע""מ, מלבד שימורי ירקות ואחר)",41,מדד המחירים לצרכן,a
150080,כרוב,TRUE,1/16/1983,4/27/2026,"מדד המחירים לצרכן של ירקות ופירות נבחרים (אין מע""מ, מלבד שימורי ירקות ואחר)",41,מדד המחירים לצרכן,a
150090,כרובית,TRUE,1/16/1983,4/27/2026,"מדד המחירים לצרכן של ירקות ופירות נבחרים (אין מע""מ, מלבד שימורי ירקות ואחר)",41,מדד המחירים לצרכן,a
150130,פירות טריים,FALSE,,,"מדד המחירים לצרכן של ירקות ופירות נבחרים (אין מע""מ, מלבד שימורי ירקות ואחר)",41,מדד המחירים לצרכן,a
150210,תפוח עץ,TRUE,1/16/1983,4/27/2026,"מדד המחירים לצרכן של ירקות ופירות נבחרים (אין מע""מ, מלבד שימורי ירקות ואחר)",41,מדד המחירים לצרכן,a
150170,בננות,TRUE,1/16/1983,4/27/2026,"מדד המחירים לצרכן של ירקות ופירות נבחרים (אין מע""מ, מלבד שימורי ירקות ואחר)",41,מדד המחירים לצרכן,a
150130,תפוזים,TRUE,1/16/1983,4/27/2026,"מדד המחירים לצרכן של ירקות ופירות נבחרים (אין מע""מ, מלבד שימורי ירקות ואחר)",41,מדד המחירים לצרכן,a
150145,קלמנטינות,TRUE,1/16/2005,4/27/2026,"מדד המחירים לצרכן של ירקות ופירות נבחרים (אין מע""מ, מלבד שימורי ירקות ואחר)",41,מדד המחירים לצרכן,a
150150,אשכוליות,TRUE,1/16/1983,4/27/2026,"מדד המחירים לצרכן של ירקות ופירות נבחרים (אין מע""מ, מלבד שימורי ירקות ואחר)",41,מדד המחירים לצרכן,a
150160,לימונים,TRUE,1/16/1983,4/27/2026,"מדד המחירים לצרכן של ירקות ופירות נבחרים (אין מע""מ, מלבד שימורי ירקות ואחר)",41,מדד המחירים לצרכן,a
150250,ענבים,TRUE,6/16/1983,4/27/2026,"מדד המחירים לצרכן של ירקות ופירות נבחרים (אין מע""מ, מלבד שימורי ירקות ואחר)",41,מדד המחירים לצרכן,a
150200,אבטיחים,TRUE,5/16/1983,4/27/2026,"מדד המחירים לצרכן של ירקות ופירות נבחרים (אין מע""מ, מלבד שימורי ירקות ואחר)",41,מדד המחירים לצרכן,a
150190,מלונים,TRUE,5/16/1983,4/27/2026,"מדד המחירים לצרכן של ירקות ופירות נבחרים (אין מע""מ, מלבד שימורי ירקות ואחר)",41,מדד המחירים לצרכן,a
150230,אפרסקים,TRUE,5/16/1983,4/27/2026,"מדד המחירים לצרכן של ירקות ופירות נבחרים (אין מע""מ, מלבד שימורי ירקות ואחר)",41,מדד המחירים לצרכן,a
150240,שזיפים,TRUE,6/16/1983,4/27/2026,"מדד המחירים לצרכן של ירקות ופירות נבחרים (אין מע""מ, מלבד שימורי ירקות ואחר)",41,מדד המחירים לצרכן,a
150220,אגסים,TRUE,1/16/1983,4/27/2026,"מדד המחירים לצרכן של ירקות ופירות נבחרים (אין מע""מ, מלבד שימורי ירקות ואחר)",41,מדד המחירים לצרכן,a
150260,אבוקדו,TRUE,1/16/1983,4/27/2026,"מדד המחירים לצרכן של ירקות ופירות נבחרים (אין מע""מ, מלבד שימורי ירקות ואחר)",41,מדד המחירים לצרכן,a
150265,"פירות אחרים (משמש, אפרסמון, מנגו)",TRUE,1/16/1988,4/27/2026,"מדד המחירים לצרכן של ירקות ופירות נבחרים (אין מע""מ, מלבד שימורי ירקות ואחר)",41,מדד המחירים לצרכן,a
150270,שימורי ירקות,FALSE,,,"מדד המחירים לצרכן של ירקות ופירות נבחרים (אין מע""מ, מלבד שימורי ירקות ואחר)",41,מדד המחירים לצרכן,a
150280,רסק ושימורי עגבניות,TRUE,1/16/1983,4/27/2026,"מדד המחירים לצרכן של ירקות ופירות נבחרים (אין מע""מ, מלבד שימורי ירקות ואחר)",41,מדד המחירים לצרכן,a
150270,מלפפונים כבושים,TRUE,1/16/1983,4/27/2026,"מדד המחירים לצרכן של ירקות ופירות נבחרים (אין מע""מ, מלבד שימורי ירקות ואחר)",41,מדד המחירים לצרכן,a
150310,זיתים,TRUE,1/16/1983,4/27/2026,"מדד המחירים לצרכן של ירקות ופירות נבחרים (אין מע""מ, מלבד שימורי ירקות ואחר)",41,מדד המחירים לצרכן,a
150320,אחר,FALSE,,,"מדד המחירים לצרכן של ירקות ופירות נבחרים (אין מע""מ, מלבד שימורי ירקות ואחר)",41,מדד המחירים לצרכן,a
150330,גרעינים לפיצוח,TRUE,1/16/1983,4/27/2026,"מדד המחירים לצרכן של ירקות ופירות נבחרים (אין מע""מ, מלבד שימורי ירקות ואחר)",41,מדד המחירים לצרכן,a
150320,בוטנים,TRUE,1/16/1983,4/27/2026,"מדד המחירים לצרכן של ירקות ופירות נבחרים (אין מע""מ, מלבד שימורי ירקות ואחר)",41,מדד המחירים לצרכן,a
150340,אגוזים ופיסטוקים,TRUE,1/16/1992,4/27/2026,"מדד המחירים לצרכן של ירקות ופירות נבחרים (אין מע""מ, מלבד שימורי ירקות ואחר)",41,מדד המחירים לצרכן,a
150350,שקדים,TRUE,1/16/1992,4/27/2026,"מדד המחירים לצרכן של ירקות ופירות נבחרים (אין מע""מ, מלבד שימורי ירקות ואחר)",41,מדד המחירים לצרכן,a
150370,פירות יבשים,TRUE,1/16/1992,4/27/2026,"מדד המחירים לצרכן של ירקות ופירות נבחרים (אין מע""מ, מלבד שימורי ירקות ואחר)",41,מדד המחירים לצרכן,a
40010,מחירי דירות,TRUE,1/16/1994,4/27/2026,מדד מחירי דירות,45,מדד ומחירים ממוצעים משוק הדירות,aa
60000,ירושלים,TRUE,10/16/2017,4/27/2026,מדד מחירי דירות לפי מחוזות,166,מדד ומחירים ממוצעים משוק הדירות,aa
60100,צפון,TRUE,10/16/2017,4/27/2026,מדד מחירי דירות לפי מחוזות,166,מדד ומחירים ממוצעים משוק הדירות,aa
60200,חיפה,TRUE,10/16/2017,4/27/2026,מדד מחירי דירות לפי מחוזות,166,מדד ומחירים ממוצעים משוק הדירות,aa
60300,מרכז,TRUE,10/16/2017,4/27/2026,מדד מחירי דירות לפי מחוזות,166,מדד ומחירים ממוצעים משוק הדירות,aa
60400,תל אביב,TRUE,10/16/2017,4/27/2026,מדד מחירי דירות לפי מחוזות,166,מדד ומחירים ממוצעים משוק הדירות,aa
60500,דרום,TRUE,10/16/2017,4/27/2026,מדד מחירי דירות לפי מחוזות,166,מדד ומחירים ממוצעים משוק הדירות,aa
70000,מדד מחירי דירות חדשות,TRUE,10/16/2017,4/27/2026,מדד מחירי דירות חדשות,167,מדד ומחירים ממוצעים משוק הדירות,aa
170010,"B,C מדד מחירי תפוקת התעשייה וכרייה וחציבה",TRUE,1/16/1995,4/27/2026,"מדד המחירים הסיטוניים של תפוקת התעשייה ליעדים מקומיים (כולל מע""מ), לפי ענף ראשי מקובץ, במתכונת ""הסיווג האחיד של ענפי הכלכלה - 2011""",46,מדד מחירי יצרן - תפוקת התעשייה ליעדים מקומיים,b
170020,מדד מחירי תפוקת התעשייה וכרייה וחציבה (ללא דלקים),TRUE,1/16/1978,4/27/2026,"מדד המחירים הסיטוניים של תפוקת התעשייה ליעדים מקומיים (כולל מע""מ), לפי ענף ראשי מקובץ, במתכונת ""הסיווג האחיד של ענפי הכלכלה - 2011""",46,מדד מחירי יצרן - תפוקת התעשייה ליעדים מקומיים,b
180010,B כרייה וחציבה,TRUE,1/16/1983,4/27/2026,"מדד המחירים הסיטוניים של תפוקת התעשייה ליעדים מקומיים (כולל מע""מ), לפי ענף ראשי מקובץ, במתכונת ""הסיווג האחיד של ענפי הכלכלה - 2011""",46,מדד מחירי יצרן - תפוקת התעשייה ליעדים מקומיים,b
180015,הפקת נפט גולמי וגז טבעי ופעילויות עזר לכרייה וחציבה,TRUE,1/16/2013,4/27/2026,"מדד המחירים הסיטוניים של תפוקת התעשייה ליעדים מקומיים (כולל מע""מ), לפי ענף ראשי מקובץ, במתכונת ""הסיווג האחיד של ענפי הכלכלה - 2011""",46,מדד מחירי יצרן - תפוקת התעשייה ליעדים מקומיים,b
180025,סוגים אחרים של כרייה וחציבה,TRUE,1/16/2013,4/27/2026,"מדד המחירים הסיטוניים של תפוקת התעשייה ליעדים מקומיים (כולל מע""מ), לפי ענף ראשי מקובץ, במתכונת ""הסיווג האחיד של ענפי הכלכלה - 2011""",46,מדד מחירי יצרן - תפוקת התעשייה ליעדים מקומיים,b
170030,C   מדד מחירי תפוקת התעשייה,TRUE,1/16/2013,4/27/2026,"מדד המחירים הסיטוניים של תפוקת התעשייה ליעדים מקומיים (כולל מע""מ), לפי ענף ראשי מקובץ, במתכונת ""הסיווג האחיד של ענפי הכלכלה - 2011""",46,מדד מחירי יצרן - תפוקת התעשייה ליעדים מקומיים,b
170050,מדד מחירי תפוקת התעשייה (ללא דלקים),TRUE,1/16/2013,4/27/2026,"מדד המחירים הסיטוניים של תפוקת התעשייה ליעדים מקומיים (כולל מע""מ), לפי ענף ראשי מקובץ, במתכונת ""הסיווג האחיד של ענפי הכלכלה - 2011""",46,מדד מחירי יצרן - תפוקת התעשייה ליעדים מקומיים,b
180070,ייצור מוצרי מזון,TRUE,1/16/1995,4/27/2026,"מדד המחירים הסיטוניים של תפוקת התעשייה ליעדים מקומיים (כולל מע""מ), לפי ענף ראשי מקובץ, במתכונת ""הסיווג האחיד של ענפי הכלכלה - 2011""",46,מדד מחירי יצרן - תפוקת התעשייה ליעדים מקומיים,b
180235,ייצור משקאות,TRUE,1/16/2013,4/27/2026,"מדד המחירים הסיטוניים של תפוקת התעשייה ליעדים מקומיים (כולל מע""מ), לפי ענף ראשי מקובץ, במתכונת ""הסיווג האחיד של ענפי הכלכלה - 2011""",46,מדד מחירי יצרן - תפוקת התעשייה ליעדים מקומיים,b
180260,ייצור מוצרי טבק,TRUE,1/16/1983,4/27/2026,"מדד המחירים הסיטוניים של תפוקת התעשייה ליעדים מקומיים (כולל מע""מ), לפי ענף ראשי מקובץ, במתכונת ""הסיווג האחיד של ענפי הכלכלה - 2011""",46,מדד מחירי יצרן - תפוקת התעשייה ליעדים מקומיים,b
180280,ייצור  טקסטיל,TRUE,1/16/1995,4/27/2026,"מדד המחירים הסיטוניים של תפוקת התעשייה ליעדים מקומיים (כולל מע""מ), לפי ענף ראשי מקובץ, במתכונת ""הסיווג האחיד של ענפי הכלכלה - 2011""",46,מדד מחירי יצרן - תפוקת התעשייה ליעדים מקומיים,b
180370,ייצור מוצרי הלבשה,TRUE,1/16/1995,4/27/2026,"מדד המחירים הסיטוניים של תפוקת התעשייה ליעדים מקומיים (כולל מע""מ), לפי ענף ראשי מקובץ, במתכונת ""הסיווג האחיד של ענפי הכלכלה - 2011""",46,מדד מחירי יצרן - תפוקת התעשייה ליעדים מקומיים,b
180420,ייצור ועיבוד של מוצרי עור ואביזרים נילווים,TRUE,1/16/1995,4/27/2026,"מדד המחירים הסיטוניים של תפוקת התעשייה ליעדים מקומיים (כולל מע""מ), לפי ענף ראשי מקובץ, במתכונת ""הסיווג האחיד של ענפי הכלכלה - 2011""",46,מדד מחירי יצרן - תפוקת התעשייה ליעדים מקומיים,b
180475,"ייצור מוצרי עץ, פרט לרהיטים",TRUE,1/16/2013,4/27/2026,"מדד המחירים הסיטוניים של תפוקת התעשייה ליעדים מקומיים (כולל מע""מ), לפי ענף ראשי מקובץ, במתכונת ""הסיווג האחיד של ענפי הכלכלה - 2011""",46,מדד מחירי יצרן - תפוקת התעשייה ליעדים מקומיים,b
180510,ייצור נייר ומוצריו,TRUE,1/16/1983,4/27/2026,"מדד המחירים הסיטוניים של תפוקת התעשייה ליעדים מקומיים (כולל מע""מ), לפי ענף ראשי מקובץ, במתכונת ""הסיווג האחיד של ענפי הכלכלה - 2011""",46,מדד מחירי יצרן - תפוקת התעשייה ליעדים מקומיים,b
180575,הדפסה,TRUE,1/16/2013,4/27/2026,"מדד המחירים הסיטוניים של תפוקת התעשייה ליעדים מקומיים (כולל מע""מ), לפי ענף ראשי מקובץ, במתכונת ""הסיווג האחיד של ענפי הכלכלה - 2011""",46,מדד מחירי יצרן - תפוקת התעשייה ליעדים מקומיים,b
180610,ייצור מוצרי נפט מזוקק,TRUE,1/16/1995,4/27/2026,"מדד המחירים הסיטוניים של תפוקת התעשייה ליעדים מקומיים (כולל מע""מ), לפי ענף ראשי מקובץ, במתכונת ""הסיווג האחיד של ענפי הכלכלה - 2011""",46,מדד מחירי יצרן - תפוקת התעשייה ליעדים מקומיים,b
180625,ייצור כימיקלים ומוצריהם,TRUE,1/16/2013,4/27/2026,"מדד המחירים הסיטוניים של תפוקת התעשייה ליעדים מקומיים (כולל מע""מ), לפי ענף ראשי מקובץ, במתכונת ""הסיווג האחיד של ענפי הכלכלה - 2011""",46,מדד מחירי יצרן - תפוקת התעשייה ליעדים מקומיים,b
180680,ייצור תרופות לבני אדם ולשימוש וטרינרי,TRUE,1/16/1983,4/27/2026,"מדד המחירים הסיטוניים של תפוקת התעשייה ליעדים מקומיים (כולל מע""מ), לפי ענף ראשי מקובץ, במתכונת ""הסיווג האחיד של ענפי הכלכלה - 2011""",46,מדד מחירי יצרן - תפוקת התעשייה ליעדים מקומיים,b
180720,ייצור מוצרי גומי ופלסטיק,TRUE,1/16/1995,4/27/2026,"מדד המחירים הסיטוניים של תפוקת התעשייה ליעדים מקומיים (כולל מע""מ), לפי ענף ראשי מקובץ, במתכונת ""הסיווג האחיד של ענפי הכלכלה - 2011""",46,מדד מחירי יצרן - תפוקת התעשייה ליעדים מקומיים,b
180810,ייצור מוצרים על בסיס מינרלים אל-מתכתיים,TRUE,1/16/1983,4/27/2026,"מדד המחירים הסיטוניים של תפוקת התעשייה ליעדים מקומיים (כולל מע""מ), לפי ענף ראשי מקובץ, במתכונת ""הסיווג האחיד של ענפי הכלכלה - 2011""",46,מדד מחירי יצרן - תפוקת התעשייה ליעדים מקומיים,b
180880,תעשיית מתכות בסיסיות,TRUE,1/16/1983,4/27/2026,"מדד המחירים הסיטוניים של תפוקת התעשייה ליעדים מקומיים (כולל מע""מ), לפי ענף ראשי מקובץ, במתכונת ""הסיווג האחיד של ענפי הכלכלה - 2011""",46,מדד מחירי יצרן - תפוקת התעשייה ליעדים מקומיים,b
180940,ייצור מוצרי מתכת,TRUE,1/16/1995,4/27/2026,"מדד המחירים הסיטוניים של תפוקת התעשייה ליעדים מקומיים (כולל מע""מ), לפי ענף ראשי מקובץ, במתכונת ""הסיווג האחיד של ענפי הכלכלה - 2011""",46,מדד מחירי יצרן - תפוקת התעשייה ליעדים מקומיים,b
181153,"ייצור מחשבים, מכשור אלקטרוני ואופטי",TRUE,1/16/2013,4/27/2026,"מדד המחירים הסיטוניים של תפוקת התעשייה ליעדים מקומיים (כולל מע""מ), לפי ענף ראשי מקובץ, במתכונת ""הסיווג האחיד של ענפי הכלכלה - 2011""",46,מדד מחירי יצרן - תפוקת התעשייה ליעדים מקומיים,b
181090,ייצור ציוד חשמלי,TRUE,1/16/1995,4/27/2026,"מדד המחירים הסיטוניים של תפוקת התעשייה ליעדים מקומיים (כולל מע""מ), לפי ענף ראשי מקובץ, במתכונת ""הסיווג האחיד של ענפי הכלכלה - 2011""",46,מדד מחירי יצרן - תפוקת התעשייה ליעדים מקומיים,b
181030,ייצור מכונות וציוד,TRUE,1/16/1995,4/27/2026,"מדד המחירים הסיטוניים של תפוקת התעשייה ליעדים מקומיים (כולל מע""מ), לפי ענף ראשי מקובץ, במתכונת ""הסיווג האחיד של ענפי הכלכלה - 2011""",46,מדד מחירי יצרן - תפוקת התעשייה ליעדים מקומיים,b
181460,ייצור כלי רכב מנועיים ונגררים,TRUE,1/16/2013,4/27/2026,"מדד המחירים הסיטוניים של תפוקת התעשייה ליעדים מקומיים (כולל מע""מ), לפי ענף ראשי מקובץ, במתכונת ""הסיווג האחיד של ענפי הכלכלה - 2011""",46,מדד מחירי יצרן - תפוקת התעשייה ליעדים מקומיים,b
181500,ייצור כלי תחבורה והובלה אחרים,TRUE,1/16/2013,4/27/2026,"מדד המחירים הסיטוניים של תפוקת התעשייה ליעדים מקומיים (כולל מע""מ), לפי ענף ראשי מקובץ, במתכונת ""הסיווג האחיד של ענפי הכלכלה - 2011""",46,מדד מחירי יצרן - תפוקת התעשייה ליעדים מקומיים,b
181530,ייצור רהיטים,TRUE,1/16/2013,4/27/2026,"מדד המחירים הסיטוניים של תפוקת התעשייה ליעדים מקומיים (כולל מע""מ), לפי ענף ראשי מקובץ, במתכונת ""הסיווג האחיד של ענפי הכלכלה - 2011""",46,מדד מחירי יצרן - תפוקת התעשייה ליעדים מקומיים,b
181550,ענפי ייצור אחרים,TRUE,1/16/2013,4/27/2026,"מדד המחירים הסיטוניים של תפוקת התעשייה ליעדים מקומיים (כולל מע""מ), לפי ענף ראשי מקובץ, במתכונת ""הסיווג האחיד של ענפי הכלכלה - 2011""",46,מדד מחירי יצרן - תפוקת התעשייה ליעדים מקומיים,b
181630,"תיקון, תחזוקה והתקנה של מכונות וציוד",TRUE,1/16/2013,4/27/2026,"מדד המחירים הסיטוניים של תפוקת התעשייה ליעדים מקומיים (כולל מע""מ), לפי ענף ראשי מקובץ, במתכונת ""הסיווג האחיד של ענפי הכלכלה - 2011""",46,מדד מחירי יצרן - תפוקת התעשייה ליעדים מקומיים,b
180010,B כרייה וחציבה,TRUE,1/16/1983,4/27/2026,"מדד המחירים הסיטוניים של תפוקת התעשייה ליעדים מקומיים (כולל מע""מ), לפי ענף ראשי מקובץ וענפי משנה מקובצים, במתכונת ""הסיווג האחיד של ענפי הכלכלה - 2011""",47,מדד מחירי יצרן - תפוקת התעשייה ליעדים מקומיים,b
180015,הפקת נפט גולמי וגז טבעי ופעילויות עזר לכרייה וחציבה,TRUE,1/16/2013,4/27/2026,"מדד המחירים הסיטוניים של תפוקת התעשייה ליעדים מקומיים (כולל מע""מ), לפי ענף ראשי מקובץ וענפי משנה מקובצים, במתכונת ""הסיווג האחיד של ענפי הכלכלה - 2011""",47,מדד מחירי יצרן - תפוקת התעשייה ליעדים מקומיים,b
180025,סוגים אחרים של כרייה וחציבה,TRUE,1/16/2013,4/27/2026,"מדד המחירים הסיטוניים של תפוקת התעשייה ליעדים מקומיים (כולל מע""מ), לפי ענף ראשי מקובץ וענפי משנה מקובצים, במתכונת ""הסיווג האחיד של ענפי הכלכלה - 2011""",47,מדד מחירי יצרן - תפוקת התעשייה ליעדים מקומיים,b
180030,"חציבת אבן, חול וחומר",TRUE,1/16/1983,4/27/2026,"מדד המחירים הסיטוניים של תפוקת התעשייה ליעדים מקומיים (כולל מע""מ), לפי ענף ראשי מקובץ וענפי משנה מקובצים, במתכונת ""הסיווג האחיד של ענפי הכלכלה - 2011""",47,מדד מחירי יצרן - תפוקת התעשייה ליעדים מקומיים,b
180045,הפקת מלחים,TRUE,1/16/2013,4/27/2026,"מדד המחירים הסיטוניים של תפוקת התעשייה ליעדים מקומיים (כולל מע""מ), לפי ענף ראשי מקובץ וענפי משנה מקובצים, במתכונת ""הסיווג האחיד של ענפי הכלכלה - 2011""",47,מדד מחירי יצרן - תפוקת התעשייה ליעדים מקומיים,b
180050,"כריית מינרלים לכימיקלים ודשנים, סוגים אחרים  של כרייה וחציבה לנמ""א",TRUE,1/16/1995,4/27/2026,"מדד המחירים הסיטוניים של תפוקת התעשייה ליעדים מקומיים (כולל מע""מ), לפי ענף ראשי מקובץ וענפי משנה מקובצים, במתכונת ""הסיווג האחיד של ענפי הכלכלה - 2011""",47,מדד מחירי יצרן - תפוקת התעשייה ליעדים מקומיים,b
170030,C   מדד מחירי תפוקת התעשייה,TRUE,1/16/2013,4/27/2026,"מדד המחירים הסיטוניים של תפוקת התעשייה ליעדים מקומיים (כולל מע""מ), לפי ענף ראשי מקובץ וענפי משנה מקובצים, במתכונת ""הסיווג האחיד של ענפי הכלכלה - 2011""",47,מדד מחירי יצרן - תפוקת התעשייה ליעדים מקומיים,b
180070,ייצור מוצרי מזון,TRUE,1/16/1995,4/27/2026,"מדד המחירים הסיטוניים של תפוקת התעשייה ליעדים מקומיים (כולל מע""מ), לפי ענף ראשי מקובץ וענפי משנה מקובצים, במתכונת ""הסיווג האחיד של ענפי הכלכלה - 2011""",47,מדד מחירי יצרן - תפוקת התעשייה ליעדים מקומיים,b
180073,עיבוד ושימור בשר,TRUE,1/16/2013,4/27/2026,"מדד המחירים הסיטוניים של תפוקת התעשייה ליעדים מקומיים (כולל מע""מ), לפי ענף ראשי מקובץ וענפי משנה מקובצים, במתכונת ""הסיווג האחיד של ענפי הכלכלה - 2011""",47,מדד מחירי יצרן - תפוקת התעשייה ליעדים מקומיים,b
180077,משחטות ובתי מטבחיים,TRUE,1/16/2013,4/27/2026,"מדד המחירים הסיטוניים של תפוקת התעשייה ליעדים מקומיים (כולל מע""מ), לפי ענף ראשי מקובץ וענפי משנה מקובצים, במתכונת ""הסיווג האחיד של ענפי הכלכלה - 2011""",47,מדד מחירי יצרן - תפוקת התעשייה ליעדים מקומיים,b
180100,"עיבוד דגים, סרטנים ורכיכות ושימורם",TRUE,1/16/1983,4/27/2026,"מדד המחירים הסיטוניים של תפוקת התעשייה ליעדים מקומיים (כולל מע""מ), לפי ענף ראשי מקובץ וענפי משנה מקובצים, במתכונת ""הסיווג האחיד של ענפי הכלכלה - 2011""",47,מדד מחירי יצרן - תפוקת התעשייה ליעדים מקומיים,b
180090,עיבוד פירות וירקות ושימורם,TRUE,1/16/1983,4/27/2026,"מדד המחירים הסיטוניים של תפוקת התעשייה ליעדים מקומיים (כולל מע""מ), לפי ענף ראשי מקובץ וענפי משנה מקובצים, במתכונת ""הסיווג האחיד של ענפי הכלכלה - 2011""",47,מדד מחירי יצרן - תפוקת התעשייה ליעדים מקומיים,b
180110,ייצור שמנים מן הצומח,TRUE,1/16/1995,4/27/2026,"מדד המחירים הסיטוניים של תפוקת התעשייה ליעדים מקומיים (כולל מע""מ), לפי ענף ראשי מקובץ וענפי משנה מקובצים, במתכונת ""הסיווג האחיד של ענפי הכלכלה - 2011""",47,מדד מחירי יצרן - תפוקת התעשייה ליעדים מקומיים,b
180120,ייצור מוצרי חלב,TRUE,1/16/1983,4/27/2026,"מדד המחירים הסיטוניים של תפוקת התעשייה ליעדים מקומיים (כולל מע""מ), לפי ענף ראשי מקובץ וענפי משנה מקובצים, במתכונת ""הסיווג האחיד של ענפי הכלכלה - 2011""",47,מדד מחירי יצרן - תפוקת התעשייה ליעדים מקומיים,b
180130,טחינת תבואה וגריסתה,TRUE,1/16/1983,4/27/2026,"מדד המחירים הסיטוניים של תפוקת התעשייה ליעדים מקומיים (כולל מע""מ), לפי ענף ראשי מקובץ וענפי משנה מקובצים, במתכונת ""הסיווג האחיד של ענפי הכלכלה - 2011""",47,מדד מחירי יצרן - תפוקת התעשייה ליעדים מקומיים,b
180135,ייצור עמילן ומוצריו,TRUE,1/16/2013,4/27/2026,"מדד המחירים הסיטוניים של תפוקת התעשייה ליעדים מקומיים (כולל מע""מ), לפי ענף ראשי מקובץ וענפי משנה מקובצים, במתכונת ""הסיווג האחיד של ענפי הכלכלה - 2011""",47,מדד מחירי יצרן - תפוקת התעשייה ליעדים מקומיים,b
180160,ייצור מצות,TRUE,1/16/1983,4/27/2026,"מדד המחירים הסיטוניים של תפוקת התעשייה ליעדים מקומיים (כולל מע""מ), לפי ענף ראשי מקובץ וענפי משנה מקובצים, במתכונת ""הסיווג האחיד של ענפי הכלכלה - 2011""",47,מדד מחירי יצרן - תפוקת התעשייה ליעדים מקומיים,b
180165,ייצור דברי מאפה,TRUE,1/16/2013,4/27/2026,"מדד המחירים הסיטוניים של תפוקת התעשייה ליעדים מקומיים (כולל מע""מ), לפי ענף ראשי מקובץ וענפי משנה מקובצים, במתכונת ""הסיווג האחיד של ענפי הכלכלה - 2011""",47,מדד מחירי יצרן - תפוקת התעשייה ליעדים מקומיים,b
180180,"ייצור קקאו, שוקולד וממתקים",TRUE,1/16/1983,4/27/2026,"מדד המחירים הסיטוניים של תפוקת התעשייה ליעדים מקומיים (כולל מע""מ), לפי ענף ראשי מקובץ וענפי משנה מקובצים, במתכונת ""הסיווג האחיד של ענפי הכלכלה - 2011""",47,מדד מחירי יצרן - תפוקת התעשייה ליעדים מקומיים,b
180170,"ייצור מקרוני, איטריות, קוסקוס",TRUE,1/16/1983,4/27/2026,"מדד המחירים הסיטוניים של תפוקת התעשייה ליעדים מקומיים (כולל מע""מ), לפי ענף ראשי מקובץ וענפי משנה מקובצים, במתכונת ""הסיווג האחיד של ענפי הכלכלה - 2011""",47,מדד מחירי יצרן - תפוקת התעשייה ליעדים מקומיים,b
180200,"ייצור סוכר ומוצרי מזון אחרים, לנמ""א",TRUE,1/16/1995,4/27/2026,"מדד המחירים הסיטוניים של תפוקת התעשייה ליעדים מקומיים (כולל מע""מ), לפי ענף ראשי מקובץ וענפי משנה מקובצים, במתכונת ""הסיווג האחיד של ענפי הכלכלה - 2011""",47,מדד מחירי יצרן - תפוקת התעשייה ליעדים מקומיים,b
180190,ייצור מזון מוכן,TRUE,1/16/1995,4/27/2026,"מדד המחירים הסיטוניים של תפוקת התעשייה ליעדים מקומיים (כולל מע""מ), לפי ענף ראשי מקובץ וענפי משנה מקובצים, במתכונת ""הסיווג האחיד של ענפי הכלכלה - 2011""",47,מדד מחירי יצרן - תפוקת התעשייה ליעדים מקומיים,b
180195,"ייצור מזון מוכן לבע""ח",TRUE,1/16/2013,4/27/2026,"מדד המחירים הסיטוניים של תפוקת התעשייה ליעדים מקומיים (כולל מע""מ), לפי ענף ראשי מקובץ וענפי משנה מקובצים, במתכונת ""הסיווג האחיד של ענפי הכלכלה - 2011""",47,מדד מחירי יצרן - תפוקת התעשייה ליעדים מקומיים,b
180235,ייצור משקאות,TRUE,1/16/2013,4/27/2026,"מדד המחירים הסיטוניים של תפוקת התעשייה ליעדים מקומיים (כולל מע""מ), לפי ענף ראשי מקובץ וענפי משנה מקובצים, במתכונת ""הסיווג האחיד של ענפי הכלכלה - 2011""",47,מדד מחירי יצרן - תפוקת התעשייה ליעדים מקומיים,b
190325,זיקוק וערבוב של אלכוהול,TRUE,1/16/2006,4/27/2026,"מדד המחירים הסיטוניים של תפוקת התעשייה ליעדים מקומיים (כולל מע""מ), לפי ענף ראשי מקובץ וענפי משנה מקובצים, במתכונת ""הסיווג האחיד של ענפי הכלכלה - 2011""",47,מדד מחירי יצרן - תפוקת התעשייה ליעדים מקומיים,b
190310,ייצור יינות,TRUE,1/16/1983,4/27/2026,"מדד המחירים הסיטוניים של תפוקת התעשייה ליעדים מקומיים (כולל מע""מ), לפי ענף ראשי מקובץ וענפי משנה מקובצים, במתכונת ""הסיווג האחיד של ענפי הכלכלה - 2011""",47,מדד מחירי יצרן - תפוקת התעשייה ליעדים מקומיים,b
180240,ייצור בירה ולתת,TRUE,1/16/1983,4/27/2026,"מדד המחירים הסיטוניים של תפוקת התעשייה ליעדים מקומיים (כולל מע""מ), לפי ענף ראשי מקובץ וענפי משנה מקובצים, במתכונת ""הסיווג האחיד של ענפי הכלכלה - 2011""",47,מדד מחירי יצרן - תפוקת התעשייה ליעדים מקומיים,b
180250,ייצור משקאות קלים; מים מינרליים,TRUE,1/16/1983,4/27/2026,"מדד המחירים הסיטוניים של תפוקת התעשייה ליעדים מקומיים (כולל מע""מ), לפי ענף ראשי מקובץ וענפי משנה מקובצים, במתכונת ""הסיווג האחיד של ענפי הכלכלה - 2011""",47,מדד מחירי יצרן - תפוקת התעשייה ליעדים מקומיים,b
180260,ייצור מוצרי טבק,TRUE,1/16/1983,4/27/2026,"מדד המחירים הסיטוניים של תפוקת התעשייה ליעדים מקומיים (כולל מע""מ), לפי ענף ראשי מקובץ וענפי משנה מקובצים, במתכונת ""הסיווג האחיד של ענפי הכלכלה - 2011""",47,מדד מחירי יצרן - תפוקת התעשייה ליעדים מקומיים,b
180280,ייצור  טקסטיל,TRUE,1/16/1995,4/27/2026,"מדד המחירים הסיטוניים של תפוקת התעשייה ליעדים מקומיים (כולל מע""מ), לפי ענף ראשי מקובץ וענפי משנה מקובצים, במתכונת ""הסיווג האחיד של ענפי הכלכלה - 2011""",47,מדד מחירי יצרן - תפוקת התעשייה ליעדים מקומיים,b
180290,"טוויה, סלילה ושזירה של חוטי כותנה וסיבי  טקסטיל",TRUE,1/16/1995,4/27/2026,"מדד המחירים הסיטוניים של תפוקת התעשייה ליעדים מקומיים (כולל מע""מ), לפי ענף ראשי מקובץ וענפי משנה מקובצים, במתכונת ""הסיווג האחיד של ענפי הכלכלה - 2011""",47,מדד מחירי יצרן - תפוקת התעשייה ליעדים מקומיים,b
180300,אריגת טקסטיל,TRUE,1/16/1995,4/27/2026,"מדד המחירים הסיטוניים של תפוקת התעשייה ליעדים מקומיים (כולל מע""מ), לפי ענף ראשי מקובץ וענפי משנה מקובצים, במתכונת ""הסיווג האחיד של ענפי הכלכלה - 2011""",47,מדד מחירי יצרן - תפוקת התעשייה ליעדים מקומיים,b
180310,גימור טקסטיל,TRUE,1/16/1983,4/27/2026,"מדד המחירים הסיטוניים של תפוקת התעשייה ליעדים מקומיים (כולל מע""מ), לפי ענף ראשי מקובץ וענפי משנה מקובצים, במתכונת ""הסיווג האחיד של ענפי הכלכלה - 2011""",47,מדד מחירי יצרן - תפוקת התעשייה ליעדים מקומיים,b
180340,ייצור אריגים סרוגים,TRUE,1/16/1983,4/27/2026,"מדד המחירים הסיטוניים של תפוקת התעשייה ליעדים מקומיים (כולל מע""מ), לפי ענף ראשי מקובץ וענפי משנה מקובצים, במתכונת ""הסיווג האחיד של ענפי הכלכלה - 2011""",47,מדד מחירי יצרן - תפוקת התעשייה ליעדים מקומיים,b
180320,ייצור פריטי טקסטיל מוכנים פרט לפריטי לבוש,TRUE,1/16/1995,4/27/2026,"מדד המחירים הסיטוניים של תפוקת התעשייה ליעדים מקומיים (כולל מע""מ), לפי ענף ראשי מקובץ וענפי משנה מקובצים, במתכונת ""הסיווג האחיד של ענפי הכלכלה - 2011""",47,מדד מחירי יצרן - תפוקת התעשייה ליעדים מקומיים,b
180330,ייצור שטיחים ומרבדים,TRUE,1/16/1995,4/27/2026,"מדד המחירים הסיטוניים של תפוקת התעשייה ליעדים מקומיים (כולל מע""מ), לפי ענף ראשי מקובץ וענפי משנה מקובצים, במתכונת ""הסיווג האחיד של ענפי הכלכלה - 2011""",47,מדד מחירי יצרן - תפוקת התעשייה ליעדים מקומיים,b
180333,"ייצור חבלים, חוטים שזורים ורשתות",TRUE,1/16/2013,4/27/2026,"מדד המחירים הסיטוניים של תפוקת התעשייה ליעדים מקומיים (כולל מע""מ), לפי ענף ראשי מקובץ וענפי משנה מקובצים, במתכונת ""הסיווג האחיד של ענפי הכלכלה - 2011""",47,מדד מחירי יצרן - תפוקת התעשייה ליעדים מקומיים,b
180337,"ייצור סוגים אחרים של טקסטיל, לנמ""א",TRUE,1/16/2013,4/27/2026,"מדד המחירים הסיטוניים של תפוקת התעשייה ליעדים מקומיים (כולל מע""מ), לפי ענף ראשי מקובץ וענפי משנה מקובצים, במתכונת ""הסיווג האחיד של ענפי הכלכלה - 2011""",47,מדד מחירי יצרן - תפוקת התעשייה ליעדים מקומיים,b
180370,ייצור מוצרי הלבשה,TRUE,1/16/1995,4/27/2026,"מדד המחירים הסיטוניים של תפוקת התעשייה ליעדים מקומיים (כולל מע""מ), לפי ענף ראשי מקובץ וענפי משנה מקובצים, במתכונת ""הסיווג האחיד של ענפי הכלכלה - 2011""",47,מדד מחירי יצרן - תפוקת התעשייה ליעדים מקומיים,b
180380,ייצור בגדים,TRUE,1/16/1995,4/27/2026,"מדד המחירים הסיטוניים של תפוקת התעשייה ליעדים מקומיים (כולל מע""מ), לפי ענף ראשי מקובץ וענפי משנה מקובצים, במתכונת ""הסיווג האחיד של ענפי הכלכלה - 2011""",47,מדד מחירי יצרן - תפוקת התעשייה ליעדים מקומיים,b
180385,ייצור בגדי ים,TRUE,3/16/2006,4/27/2026,"מדד המחירים הסיטוניים של תפוקת התעשייה ליעדים מקומיים (כולל מע""מ), לפי ענף ראשי מקובץ וענפי משנה מקובצים, במתכונת ""הסיווג האחיד של ענפי הכלכלה - 2011""",47,מדד מחירי יצרן - תפוקת התעשייה ליעדים מקומיים,b
180390,ייצור הלבשה תחתונה,TRUE,1/16/1995,4/27/2026,"מדד המחירים הסיטוניים של תפוקת התעשייה ליעדים מקומיים (כולל מע""מ), לפי ענף ראשי מקובץ וענפי משנה מקובצים, במתכונת ""הסיווג האחיד של ענפי הכלכלה - 2011""",47,מדד מחירי יצרן - תפוקת התעשייה ליעדים מקומיים,b
180350,ייצור בגדים סרוגים ובגדי קרושה,TRUE,1/16/1995,4/27/2026,"מדד המחירים הסיטוניים של תפוקת התעשייה ליעדים מקומיים (כולל מע""מ), לפי ענף ראשי מקובץ וענפי משנה מקובצים, במתכונת ""הסיווג האחיד של ענפי הכלכלה - 2011""",47,מדד מחירי יצרן - תפוקת התעשייה ליעדים מקומיים,b
180420,ייצור ועיבוד של מוצרי עור ואביזרים נילווים,TRUE,1/16/1995,4/27/2026,"מדד המחירים הסיטוניים של תפוקת התעשייה ליעדים מקומיים (כולל מע""מ), לפי ענף ראשי מקובץ וענפי משנה מקובצים, במתכונת ""הסיווג האחיד של ענפי הכלכלה - 2011""",47,מדד מחירי יצרן - תפוקת התעשייה ליעדים מקומיים,b
180430,עיבוד עורות ועיבוד פרוות וצביעתן,TRUE,1/16/1983,4/27/2026,"מדד המחירים הסיטוניים של תפוקת התעשייה ליעדים מקומיים (כולל מע""מ), לפי ענף ראשי מקובץ וענפי משנה מקובצים, במתכונת ""הסיווג האחיד של ענפי הכלכלה - 2011""",47,מדד מחירי יצרן - תפוקת התעשייה ליעדים מקומיים,b
180450,"ייצור מזוודות, תיקים ומוצרים דומים, אוכפים ורתמות",TRUE,1/16/1995,4/27/2026,"מדד המחירים הסיטוניים של תפוקת התעשייה ליעדים מקומיים (כולל מע""מ), לפי ענף ראשי מקובץ וענפי משנה מקובצים, במתכונת ""הסיווג האחיד של ענפי הכלכלה - 2011""",47,מדד מחירי יצרן - תפוקת התעשייה ליעדים מקומיים,b
180440,ייצור נעליים,TRUE,1/16/1995,4/27/2026,"מדד המחירים הסיטוניים של תפוקת התעשייה ליעדים מקומיים (כולל מע""מ), לפי ענף ראשי מקובץ וענפי משנה מקובצים, במתכונת ""הסיווג האחיד של ענפי הכלכלה - 2011""",47,מדד מחירי יצרן - תפוקת התעשייה ליעדים מקומיים,b
180475,"ייצור מוצרי עץ, פרט לרהיטים",TRUE,1/16/2013,4/27/2026,"מדד המחירים הסיטוניים של תפוקת התעשייה ליעדים מקומיים (כולל מע""מ), לפי ענף ראשי מקובץ וענפי משנה מקובצים, במתכונת ""הסיווג האחיד של ענפי הכלכלה - 2011""",47,מדד מחירי יצרן - תפוקת התעשייה ליעדים מקומיים,b
180743,ייצור לוחות עץ,TRUE,1/16/2013,4/27/2026,"מדד המחירים הסיטוניים של תפוקת התעשייה ליעדים מקומיים (כולל מע""מ), לפי ענף ראשי מקובץ וענפי משנה מקובצים, במתכונת ""הסיווג האחיד של ענפי הכלכלה - 2011""",47,מדד מחירי יצרן - תפוקת התעשייה ליעדים מקומיים,b
180747,תעשיית נגרות לבניין,TRUE,1/16/2013,4/27/2026,"מדד המחירים הסיטוניים של תפוקת התעשייה ליעדים מקומיים (כולל מע""מ), לפי ענף ראשי מקובץ וענפי משנה מקובצים, במתכונת ""הסיווג האחיד של ענפי הכלכלה - 2011""",47,מדד מחירי יצרן - תפוקת התעשייה ליעדים מקומיים,b
190750,ייצור מכלי עץ,TRUE,1/16/1983,4/27/2026,"מדד המחירים הסיטוניים של תפוקת התעשייה ליעדים מקומיים (כולל מע""מ), לפי ענף ראשי מקובץ וענפי משנה מקובצים, במתכונת ""הסיווג האחיד של ענפי הכלכלה - 2011""",47,מדד מחירי יצרן - תפוקת התעשייה ליעדים מקומיים,b
190765,"ייצור מוצרי עץ אחרים, שעם וקש",TRUE,1/16/2006,4/27/2026,"מדד המחירים הסיטוניים של תפוקת התעשייה ליעדים מקומיים (כולל מע""מ), לפי ענף ראשי מקובץ וענפי משנה מקובצים, במתכונת ""הסיווג האחיד של ענפי הכלכלה - 2011""",47,מדד מחירי יצרן - תפוקת התעשייה ליעדים מקומיים,b
180510,ייצור נייר ומוצריו,TRUE,1/16/1983,4/27/2026,"מדד המחירים הסיטוניים של תפוקת התעשייה ליעדים מקומיים (כולל מע""מ), לפי ענף ראשי מקובץ וענפי משנה מקובצים, במתכונת ""הסיווג האחיד של ענפי הכלכלה - 2011""",47,מדד מחירי יצרן - תפוקת התעשייה ליעדים מקומיים,b
180520,"ייצור עיסת עץ, נייר ונייר קרטון",TRUE,1/16/1983,4/27/2026,"מדד המחירים הסיטוניים של תפוקת התעשייה ליעדים מקומיים (כולל מע""מ), לפי ענף ראשי מקובץ וענפי משנה מקובצים, במתכונת ""הסיווג האחיד של ענפי הכלכלה - 2011""",47,מדד מחירי יצרן - תפוקת התעשייה ליעדים מקומיים,b
180523,"ייצור נייר וקרטון גלי, מכלים מנייר וקרטון",TRUE,1/16/2013,4/27/2026,"מדד המחירים הסיטוניים של תפוקת התעשייה ליעדים מקומיים (כולל מע""מ), לפי ענף ראשי מקובץ וענפי משנה מקובצים, במתכונת ""הסיווג האחיד של ענפי הכלכלה - 2011""",47,מדד מחירי יצרן - תפוקת התעשייה ליעדים מקומיים,b
180527,ייצור מוצרים אחרים מנייר וקרטון,TRUE,1/16/2013,4/27/2026,"מדד המחירים הסיטוניים של תפוקת התעשייה ליעדים מקומיים (כולל מע""מ), לפי ענף ראשי מקובץ וענפי משנה מקובצים, במתכונת ""הסיווג האחיד של ענפי הכלכלה - 2011""",47,מדד מחירי יצרן - תפוקת התעשייה ליעדים מקומיים,b
180575,הדפסה,TRUE,1/16/2013,4/27/2026,"מדד המחירים הסיטוניים של תפוקת התעשייה ליעדים מקומיים (כולל מע""מ), לפי ענף ראשי מקובץ וענפי משנה מקובצים, במתכונת ""הסיווג האחיד של ענפי הכלכלה - 2011""",47,מדד מחירי יצרן - תפוקת התעשייה ליעדים מקומיים,b
180610,ייצור מוצרי נפט מזוקק,TRUE,1/16/1995,4/27/2026,"מדד המחירים הסיטוניים של תפוקת התעשייה ליעדים מקומיים (כולל מע""מ), לפי ענף ראשי מקובץ וענפי משנה מקובצים, במתכונת ""הסיווג האחיד של ענפי הכלכלה - 2011""",47,מדד מחירי יצרן - תפוקת התעשייה ליעדים מקומיים,b
180625,ייצור כימיקלים ומוצריהם,TRUE,1/16/2013,4/27/2026,"מדד המחירים הסיטוניים של תפוקת התעשייה ליעדים מקומיים (כולל מע""מ), לפי ענף ראשי מקובץ וענפי משנה מקובצים, במתכונת ""הסיווג האחיד של ענפי הכלכלה - 2011""",47,מדד מחירי יצרן - תפוקת התעשייה ליעדים מקומיים,b
180630,ייצור כימיקלים בסיסיים,TRUE,1/16/1995,4/27/2026,"מדד המחירים הסיטוניים של תפוקת התעשייה ליעדים מקומיים (כולל מע""מ), לפי ענף ראשי מקובץ וענפי משנה מקובצים, במתכונת ""הסיווג האחיד של ענפי הכלכלה - 2011""",47,מדד מחירי יצרן - תפוקת התעשייה ליעדים מקומיים,b
180660,ייצור חומרי הדברה וחיטוי,TRUE,1/16/1983,4/27/2026,"מדד המחירים הסיטוניים של תפוקת התעשייה ליעדים מקומיים (כולל מע""מ), לפי ענף ראשי מקובץ וענפי משנה מקובצים, במתכונת ""הסיווג האחיד של ענפי הכלכלה - 2011""",47,מדד מחירי יצרן - תפוקת התעשייה ליעדים מקומיים,b
180640,ייצור דשנים,TRUE,1/16/1995,4/27/2026,"מדד המחירים הסיטוניים של תפוקת התעשייה ליעדים מקומיים (כולל מע""מ), לפי ענף ראשי מקובץ וענפי משנה מקובצים, במתכונת ""הסיווג האחיד של ענפי הכלכלה - 2011""",47,מדד מחירי יצרן - תפוקת התעשייה ליעדים מקומיים,b
180650,ייצור חומרי גלם פלסטיים ומוצרים פטרוכימיים,TRUE,1/16/1995,4/27/2026,"מדד המחירים הסיטוניים של תפוקת התעשייה ליעדים מקומיים (כולל מע""מ), לפי ענף ראשי מקובץ וענפי משנה מקובצים, במתכונת ""הסיווג האחיד של ענפי הכלכלה - 2011""",47,מדד מחירי יצרן - תפוקת התעשייה ליעדים מקומיים,b
180670,ייצור צבעים ולכות,TRUE,1/16/1983,4/27/2026,"מדד המחירים הסיטוניים של תפוקת התעשייה ליעדים מקומיים (כולל מע""מ), לפי ענף ראשי מקובץ וענפי משנה מקובצים, במתכונת ""הסיווג האחיד של ענפי הכלכלה - 2011""",47,מדד מחירי יצרן - תפוקת התעשייה ליעדים מקומיים,b
180690,"ייצור סבון ואבקות כביסה, חומרי ניקוי ותמרוקים",TRUE,1/16/1995,4/27/2026,"מדד המחירים הסיטוניים של תפוקת התעשייה ליעדים מקומיים (כולל מע""מ), לפי ענף ראשי מקובץ וענפי משנה מקובצים, במתכונת ""הסיווג האחיד של ענפי הכלכלה - 2011""",47,מדד מחירי יצרן - תפוקת התעשייה ליעדים מקומיים,b
180700,תעשיית מוצרים כימיקלים אחרים,TRUE,1/16/1995,4/27/2026,"מדד המחירים הסיטוניים של תפוקת התעשייה ליעדים מקומיים (כולל מע""מ), לפי ענף ראשי מקובץ וענפי משנה מקובצים, במתכונת ""הסיווג האחיד של ענפי הכלכלה - 2011""",47,מדד מחירי יצרן - תפוקת התעשייה ליעדים מקומיים,b
180680,ייצור תרופות לבני אדם ולשימוש וטרינרי,TRUE,1/16/1983,4/27/2026,"מדד המחירים הסיטוניים של תפוקת התעשייה ליעדים מקומיים (כולל מע""מ), לפי ענף ראשי מקובץ וענפי משנה מקובצים, במתכונת ""הסיווג האחיד של ענפי הכלכלה - 2011""",47,מדד מחירי יצרן - תפוקת התעשייה ליעדים מקומיים,b
180720,ייצור מוצרי גומי ופלסטיק,TRUE,1/16/1995,4/27/2026,"מדד המחירים הסיטוניים של תפוקת התעשייה ליעדים מקומיים (כולל מע""מ), לפי ענף ראשי מקובץ וענפי משנה מקובצים, במתכונת ""הסיווג האחיד של ענפי הכלכלה - 2011""",47,מדד מחירי יצרן - תפוקת התעשייה ליעדים מקומיים,b
180780,ייצור מוצרי גומי אחרים,TRUE,1/16/1983,4/27/2026,"מדד המחירים הסיטוניים של תפוקת התעשייה ליעדים מקומיים (כולל מע""מ), לפי ענף ראשי מקובץ וענפי משנה מקובצים, במתכונת ""הסיווג האחיד של ענפי הכלכלה - 2011""",47,מדד מחירי יצרן - תפוקת התעשייה ליעדים מקומיים,b
180730,ייצור לוחות וצינורות מפלסטיק,TRUE,1/16/1995,4/27/2026,"מדד המחירים הסיטוניים של תפוקת התעשייה ליעדים מקומיים (כולל מע""מ), לפי ענף ראשי מקובץ וענפי משנה מקובצים, במתכונת ""הסיווג האחיד של ענפי הכלכלה - 2011""",47,מדד מחירי יצרן - תפוקת התעשייה ליעדים מקומיים,b
180740,ייצור שרוולים ויריעות מפלסטיק,TRUE,1/16/1995,4/27/2026,"מדד המחירים הסיטוניים של תפוקת התעשייה ליעדים מקומיים (כולל מע""מ), לפי ענף ראשי מקובץ וענפי משנה מקובצים, במתכונת ""הסיווג האחיד של ענפי הכלכלה - 2011""",47,מדד מחירי יצרן - תפוקת התעשייה ליעדים מקומיים,b
180750,ייצור מיכלים ובקבוקים מפלסטיק,TRUE,1/16/1983,4/27/2026,"מדד המחירים הסיטוניים של תפוקת התעשייה ליעדים מקומיים (כולל מע""מ), לפי ענף ראשי מקובץ וענפי משנה מקובצים, במתכונת ""הסיווג האחיד של ענפי הכלכלה - 2011""",47,מדד מחירי יצרן - תפוקת התעשייה ליעדים מקומיים,b
180760,ייצור מוצרים מפלסטיק למטבח  ולבית,TRUE,1/16/1995,4/27/2026,"מדד המחירים הסיטוניים של תפוקת התעשייה ליעדים מקומיים (כולל מע""מ), לפי ענף ראשי מקובץ וענפי משנה מקובצים, במתכונת ""הסיווג האחיד של ענפי הכלכלה - 2011""",47,מדד מחירי יצרן - תפוקת התעשייה ליעדים מקומיים,b
180773,"ייצור מוצרים מפלסטיק לנמ""א  וייצור מוצרים מפלסטיק משוריין",TRUE,1/16/2006,4/27/2026,"מדד המחירים הסיטוניים של תפוקת התעשייה ליעדים מקומיים (כולל מע""מ), לפי ענף ראשי מקובץ וענפי משנה מקובצים, במתכונת ""הסיווג האחיד של ענפי הכלכלה - 2011""",47,מדד מחירי יצרן - תפוקת התעשייה ליעדים מקומיים,b
180777,"ייצור מוצרים מפלסטיק לשימושים טכניים,  חקלאיים ותעשייתיים",TRUE,1/16/2006,4/27/2026,"מדד המחירים הסיטוניים של תפוקת התעשייה ליעדים מקומיים (כולל מע""מ), לפי ענף ראשי מקובץ וענפי משנה מקובצים, במתכונת ""הסיווג האחיד של ענפי הכלכלה - 2011""",47,מדד מחירי יצרן - תפוקת התעשייה ליעדים מקומיים,b
180810,ייצור מוצרים על בסיס מינרלים אל-מתכתיים,TRUE,1/16/1983,4/27/2026,"מדד המחירים הסיטוניים של תפוקת התעשייה ליעדים מקומיים (כולל מע""מ), לפי ענף ראשי מקובץ וענפי משנה מקובצים, במתכונת ""הסיווג האחיד של ענפי הכלכלה - 2011""",47,מדד מחירי יצרן - תפוקת התעשייה ליעדים מקומיים,b
180820,ייצור זכוכית ומוצרי זכוכית,TRUE,1/16/1983,4/27/2026,"מדד המחירים הסיטוניים של תפוקת התעשייה ליעדים מקומיים (כולל מע""מ), לפי ענף ראשי מקובץ וענפי משנה מקובצים, במתכונת ""הסיווג האחיד של ענפי הכלכלה - 2011""",47,מדד מחירי יצרן - תפוקת התעשייה ליעדים מקומיים,b
180835,ייצור מוצרי קרמיקה (חסיני אש) וייצור  חומרי חרס לבנייה,TRUE,1/16/2013,4/27/2026,"מדד המחירים הסיטוניים של תפוקת התעשייה ליעדים מקומיים (כולל מע""מ), לפי ענף ראשי מקובץ וענפי משנה מקובצים, במתכונת ""הסיווג האחיד של ענפי הכלכלה - 2011""",47,מדד מחירי יצרן - תפוקת התעשייה ליעדים מקומיים,b
180845,"ייצור צמנט, סיד וטיח",TRUE,1/16/2013,4/27/2026,"מדד המחירים הסיטוניים של תפוקת התעשייה ליעדים מקומיים (כולל מע""מ), לפי ענף ראשי מקובץ וענפי משנה מקובצים, במתכונת ""הסיווג האחיד של ענפי הכלכלה - 2011""",47,מדד מחירי יצרן - תפוקת התעשייה ליעדים מקומיים,b
180855,"ייצור מוצרי בטון, צמנט וטיח",TRUE,1/16/2013,4/27/2026,"מדד המחירים הסיטוניים של תפוקת התעשייה ליעדים מקומיים (כולל מע""מ), לפי ענף ראשי מקובץ וענפי משנה מקובצים, במתכונת ""הסיווג האחיד של ענפי הכלכלה - 2011""",47,מדד מחירי יצרן - תפוקת התעשייה ליעדים מקומיים,b
180860,עיבוד אבן וייצור מוצרים אחרים ממינרלים אל מתכתיים,TRUE,1/16/1995,4/27/2026,"מדד המחירים הסיטוניים של תפוקת התעשייה ליעדים מקומיים (כולל מע""מ), לפי ענף ראשי מקובץ וענפי משנה מקובצים, במתכונת ""הסיווג האחיד של ענפי הכלכלה - 2011""",47,מדד מחירי יצרן - תפוקת התעשייה ליעדים מקומיים,b
180865,ייצור בטון מוכן ליציקה ובלוקים מבטון,TRUE,1/16/2013,4/27/2026,"מדד המחירים הסיטוניים של תפוקת התעשייה ליעדים מקומיים (כולל מע""מ), לפי ענף ראשי מקובץ וענפי משנה מקובצים, במתכונת ""הסיווג האחיד של ענפי הכלכלה - 2011""",47,מדד מחירי יצרן - תפוקת התעשייה ליעדים מקומיים,b
180880,תעשיית מתכות בסיסיות,TRUE,1/16/1983,4/27/2026,"מדד המחירים הסיטוניים של תפוקת התעשייה ליעדים מקומיים (כולל מע""מ), לפי ענף ראשי מקובץ וענפי משנה מקובצים, במתכונת ""הסיווג האחיד של ענפי הכלכלה - 2011""",47,מדד מחירי יצרן - תפוקת התעשייה ליעדים מקומיים,b
180890,ייצור ברזל ופלדה בסיסיים,TRUE,1/16/1983,4/27/2026,"מדד המחירים הסיטוניים של תפוקת התעשייה ליעדים מקומיים (כולל מע""מ), לפי ענף ראשי מקובץ וענפי משנה מקובצים, במתכונת ""הסיווג האחיד של ענפי הכלכלה - 2011""",47,מדד מחירי יצרן - תפוקת התעשייה ליעדים מקומיים,b
180895,יציקת ברזל ופלדה,TRUE,1/16/2013,4/27/2026,"מדד המחירים הסיטוניים של תפוקת התעשייה ליעדים מקומיים (כולל מע""מ), לפי ענף ראשי מקובץ וענפי משנה מקובצים, במתכונת ""הסיווג האחיד של ענפי הכלכלה - 2011""",47,מדד מחירי יצרן - תפוקת התעשייה ליעדים מקומיים,b
180900,יציקת מתכות אל-ברזליות וייצור מתכות יקרות אחרות ושאר מתכות אל ברזליות,TRUE,1/16/1983,4/27/2026,"מדד המחירים הסיטוניים של תפוקת התעשייה ליעדים מקומיים (כולל מע""מ), לפי ענף ראשי מקובץ וענפי משנה מקובצים, במתכונת ""הסיווג האחיד של ענפי הכלכלה - 2011""",47,מדד מחירי יצרן - תפוקת התעשייה ליעדים מקומיים,b
180940,ייצור מוצרי מתכת,TRUE,1/16/1995,4/27/2026,"מדד המחירים הסיטוניים של תפוקת התעשייה ליעדים מקומיים (כולל מע""מ), לפי ענף ראשי מקובץ וענפי משנה מקובצים, במתכונת ""הסיווג האחיד של ענפי הכלכלה - 2011""",47,מדד מחירי יצרן - תפוקת התעשייה ליעדים מקומיים,b
180950,ייצור שלדי מתכת,TRUE,1/16/1983,4/27/2026,"מדד המחירים הסיטוניים של תפוקת התעשייה ליעדים מקומיים (כולל מע""מ), לפי ענף ראשי מקובץ וענפי משנה מקובצים, במתכונת ""הסיווג האחיד של ענפי הכלכלה - 2011""",47,מדד מחירי יצרן - תפוקת התעשייה ליעדים מקומיים,b
180980,"ייצור אביזרי מים סניטאריים ותעשייתיים, אביזרי מים להשקיה",TRUE,1/16/1983,4/27/2026,"מדד המחירים הסיטוניים של תפוקת התעשייה ליעדים מקומיים (כולל מע""מ), לפי ענף ראשי מקובץ וענפי משנה מקובצים, במתכונת ""הסיווג האחיד של ענפי הכלכלה - 2011""",47,מדד מחירי יצרן - תפוקת התעשייה ליעדים מקומיים,b
180985,"חישול, לחיצה, עיצוב, הטבעה וגלגול של מתכות,  עיבוד וציפוי מתכות",TRUE,1/16/2013,4/27/2026,"מדד המחירים הסיטוניים של תפוקת התעשייה ליעדים מקומיים (כולל מע""מ), לפי ענף ראשי מקובץ וענפי משנה מקובצים, במתכונת ""הסיווג האחיד של ענפי הכלכלה - 2011""",47,מדד מחירי יצרן - תפוקת התעשייה ליעדים מקומיים,b
180960,"מסגריות, עיבוד מכני ועיבוד שבבי",TRUE,1/16/2013,4/27/2026,"מדד המחירים הסיטוניים של תפוקת התעשייה ליעדים מקומיים (כולל מע""מ), לפי ענף ראשי מקובץ וענפי משנה מקובצים, במתכונת ""הסיווג האחיד של ענפי הכלכלה - 2011""",47,מדד מחירי יצרן - תפוקת התעשייה ליעדים מקומיים,b
180990,"ייצור אריזות ומכלים מפח, זיווד אלקטרוני  ומוצרי פח לנמ""א",TRUE,1/16/1983,4/27/2026,"מדד המחירים הסיטוניים של תפוקת התעשייה ליעדים מקומיים (כולל מע""מ), לפי ענף ראשי מקובץ וענפי משנה מקובצים, במתכונת ""הסיווג האחיד של ענפי הכלכלה - 2011""",47,מדד מחירי יצרן - תפוקת התעשייה ליעדים מקומיים,b
181000,ייצור רשתות כבלים חוטים ותיל,TRUE,1/16/1983,4/27/2026,"מדד המחירים הסיטוניים של תפוקת התעשייה ליעדים מקומיים (כולל מע""מ), לפי ענף ראשי מקובץ וענפי משנה מקובצים, במתכונת ""הסיווג האחיד של ענפי הכלכלה - 2011""",47,מדד מחירי יצרן - תפוקת התעשייה ליעדים מקומיים,b
181005,"כלי בישול, מבלטים ותבניות ממתכת",TRUE,1/16/2013,4/27/2026,"מדד המחירים הסיטוניים של תפוקת התעשייה ליעדים מקומיים (כולל מע""מ), לפי ענף ראשי מקובץ וענפי משנה מקובצים, במתכונת ""הסיווג האחיד של ענפי הכלכלה - 2011""",47,מדד מחירי יצרן - תפוקת התעשייה ליעדים מקומיים,b
181010,ייצור מוצרי מתכת שונים,TRUE,1/16/1995,4/27/2026,"מדד המחירים הסיטוניים של תפוקת התעשייה ליעדים מקומיים (כולל מע""מ), לפי ענף ראשי מקובץ וענפי משנה מקובצים, במתכונת ""הסיווג האחיד של ענפי הכלכלה - 2011""",47,מדד מחירי יצרן - תפוקת התעשייה ליעדים מקומיים,b
181153,"ייצור מחשבים, מכשור אלקטרוני ואופטי",TRUE,1/16/2013,4/27/2026,"מדד המחירים הסיטוניים של תפוקת התעשייה ליעדים מקומיים (כולל מע""מ), לפי ענף ראשי מקובץ וענפי משנה מקובצים, במתכונת ""הסיווג האחיד של ענפי הכלכלה - 2011""",47,מדד מחירי יצרן - תפוקת התעשייה ליעדים מקומיים,b
181157,ייצור רכיבים ולוחות אלקטרוניים,TRUE,1/16/2013,4/27/2026,"מדד המחירים הסיטוניים של תפוקת התעשייה ליעדים מקומיים (כולל מע""מ), לפי ענף ראשי מקובץ וענפי משנה מקובצים, במתכונת ""הסיווג האחיד של ענפי הכלכלה - 2011""",47,מדד מחירי יצרן - תפוקת התעשייה ליעדים מקומיים,b
181160,ייצור ציוד תקשורת אלקטרוני,TRUE,1/16/1995,4/27/2026,"מדד המחירים הסיטוניים של תפוקת התעשייה ליעדים מקומיים (כולל מע""מ), לפי ענף ראשי מקובץ וענפי משנה מקובצים, במתכונת ""הסיווג האחיד של ענפי הכלכלה - 2011""",47,מדד מחירי יצרן - תפוקת התעשייה ליעדים מקומיים,b
181225,"ייצור מכשירי מדידה, בדיקה, ניווט ובקרה",TRUE,1/16/2013,4/27/2026,"מדד המחירים הסיטוניים של תפוקת התעשייה ליעדים מקומיים (כולל מע""מ), לפי ענף ראשי מקובץ וענפי משנה מקובצים, במתכונת ""הסיווג האחיד של ענפי הכלכלה - 2011""",47,מדד מחירי יצרן - תפוקת התעשייה ליעדים מקומיים,b
181230,"ייצור מכשור אלקטרוני רפואי, מכשור רפואי וכירורגי",TRUE,2/16/1996,4/27/2026,"מדד המחירים הסיטוניים של תפוקת התעשייה ליעדים מקומיים (כולל מע""מ), לפי ענף ראשי מקובץ וענפי משנה מקובצים, במתכונת ""הסיווג האחיד של ענפי הכלכלה - 2011""",47,מדד מחירי יצרן - תפוקת התעשייה ליעדים מקומיים,b
181250,ייצור מכשור אופטי,TRUE,1/16/1983,4/27/2026,"מדד המחירים הסיטוניים של תפוקת התעשייה ליעדים מקומיים (כולל מע""מ), לפי ענף ראשי מקובץ וענפי משנה מקובצים, במתכונת ""הסיווג האחיד של ענפי הכלכלה - 2011""",47,מדד מחירי יצרן - תפוקת התעשייה ליעדים מקומיים,b
181090,ייצור ציוד חשמלי,TRUE,1/16/1995,4/27/2026,"מדד המחירים הסיטוניים של תפוקת התעשייה ליעדים מקומיים (כולל מע""מ), לפי ענף ראשי מקובץ וענפי משנה מקובצים, במתכונת ""הסיווג האחיד של ענפי הכלכלה - 2011""",47,מדד מחירי יצרן - תפוקת התעשייה ליעדים מקומיים,b
191770,ייצור מנועים חשמליים,TRUE,1/16/1983,4/27/2026,"מדד המחירים הסיטוניים של תפוקת התעשייה ליעדים מקומיים (כולל מע""מ), לפי ענף ראשי מקובץ וענפי משנה מקובצים, במתכונת ""הסיווג האחיד של ענפי הכלכלה - 2011""",47,מדד מחירי יצרן - תפוקת התעשייה ליעדים מקומיים,b
191780,ייצור שנאים,TRUE,1/16/1995,4/27/2026,"מדד המחירים הסיטוניים של תפוקת התעשייה ליעדים מקומיים (כולל מע""מ), לפי ענף ראשי מקובץ וענפי משנה מקובצים, במתכונת ""הסיווג האחיד של ענפי הכלכלה - 2011""",47,מדד מחירי יצרן - תפוקת התעשייה ליעדים מקומיים,b
180115,ייצור אביזרים לחלוקת חשמל ובקרתו,TRUE,1/16/2013,4/27/2026,"מדד המחירים הסיטוניים של תפוקת התעשייה ליעדים מקומיים (כולל מע""מ), לפי ענף ראשי מקובץ וענפי משנה מקובצים, במתכונת ""הסיווג האחיד של ענפי הכלכלה - 2011""",47,מדד מחירי יצרן - תפוקת התעשייה ליעדים מקומיים,b
181130,ייצור מצברים,TRUE,1/16/1983,4/27/2026,"מדד המחירים הסיטוניים של תפוקת התעשייה ליעדים מקומיים (כולל מע""מ), לפי ענף ראשי מקובץ וענפי משנה מקובצים, במתכונת ""הסיווג האחיד של ענפי הכלכלה - 2011""",47,מדד מחירי יצרן - תפוקת התעשייה ליעדים מקומיים,b
181120,ייצור סוגים אחרים של כבלים חשמלייים ואלקטרוניים כבלי סיבים אופטיים ומתקני חיווט,TRUE,1/16/1983,4/27/2026,"מדד המחירים הסיטוניים של תפוקת התעשייה ליעדים מקומיים (כולל מע""מ), לפי ענף ראשי מקובץ וענפי משנה מקובצים, במתכונת ""הסיווג האחיד של ענפי הכלכלה - 2011""",47,מדד מחירי יצרן - תפוקת התעשייה ליעדים מקומיים,b
181133,ייצור ציוד תאורה חשמלית,TRUE,1/16/2013,4/27/2026,"מדד המחירים הסיטוניים של תפוקת התעשייה ליעדים מקומיים (כולל מע""מ), לפי ענף ראשי מקובץ וענפי משנה מקובצים, במתכונת ""הסיווג האחיד של ענפי הכלכלה - 2011""",47,מדד מחירי יצרן - תפוקת התעשייה ליעדים מקומיים,b
181137,ייצור מכשירי חשמל ביתיים,TRUE,1/16/2013,4/27/2026,"מדד המחירים הסיטוניים של תפוקת התעשייה ליעדים מקומיים (כולל מע""מ), לפי ענף ראשי מקובץ וענפי משנה מקובצים, במתכונת ""הסיווג האחיד של ענפי הכלכלה - 2011""",47,מדד מחירי יצרן - תפוקת התעשייה ליעדים מקומיים,b
181030,ייצור מכונות וציוד,TRUE,1/16/1995,4/27/2026,"מדד המחירים הסיטוניים של תפוקת התעשייה ליעדים מקומיים (כולל מע""מ), לפי ענף ראשי מקובץ וענפי משנה מקובצים, במתכונת ""הסיווג האחיד של ענפי הכלכלה - 2011""",47,מדד מחירי יצרן - תפוקת התעשייה ליעדים מקומיים,b
181032,ייצור ציוד למערכות הידראוליות,TRUE,1/16/2013,4/27/2026,"מדד המחירים הסיטוניים של תפוקת התעשייה ליעדים מקומיים (כולל מע""מ), לפי ענף ראשי מקובץ וענפי משנה מקובצים, במתכונת ""הסיווג האחיד של ענפי הכלכלה - 2011""",47,מדד מחירי יצרן - תפוקת התעשייה ליעדים מקומיים,b
181033,"ייצור סוגים אחרים של משאבות, מדחסים,  ברזים ושסתומים",TRUE,1/16/2013,4/27/2026,"מדד המחירים הסיטוניים של תפוקת התעשייה ליעדים מקומיים (כולל מע""מ), לפי ענף ראשי מקובץ וענפי משנה מקובצים, במתכונת ""הסיווג האחיד של ענפי הכלכלה - 2011""",47,מדד מחירי יצרן - תפוקת התעשייה ליעדים מקומיים,b
181035,"ייצור מסבים, גלגלי שיניים, תשלובת גלגלי  שיניים וציוד הנעה",TRUE,1/16/2013,4/27/2026,"מדד המחירים הסיטוניים של תפוקת התעשייה ליעדים מקומיים (כולל מע""מ), לפי ענף ראשי מקובץ וענפי משנה מקובצים, במתכונת ""הסיווג האחיד של ענפי הכלכלה - 2011""",47,מדד מחירי יצרן - תפוקת התעשייה ליעדים מקומיים,b
181037,"ייצור תנורים, כבשנים ומבערים",TRUE,1/16/2013,4/27/2026,"מדד המחירים הסיטוניים של תפוקת התעשייה ליעדים מקומיים (כולל מע""מ), לפי ענף ראשי מקובץ וענפי משנה מקובצים, במתכונת ""הסיווג האחיד של ענפי הכלכלה - 2011""",47,מדד מחירי יצרן - תפוקת התעשייה ליעדים מקומיים,b
181038,"ייצור ציוד הרמה, שינוע, פריקה וטעינה",TRUE,1/16/2013,4/27/2026,"מדד המחירים הסיטוניים של תפוקת התעשייה ליעדים מקומיים (כולל מע""מ), לפי ענף ראשי מקובץ וענפי משנה מקובצים, במתכונת ""הסיווג האחיד של ענפי הכלכלה - 2011""",47,מדד מחירי יצרן - תפוקת התעשייה ליעדים מקומיים,b
181045,"ייצור מכונות וציוד כללי לנמ""א",TRUE,1/16/2013,4/27/2026,"מדד המחירים הסיטוניים של תפוקת התעשייה ליעדים מקומיים (כולל מע""מ), לפי ענף ראשי מקובץ וענפי משנה מקובצים, במתכונת ""הסיווג האחיד של ענפי הכלכלה - 2011""",47,מדד מחירי יצרן - תפוקת התעשייה ליעדים מקומיים,b
181050,ייצור מכונות לחקלאות וייעור,TRUE,1/16/1983,4/27/2026,"מדד המחירים הסיטוניים של תפוקת התעשייה ליעדים מקומיים (כולל מע""מ), לפי ענף ראשי מקובץ וענפי משנה מקובצים, במתכונת ""הסיווג האחיד של ענפי הכלכלה - 2011""",47,מדד מחירי יצרן - תפוקת התעשייה ליעדים מקומיים,b
181060,"ייצור מכונות לעיצוב מתכות, לכרייה וחציבה לעיבוד מזון ומכונות  אחרות לשימושים מיוחדים לנמ""א",TRUE,1/16/1995,4/27/2026,"מדד המחירים הסיטוניים של תפוקת התעשייה ליעדים מקומיים (כולל מע""מ), לפי ענף ראשי מקובץ וענפי משנה מקובצים, במתכונת ""הסיווג האחיד של ענפי הכלכלה - 2011""",47,מדד מחירי יצרן - תפוקת התעשייה ליעדים מקומיים,b
181460,ייצור כלי רכב מנועיים ונגררים,TRUE,1/16/2013,4/27/2026,"מדד המחירים הסיטוניים של תפוקת התעשייה ליעדים מקומיים (כולל מע""מ), לפי ענף ראשי מקובץ וענפי משנה מקובצים, במתכונת ""הסיווג האחיד של ענפי הכלכלה - 2011""",47,מדד מחירי יצרן - תפוקת התעשייה ליעדים מקומיים,b
181470,"ייצור כלי רכב, מרכבים ונגררים לכלי רכב מנועיים",TRUE,1/16/2013,4/27/2026,"מדד המחירים הסיטוניים של תפוקת התעשייה ליעדים מקומיים (כולל מע""מ), לפי ענף ראשי מקובץ וענפי משנה מקובצים, במתכונת ""הסיווג האחיד של ענפי הכלכלה - 2011""",47,מדד מחירי יצרן - תפוקת התעשייה ליעדים מקומיים,b
181480,ייצור חלקי חילוף ואביזרים לכלי רכב,TRUE,1/16/2013,4/27/2026,"מדד המחירים הסיטוניים של תפוקת התעשייה ליעדים מקומיים (כולל מע""מ), לפי ענף ראשי מקובץ וענפי משנה מקובצים, במתכונת ""הסיווג האחיד של ענפי הכלכלה - 2011""",47,מדד מחירי יצרן - תפוקת התעשייה ליעדים מקומיים,b
181500,ייצור כלי תחבורה והובלה אחרים,TRUE,1/16/2013,4/27/2026,"מדד המחירים הסיטוניים של תפוקת התעשייה ליעדים מקומיים (כולל מע""מ), לפי ענף ראשי מקובץ וענפי משנה מקובצים, במתכונת ""הסיווג האחיד של ענפי הכלכלה - 2011""",47,מדד מחירי יצרן - תפוקת התעשייה ליעדים מקומיים,b
181510,"ייצור כלי טייס, וכלי תחבורה אחרים לנמ""א",TRUE,1/16/2013,4/27/2026,"מדד המחירים הסיטוניים של תפוקת התעשייה ליעדים מקומיים (כולל מע""מ), לפי ענף ראשי מקובץ וענפי משנה מקובצים, במתכונת ""הסיווג האחיד של ענפי הכלכלה - 2011""",47,מדד מחירי יצרן - תפוקת התעשייה ליעדים מקומיים,b
181530,ייצור רהיטים,TRUE,1/16/2013,4/27/2026,"מדד המחירים הסיטוניים של תפוקת התעשייה ליעדים מקומיים (כולל מע""מ), לפי ענף ראשי מקובץ וענפי משנה מקובצים, במתכונת ""הסיווג האחיד של ענפי הכלכלה - 2011""",47,מדד מחירי יצרן - תפוקת התעשייה ליעדים מקומיים,b
181540,ייצור רהיטים,TRUE,1/16/2013,4/27/2026,"מדד המחירים הסיטוניים של תפוקת התעשייה ליעדים מקומיים (כולל מע""מ), לפי ענף ראשי מקובץ וענפי משנה מקובצים, במתכונת ""הסיווג האחיד של ענפי הכלכלה - 2011""",47,מדד מחירי יצרן - תפוקת התעשייה ליעדים מקומיים,b
181550,ענפי ייצור אחרים,TRUE,1/16/2013,4/27/2026,"מדד המחירים הסיטוניים של תפוקת התעשייה ליעדים מקומיים (כולל מע""מ), לפי ענף ראשי מקובץ וענפי משנה מקובצים, במתכונת ""הסיווג האחיד של ענפי הכלכלה - 2011""",47,מדד מחירי יצרן - תפוקת התעשייה ליעדים מקומיים,b
181560,ייצור תכשיטים יקרים ופריטים דומים,TRUE,1/16/2013,4/27/2026,"מדד המחירים הסיטוניים של תפוקת התעשייה ליעדים מקומיים (כולל מע""מ), לפי ענף ראשי מקובץ וענפי משנה מקובצים, במתכונת ""הסיווג האחיד של ענפי הכלכלה - 2011""",47,מדד מחירי יצרן - תפוקת התעשייה ליעדים מקומיים,b
181570,ייצור תכשיטים ממתכות לא יקרות ואביזרים נלווים,TRUE,1/16/2013,4/27/2026,"מדד המחירים הסיטוניים של תפוקת התעשייה ליעדים מקומיים (כולל מע""מ), לפי ענף ראשי מקובץ וענפי משנה מקובצים, במתכונת ""הסיווג האחיד של ענפי הכלכלה - 2011""",47,מדד מחירי יצרן - תפוקת התעשייה ליעדים מקומיים,b
181433,ייצור כלי נגינה,TRUE,1/16/2006,4/27/2026,"מדד המחירים הסיטוניים של תפוקת התעשייה ליעדים מקומיים (כולל מע""מ), לפי ענף ראשי מקובץ וענפי משנה מקובצים, במתכונת ""הסיווג האחיד של ענפי הכלכלה - 2011""",47,מדד מחירי יצרן - תפוקת התעשייה ליעדים מקומיים,b
181380,ייצור ציוד ספורט,TRUE,1/16/1995,4/27/2026,"מדד המחירים הסיטוניים של תפוקת התעשייה ליעדים מקומיים (כולל מע""מ), לפי ענף ראשי מקובץ וענפי משנה מקובצים, במתכונת ""הסיווג האחיד של ענפי הכלכלה - 2011""",47,מדד מחירי יצרן - תפוקת התעשייה ליעדים מקומיים,b
181390,ייצור משחקים וצעצועים,TRUE,1/16/1995,4/27/2026,"מדד המחירים הסיטוניים של תפוקת התעשייה ליעדים מקומיים (כולל מע""מ), לפי ענף ראשי מקובץ וענפי משנה מקובצים, במתכונת ""הסיווג האחיד של ענפי הכלכלה - 2011""",47,מדד מחירי יצרן - תפוקת התעשייה ליעדים מקומיים,b
181600,"ייצור ציוד רפואי לרפואה כללית, רפואת שיניים ואורטופדיה",TRUE,1/16/2013,4/27/2026,"מדד המחירים הסיטוניים של תפוקת התעשייה ליעדים מקומיים (כולל מע""מ), לפי ענף ראשי מקובץ וענפי משנה מקובצים, במתכונת ""הסיווג האחיד של ענפי הכלכלה - 2011""",47,מדד מחירי יצרן - תפוקת התעשייה ליעדים מקומיים,b
181610,"תעשיות אחרות לנמ""א",TRUE,1/16/2013,4/27/2026,"מדד המחירים הסיטוניים של תפוקת התעשייה ליעדים מקומיים (כולל מע""מ), לפי ענף ראשי מקובץ וענפי משנה מקובצים, במתכונת ""הסיווג האחיד של ענפי הכלכלה - 2011""",47,מדד מחירי יצרן - תפוקת התעשייה ליעדים מקומיים,b
181630,"תיקון, תחזוקה והתקנה של מכונות וציוד",TRUE,1/16/2013,4/27/2026,"מדד המחירים הסיטוניים של תפוקת התעשייה ליעדים מקומיים (כולל מע""מ), לפי ענף ראשי מקובץ וענפי משנה מקובצים, במתכונת ""הסיווג האחיד של ענפי הכלכלה - 2011""",47,מדד מחירי יצרן - תפוקת התעשייה ליעדים מקומיים,b
181640,תיקון מוצרי מתכת בהרכבה,TRUE,1/16/2013,4/27/2026,"מדד המחירים הסיטוניים של תפוקת התעשייה ליעדים מקומיים (כולל מע""מ), לפי ענף ראשי מקובץ וענפי משנה מקובצים, במתכונת ""הסיווג האחיד של ענפי הכלכלה - 2011""",47,מדד מחירי יצרן - תפוקת התעשייה ליעדים מקומיים,b
181650,תיקון מכונות,TRUE,1/16/2013,4/27/2026,"מדד המחירים הסיטוניים של תפוקת התעשייה ליעדים מקומיים (כולל מע""מ), לפי ענף ראשי מקובץ וענפי משנה מקובצים, במתכונת ""הסיווג האחיד של ענפי הכלכלה - 2011""",47,מדד מחירי יצרן - תפוקת התעשייה ליעדים מקומיים,b
181660,"תיקון ציוד אלקטרוני, מכשור אופטי וציוד רפואי",TRUE,1/16/2013,4/27/2026,"מדד המחירים הסיטוניים של תפוקת התעשייה ליעדים מקומיים (כולל מע""מ), לפי ענף ראשי מקובץ וענפי משנה מקובצים, במתכונת ""הסיווג האחיד של ענפי הכלכלה - 2011""",47,מדד מחירי יצרן - תפוקת התעשייה ליעדים מקומיים,b
181670,תיקון של ציוד חשמל,TRUE,1/16/2013,4/27/2026,"מדד המחירים הסיטוניים של תפוקת התעשייה ליעדים מקומיים (כולל מע""מ), לפי ענף ראשי מקובץ וענפי משנה מקובצים, במתכונת ""הסיווג האחיד של ענפי הכלכלה - 2011""",47,מדד מחירי יצרן - תפוקת התעשייה ליעדים מקומיים,b
181680,תיקון כלי תחבורה פרט לכלי רכב,TRUE,1/16/2013,4/27/2026,"מדד המחירים הסיטוניים של תפוקת התעשייה ליעדים מקומיים (כולל מע""מ), לפי ענף ראשי מקובץ וענפי משנה מקובצים, במתכונת ""הסיווג האחיד של ענפי הכלכלה - 2011""",47,מדד מחירי יצרן - תפוקת התעשייה ליעדים מקומיים,b
180070,ייצור מוצרי מזון,TRUE,1/16/1995,4/27/2026,"מדד המחירים הסיטוניים של מוצרים וקבוצות מוצרים נבחרים של תפוקת התעשייה ליעדים מקומיים (כולל מע""מ), לפי ענפים מקובצים, במתכונת ""הסיווג האחיד של ענפי הכלכלה - 2011""",48,מדד מחירי יצרן - תפוקת התעשייה ליעדים מקומיים,b
190030,בשר בקר,TRUE,1/16/1983,4/27/2026,"מדד המחירים הסיטוניים של מוצרים וקבוצות מוצרים נבחרים של תפוקת התעשייה ליעדים מקומיים (כולל מע""מ), לפי ענפים מקובצים, במתכונת ""הסיווג האחיד של ענפי הכלכלה - 2011""",48,מדד מחירי יצרן - תפוקת התעשייה ליעדים מקומיים,b
190040,עוף שחוט ומרוט,TRUE,1/16/1983,4/27/2026,"מדד המחירים הסיטוניים של מוצרים וקבוצות מוצרים נבחרים של תפוקת התעשייה ליעדים מקומיים (כולל מע""מ), לפי ענפים מקובצים, במתכונת ""הסיווג האחיד של ענפי הכלכלה - 2011""",48,מדד מחירי יצרן - תפוקת התעשייה ליעדים מקומיים,b
190045,דגים קפואים ומעושנים,TRUE,1/16/2006,4/27/2026,"מדד המחירים הסיטוניים של מוצרים וקבוצות מוצרים נבחרים של תפוקת התעשייה ליעדים מקומיים (כולל מע""מ), לפי ענפים מקובצים, במתכונת ""הסיווג האחיד של ענפי הכלכלה - 2011""",48,מדד מחירי יצרן - תפוקת התעשייה ליעדים מקומיים,b
190050,נקניק,TRUE,1/16/1983,4/27/2026,"מדד המחירים הסיטוניים של מוצרים וקבוצות מוצרים נבחרים של תפוקת התעשייה ליעדים מקומיים (כולל מע""מ), לפי ענפים מקובצים, במתכונת ""הסיווג האחיד של ענפי הכלכלה - 2011""",48,מדד מחירי יצרן - תפוקת התעשייה ליעדים מקומיים,b
190060,חלב מפוסטר,TRUE,1/16/1983,4/27/2026,"מדד המחירים הסיטוניים של מוצרים וקבוצות מוצרים נבחרים של תפוקת התעשייה ליעדים מקומיים (כולל מע""מ), לפי ענפים מקובצים, במתכונת ""הסיווג האחיד של ענפי הכלכלה - 2011""",48,מדד מחירי יצרן - תפוקת התעשייה ליעדים מקומיים,b
190070,שמנת,TRUE,1/16/1983,4/27/2026,"מדד המחירים הסיטוניים של מוצרים וקבוצות מוצרים נבחרים של תפוקת התעשייה ליעדים מקומיים (כולל מע""מ), לפי ענפים מקובצים, במתכונת ""הסיווג האחיד של ענפי הכלכלה - 2011""",48,מדד מחירי יצרן - תפוקת התעשייה ליעדים מקומיים,b
190080,חמאה,TRUE,1/16/1983,4/27/2026,"מדד המחירים הסיטוניים של מוצרים וקבוצות מוצרים נבחרים של תפוקת התעשייה ליעדים מקומיים (כולל מע""מ), לפי ענפים מקובצים, במתכונת ""הסיווג האחיד של ענפי הכלכלה - 2011""",48,מדד מחירי יצרן - תפוקת התעשייה ליעדים מקומיים,b
190090,גבינה,TRUE,1/16/1983,4/27/2026,"מדד המחירים הסיטוניים של מוצרים וקבוצות מוצרים נבחרים של תפוקת התעשייה ליעדים מקומיים (כולל מע""מ), לפי ענפים מקובצים, במתכונת ""הסיווג האחיד של ענפי הכלכלה - 2011""",48,מדד מחירי יצרן - תפוקת התעשייה ליעדים מקומיים,b
190100,גלידות ושלגונים,TRUE,1/16/1983,4/27/2026,"מדד המחירים הסיטוניים של מוצרים וקבוצות מוצרים נבחרים של תפוקת התעשייה ליעדים מקומיים (כולל מע""מ), לפי ענפים מקובצים, במתכונת ""הסיווג האחיד של ענפי הכלכלה - 2011""",48,מדד מחירי יצרן - תפוקת התעשייה ליעדים מקומיים,b
190130,מיץ טבעי מפרי הדר,TRUE,1/16/1983,4/27/2026,"מדד המחירים הסיטוניים של מוצרים וקבוצות מוצרים נבחרים של תפוקת התעשייה ליעדים מקומיים (כולל מע""מ), לפי ענפים מקובצים, במתכונת ""הסיווג האחיד של ענפי הכלכלה - 2011""",48,מדד מחירי יצרן - תפוקת התעשייה ליעדים מקומיים,b
190140,מלפפונים כבושים,TRUE,1/16/1983,4/27/2026,"מדד המחירים הסיטוניים של מוצרים וקבוצות מוצרים נבחרים של תפוקת התעשייה ליעדים מקומיים (כולל מע""מ), לפי ענפים מקובצים, במתכונת ""הסיווג האחיד של ענפי הכלכלה - 2011""",48,מדד מחירי יצרן - תפוקת התעשייה ליעדים מקומיים,b
190150,רסק עגבניות,TRUE,1/16/1983,4/27/2026,"מדד המחירים הסיטוניים של מוצרים וקבוצות מוצרים נבחרים של תפוקת התעשייה ליעדים מקומיים (כולל מע""מ), לפי ענפים מקובצים, במתכונת ""הסיווג האחיד של ענפי הכלכלה - 2011""",48,מדד מחירי יצרן - תפוקת התעשייה ליעדים מקומיים,b
190160,זיתים,TRUE,1/16/1983,4/27/2026,"מדד המחירים הסיטוניים של מוצרים וקבוצות מוצרים נבחרים של תפוקת התעשייה ליעדים מקומיים (כולל מע""מ), לפי ענפים מקובצים, במתכונת ""הסיווג האחיד של ענפי הכלכלה - 2011""",48,מדד מחירי יצרן - תפוקת התעשייה ליעדים מקומיים,b
190165,סלטי ירקות,TRUE,1/16/2013,4/27/2026,"מדד המחירים הסיטוניים של מוצרים וקבוצות מוצרים נבחרים של תפוקת התעשייה ליעדים מקומיים (כולל מע""מ), לפי ענפים מקובצים, במתכונת ""הסיווג האחיד של ענפי הכלכלה - 2011""",48,מדד מחירי יצרן - תפוקת התעשייה ליעדים מקומיים,b
190170,ירקות מוקפאים,TRUE,1/16/1995,4/27/2026,"מדד המחירים הסיטוניים של מוצרים וקבוצות מוצרים נבחרים של תפוקת התעשייה ליעדים מקומיים (כולל מע""מ), לפי ענפים מקובצים, במתכונת ""הסיווג האחיד של ענפי הכלכלה - 2011""",48,מדד מחירי יצרן - תפוקת התעשייה ליעדים מקומיים,b
190180,מיונית,TRUE,1/16/1983,4/27/2026,"מדד המחירים הסיטוניים של מוצרים וקבוצות מוצרים נבחרים של תפוקת התעשייה ליעדים מקומיים (כולל מע""מ), לפי ענפים מקובצים, במתכונת ""הסיווג האחיד של ענפי הכלכלה - 2011""",48,מדד מחירי יצרן - תפוקת התעשייה ליעדים מקומיים,b
190190,טחינה וחומוס,TRUE,1/16/1983,4/27/2026,"מדד המחירים הסיטוניים של מוצרים וקבוצות מוצרים נבחרים של תפוקת התעשייה ליעדים מקומיים (כולל מע""מ), לפי ענפים מקובצים, במתכונת ""הסיווג האחיד של ענפי הכלכלה - 2011""",48,מדד מחירי יצרן - תפוקת התעשייה ליעדים מקומיים,b
190200,מרגרינה,TRUE,1/16/1983,4/27/2026,"מדד המחירים הסיטוניים של מוצרים וקבוצות מוצרים נבחרים של תפוקת התעשייה ליעדים מקומיים (כולל מע""מ), לפי ענפים מקובצים, במתכונת ""הסיווג האחיד של ענפי הכלכלה - 2011""",48,מדד מחירי יצרן - תפוקת התעשייה ליעדים מקומיים,b
190210,קמח לבן,TRUE,1/16/1983,4/27/2026,"מדד המחירים הסיטוניים של מוצרים וקבוצות מוצרים נבחרים של תפוקת התעשייה ליעדים מקומיים (כולל מע""מ), לפי ענפים מקובצים, במתכונת ""הסיווג האחיד של ענפי הכלכלה - 2011""",48,מדד מחירי יצרן - תפוקת התעשייה ליעדים מקומיים,b
190215,קמח אחיד,TRUE,2/16/2021,4/27/2026,"מדד המחירים הסיטוניים של מוצרים וקבוצות מוצרים נבחרים של תפוקת התעשייה ליעדים מקומיים (כולל מע""מ), לפי ענפים מקובצים, במתכונת ""הסיווג האחיד של ענפי הכלכלה - 2011""",48,מדד מחירי יצרן - תפוקת התעשייה ליעדים מקומיים,b
190220,לחם לבן,TRUE,1/16/1983,4/27/2026,"מדד המחירים הסיטוניים של מוצרים וקבוצות מוצרים נבחרים של תפוקת התעשייה ליעדים מקומיים (כולל מע""מ), לפי ענפים מקובצים, במתכונת ""הסיווג האחיד של ענפי הכלכלה - 2011""",48,מדד מחירי יצרן - תפוקת התעשייה ליעדים מקומיים,b
190230,לחם אחיד,TRUE,1/16/1995,4/27/2026,"מדד המחירים הסיטוניים של מוצרים וקבוצות מוצרים נבחרים של תפוקת התעשייה ליעדים מקומיים (כולל מע""מ), לפי ענפים מקובצים, במתכונת ""הסיווג האחיד של ענפי הכלכלה - 2011""",48,מדד מחירי יצרן - תפוקת התעשייה ליעדים מקומיים,b
190231,לחם ארוז ופרוס,TRUE,1/16/2006,4/27/2026,"מדד המחירים הסיטוניים של מוצרים וקבוצות מוצרים נבחרים של תפוקת התעשייה ליעדים מקומיים (כולל מע""מ), לפי ענפים מקובצים, במתכונת ""הסיווג האחיד של ענפי הכלכלה - 2011""",48,מדד מחירי יצרן - תפוקת התעשייה ליעדים מקומיים,b
190233,לחם מיוחד,TRUE,1/16/2006,4/27/2026,"מדד המחירים הסיטוניים של מוצרים וקבוצות מוצרים נבחרים של תפוקת התעשייה ליעדים מקומיים (כולל מע""מ), לפי ענפים מקובצים, במתכונת ""הסיווג האחיד של ענפי הכלכלה - 2011""",48,מדד מחירי יצרן - תפוקת התעשייה ליעדים מקומיים,b
180150,"מוצרי קונדיטוריה, ביסקוויטים וופלים",TRUE,1/16/1983,4/27/2026,"מדד המחירים הסיטוניים של מוצרים וקבוצות מוצרים נבחרים של תפוקת התעשייה ליעדים מקומיים (כולל מע""מ), לפי ענפים מקובצים, במתכונת ""הסיווג האחיד של ענפי הכלכלה - 2011""",48,מדד מחירי יצרן - תפוקת התעשייה ליעדים מקומיים,b
190235,עוגות מוכנות,TRUE,1/16/2006,4/27/2026,"מדד המחירים הסיטוניים של מוצרים וקבוצות מוצרים נבחרים של תפוקת התעשייה ליעדים מקומיים (כולל מע""מ), לפי ענפים מקובצים, במתכונת ""הסיווג האחיד של ענפי הכלכלה - 2011""",48,מדד מחירי יצרן - תפוקת התעשייה ליעדים מקומיים,b
190237,מוצרי בצק קפואים,TRUE,1/16/2006,4/27/2026,"מדד המחירים הסיטוניים של מוצרים וקבוצות מוצרים נבחרים של תפוקת התעשייה ליעדים מקומיים (כולל מע""מ), לפי ענפים מקובצים, במתכונת ""הסיווג האחיד של ענפי הכלכלה - 2011""",48,מדד מחירי יצרן - תפוקת התעשייה ליעדים מקומיים,b
190239,מזון מוכן קפוא,TRUE,1/16/2006,4/27/2026,"מדד המחירים הסיטוניים של מוצרים וקבוצות מוצרים נבחרים של תפוקת התעשייה ליעדים מקומיים (כולל מע""מ), לפי ענפים מקובצים, במתכונת ""הסיווג האחיד של ענפי הכלכלה - 2011""",48,מדד מחירי יצרן - תפוקת התעשייה ליעדים מקומיים,b
190250,ממתקים,TRUE,1/16/1983,4/27/2026,"מדד המחירים הסיטוניים של מוצרים וקבוצות מוצרים נבחרים של תפוקת התעשייה ליעדים מקומיים (כולל מע""מ), לפי ענפים מקובצים, במתכונת ""הסיווג האחיד של ענפי הכלכלה - 2011""",48,מדד מחירי יצרן - תפוקת התעשייה ליעדים מקומיים,b
190260,שוקולד,TRUE,1/16/1983,4/27/2026,"מדד המחירים הסיטוניים של מוצרים וקבוצות מוצרים נבחרים של תפוקת התעשייה ליעדים מקומיים (כולל מע""מ), לפי ענפים מקובצים, במתכונת ""הסיווג האחיד של ענפי הכלכלה - 2011""",48,מדד מחירי יצרן - תפוקת התעשייה ליעדים מקומיים,b
190270,שמן,TRUE,1/16/1983,4/27/2026,"מדד המחירים הסיטוניים של מוצרים וקבוצות מוצרים נבחרים של תפוקת התעשייה ליעדים מקומיים (כולל מע""מ), לפי ענפים מקובצים, במתכונת ""הסיווג האחיד של ענפי הכלכלה - 2011""",48,מדד מחירי יצרן - תפוקת התעשייה ליעדים מקומיים,b
190280,כוספה,TRUE,1/16/1983,4/27/2026,"מדד המחירים הסיטוניים של מוצרים וקבוצות מוצרים נבחרים של תפוקת התעשייה ליעדים מקומיים (כולל מע""מ), לפי ענפים מקובצים, במתכונת ""הסיווג האחיד של ענפי הכלכלה - 2011""",48,מדד מחירי יצרן - תפוקת התעשייה ליעדים מקומיים,b
190290,קפה,TRUE,1/16/1983,4/27/2026,"מדד המחירים הסיטוניים של מוצרים וקבוצות מוצרים נבחרים של תפוקת התעשייה ליעדים מקומיים (כולל מע""מ), לפי ענפים מקובצים, במתכונת ""הסיווג האחיד של ענפי הכלכלה - 2011""",48,מדד מחירי יצרן - תפוקת התעשייה ליעדים מקומיים,b
190300,אבקות מרק,TRUE,1/16/1983,4/27/2026,"מדד המחירים הסיטוניים של מוצרים וקבוצות מוצרים נבחרים של תפוקת התעשייה ליעדים מקומיים (כולל מע""מ), לפי ענפים מקובצים, במתכונת ""הסיווג האחיד של ענפי הכלכלה - 2011""",48,מדד מחירי יצרן - תפוקת התעשייה ליעדים מקומיים,b
180235,ייצור משקאות,TRUE,1/16/2013,4/27/2026,"מדד המחירים הסיטוניים של מוצרים וקבוצות מוצרים נבחרים של תפוקת התעשייה ליעדים מקומיים (כולל מע""מ), לפי ענפים מקובצים, במתכונת ""הסיווג האחיד של ענפי הכלכלה - 2011""",48,מדד מחירי יצרן - תפוקת התעשייה ליעדים מקומיים,b
190310,ייצור יינות,TRUE,1/16/1983,4/27/2026,"מדד המחירים הסיטוניים של מוצרים וקבוצות מוצרים נבחרים של תפוקת התעשייה ליעדים מקומיים (כולל מע""מ), לפי ענפים מקובצים, במתכונת ""הסיווג האחיד של ענפי הכלכלה - 2011""",48,מדד מחירי יצרן - תפוקת התעשייה ליעדים מקומיים,b
190325,זיקוק וערבוב של אלכוהול,TRUE,1/16/2006,4/27/2026,"מדד המחירים הסיטוניים של מוצרים וקבוצות מוצרים נבחרים של תפוקת התעשייה ליעדים מקומיים (כולל מע""מ), לפי ענפים מקובצים, במתכונת ""הסיווג האחיד של ענפי הכלכלה - 2011""",48,מדד מחירי יצרן - תפוקת התעשייה ליעדים מקומיים,b
190330,בירה לבנה,TRUE,1/16/1983,4/27/2026,"מדד המחירים הסיטוניים של מוצרים וקבוצות מוצרים נבחרים של תפוקת התעשייה ליעדים מקומיים (כולל מע""מ), לפי ענפים מקובצים, במתכונת ""הסיווג האחיד של ענפי הכלכלה - 2011""",48,מדד מחירי יצרן - תפוקת התעשייה ליעדים מקומיים,b
190340,משקאות קלים תוססים,TRUE,1/16/1983,4/27/2026,"מדד המחירים הסיטוניים של מוצרים וקבוצות מוצרים נבחרים של תפוקת התעשייה ליעדים מקומיים (כולל מע""מ), לפי ענפים מקובצים, במתכונת ""הסיווג האחיד של ענפי הכלכלה - 2011""",48,מדד מחירי יצרן - תפוקת התעשייה ליעדים מקומיים,b
190350,משקאות קלים לא תוססים,TRUE,1/16/1995,4/27/2026,"מדד המחירים הסיטוניים של מוצרים וקבוצות מוצרים נבחרים של תפוקת התעשייה ליעדים מקומיים (כולל מע""מ), לפי ענפים מקובצים, במתכונת ""הסיווג האחיד של ענפי הכלכלה - 2011""",48,מדד מחירי יצרן - תפוקת התעשייה ליעדים מקומיים,b
180280,ייצור  טקסטיל,TRUE,1/16/1995,4/27/2026,"מדד המחירים הסיטוניים של מוצרים וקבוצות מוצרים נבחרים של תפוקת התעשייה ליעדים מקומיים (כולל מע""מ), לפי ענפים מקובצים, במתכונת ""הסיווג האחיד של ענפי הכלכלה - 2011""",48,מדד מחירי יצרן - תפוקת התעשייה ליעדים מקומיים,b
190390,חוטי פוליאסטר,TRUE,1/16/1983,4/27/2026,"מדד המחירים הסיטוניים של מוצרים וקבוצות מוצרים נבחרים של תפוקת התעשייה ליעדים מקומיים (כולל מע""מ), לפי ענפים מקובצים, במתכונת ""הסיווג האחיד של ענפי הכלכלה - 2011""",48,מדד מחירי יצרן - תפוקת התעשייה ליעדים מקומיים,b
190430,אריגים סינתטיים,TRUE,1/16/1983,4/27/2026,"מדד המחירים הסיטוניים של מוצרים וקבוצות מוצרים נבחרים של תפוקת התעשייה ליעדים מקומיים (כולל מע""מ), לפי ענפים מקובצים, במתכונת ""הסיווג האחיד של ענפי הכלכלה - 2011""",48,מדד מחירי יצרן - תפוקת התעשייה ליעדים מקומיים,b
190433,"ציוד למחנאות, חגור צבאי  וכיסויים",TRUE,1/16/2006,4/27/2026,"מדד המחירים הסיטוניים של מוצרים וקבוצות מוצרים נבחרים של תפוקת התעשייה ליעדים מקומיים (כולל מע""מ), לפי ענפים מקובצים, במתכונת ""הסיווג האחיד של ענפי הכלכלה - 2011""",48,מדד מחירי יצרן - תפוקת התעשייה ליעדים מקומיים,b
190437,וילונות,TRUE,1/16/2006,4/27/2026,"מדד המחירים הסיטוניים של מוצרים וקבוצות מוצרים נבחרים של תפוקת התעשייה ליעדים מקומיים (כולל מע""מ), לפי ענפים מקובצים, במתכונת ""הסיווג האחיד של ענפי הכלכלה - 2011""",48,מדד מחירי יצרן - תפוקת התעשייה ליעדים מקומיים,b
180370,ייצור מוצרי הלבשה,TRUE,1/16/1995,4/27/2026,"מדד המחירים הסיטוניים של מוצרים וקבוצות מוצרים נבחרים של תפוקת התעשייה ליעדים מקומיים (כולל מע""מ), לפי ענפים מקובצים, במתכונת ""הסיווג האחיד של ענפי הכלכלה - 2011""",48,מדד מחירי יצרן - תפוקת התעשייה ליעדים מקומיים,b
190473,הלבשה עליונה לנשים,TRUE,1/16/2006,4/27/2026,"מדד המחירים הסיטוניים של מוצרים וקבוצות מוצרים נבחרים של תפוקת התעשייה ליעדים מקומיים (כולל מע""מ), לפי ענפים מקובצים, במתכונת ""הסיווג האחיד של ענפי הכלכלה - 2011""",48,מדד מחירי יצרן - תפוקת התעשייה ליעדים מקומיים,b
190510,שמלה,TRUE,1/16/1983,4/27/2026,"מדד המחירים הסיטוניים של מוצרים וקבוצות מוצרים נבחרים של תפוקת התעשייה ליעדים מקומיים (כולל מע""מ), לפי ענפים מקובצים, במתכונת ""הסיווג האחיד של ענפי הכלכלה - 2011""",48,מדד מחירי יצרן - תפוקת התעשייה ליעדים מקומיים,b
190520,חצאית,TRUE,1/16/1983,4/27/2026,"מדד המחירים הסיטוניים של מוצרים וקבוצות מוצרים נבחרים של תפוקת התעשייה ליעדים מקומיים (כולל מע""מ), לפי ענפים מקובצים, במתכונת ""הסיווג האחיד של ענפי הכלכלה - 2011""",48,מדד מחירי יצרן - תפוקת התעשייה ליעדים מקומיים,b
190530,חולצה לאישה,TRUE,1/16/1983,4/27/2026,"מדד המחירים הסיטוניים של מוצרים וקבוצות מוצרים נבחרים של תפוקת התעשייה ליעדים מקומיים (כולל מע""מ), לפי ענפים מקובצים, במתכונת ""הסיווג האחיד של ענפי הכלכלה - 2011""",48,מדד מחירי יצרן - תפוקת התעשייה ליעדים מקומיים,b
190535,מכנסיים לאשה,TRUE,1/16/2006,4/27/2026,"מדד המחירים הסיטוניים של מוצרים וקבוצות מוצרים נבחרים של תפוקת התעשייה ליעדים מקומיים (כולל מע""מ), לפי ענפים מקובצים, במתכונת ""הסיווג האחיד של ענפי הכלכלה - 2011""",48,מדד מחירי יצרן - תפוקת התעשייה ליעדים מקומיים,b
190560,פיז'מה לגבר ולילד,TRUE,1/16/1983,4/27/2026,"מדד המחירים הסיטוניים של מוצרים וקבוצות מוצרים נבחרים של תפוקת התעשייה ליעדים מקומיים (כולל מע""מ), לפי ענפים מקובצים, במתכונת ""הסיווג האחיד של ענפי הכלכלה - 2011""",48,מדד מחירי יצרן - תפוקת התעשייה ליעדים מקומיים,b
190570,פיז'מה וכותנת לילה לאישה,TRUE,1/16/1983,4/27/2026,"מדד המחירים הסיטוניים של מוצרים וקבוצות מוצרים נבחרים של תפוקת התעשייה ליעדים מקומיים (כולל מע""מ), לפי ענפים מקובצים, במתכונת ""הסיווג האחיד של ענפי הכלכלה - 2011""",48,מדד מחירי יצרן - תפוקת התעשייה ליעדים מקומיים,b
190440,הלבשה תחתונה סרוגה,TRUE,1/16/1983,4/27/2026,"מדד המחירים הסיטוניים של מוצרים וקבוצות מוצרים נבחרים של תפוקת התעשייה ליעדים מקומיים (כולל מע""מ), לפי ענפים מקובצים, במתכונת ""הסיווג האחיד של ענפי הכלכלה - 2011""",48,מדד מחירי יצרן - תפוקת התעשייה ליעדים מקומיים,b
180420,ייצור ועיבוד של מוצרי עור ואביזרים נילווים,TRUE,1/16/1995,4/27/2026,"מדד המחירים הסיטוניים של מוצרים וקבוצות מוצרים נבחרים של תפוקת התעשייה ליעדים מקומיים (כולל מע""מ), לפי ענפים מקובצים, במתכונת ""הסיווג האחיד של ענפי הכלכלה - 2011""",48,מדד מחירי יצרן - תפוקת התעשייה ליעדים מקומיים,b
190630,עור עליון,TRUE,1/16/1983,4/27/2026,"מדד המחירים הסיטוניים של מוצרים וקבוצות מוצרים נבחרים של תפוקת התעשייה ליעדים מקומיים (כולל מע""מ), לפי ענפים מקובצים, במתכונת ""הסיווג האחיד של ענפי הכלכלה - 2011""",48,מדד מחירי יצרן - תפוקת התעשייה ליעדים מקומיים,b
190650,נעליים לגבר,TRUE,1/16/1983,4/27/2026,"מדד המחירים הסיטוניים של מוצרים וקבוצות מוצרים נבחרים של תפוקת התעשייה ליעדים מקומיים (כולל מע""מ), לפי ענפים מקובצים, במתכונת ""הסיווג האחיד של ענפי הכלכלה - 2011""",48,מדד מחירי יצרן - תפוקת התעשייה ליעדים מקומיים,b
190660,נעליים לאישה,TRUE,1/16/1983,4/27/2026,"מדד המחירים הסיטוניים של מוצרים וקבוצות מוצרים נבחרים של תפוקת התעשייה ליעדים מקומיים (כולל מע""מ), לפי ענפים מקובצים, במתכונת ""הסיווג האחיד של ענפי הכלכלה - 2011""",48,מדד מחירי יצרן - תפוקת התעשייה ליעדים מקומיים,b
190690,סנדלים,TRUE,1/16/1983,4/27/2026,"מדד המחירים הסיטוניים של מוצרים וקבוצות מוצרים נבחרים של תפוקת התעשייה ליעדים מקומיים (כולל מע""מ), לפי ענפים מקובצים, במתכונת ""הסיווג האחיד של ענפי הכלכלה - 2011""",48,מדד מחירי יצרן - תפוקת התעשייה ליעדים מקומיים,b
190695,קבקבים ונעלי בית,TRUE,1/16/2013,4/27/2026,"מדד המחירים הסיטוניים של מוצרים וקבוצות מוצרים נבחרים של תפוקת התעשייה ליעדים מקומיים (כולל מע""מ), לפי ענפים מקובצים, במתכונת ""הסיווג האחיד של ענפי הכלכלה - 2011""",48,מדד מחירי יצרן - תפוקת התעשייה ליעדים מקומיים,b
180475,"ייצור מוצרי עץ, פרט לרהיטים",TRUE,1/16/2013,4/27/2026,"מדד המחירים הסיטוניים של מוצרים וקבוצות מוצרים נבחרים של תפוקת התעשייה ליעדים מקומיים (כולל מע""מ), לפי ענפים מקובצים, במתכונת ""הסיווג האחיד של ענפי הכלכלה - 2011""",48,מדד מחירי יצרן - תפוקת התעשייה ליעדים מקומיים,b
190750,ייצור מכלי עץ,TRUE,1/16/1983,4/27/2026,"מדד המחירים הסיטוניים של מוצרים וקבוצות מוצרים נבחרים של תפוקת התעשייה ליעדים מקומיים (כולל מע""מ), לפי ענפים מקובצים, במתכונת ""הסיווג האחיד של ענפי הכלכלה - 2011""",48,מדד מחירי יצרן - תפוקת התעשייה ליעדים מקומיים,b
190760,דלתות ומשקופים,TRUE,1/16/1983,4/27/2026,"מדד המחירים הסיטוניים של מוצרים וקבוצות מוצרים נבחרים של תפוקת התעשייה ליעדים מקומיים (כולל מע""מ), לפי ענפים מקובצים, במתכונת ""הסיווג האחיד של ענפי הכלכלה - 2011""",48,מדד מחירי יצרן - תפוקת התעשייה ליעדים מקומיים,b
190765,"ייצור מוצרי עץ אחרים, שעם וקש",TRUE,1/16/2006,4/27/2026,"מדד המחירים הסיטוניים של מוצרים וקבוצות מוצרים נבחרים של תפוקת התעשייה ליעדים מקומיים (כולל מע""מ), לפי ענפים מקובצים, במתכונת ""הסיווג האחיד של ענפי הכלכלה - 2011""",48,מדד מחירי יצרן - תפוקת התעשייה ליעדים מקומיים,b
180510,ייצור נייר ומוצריו,TRUE,1/16/1983,4/27/2026,"מדד המחירים הסיטוניים של מוצרים וקבוצות מוצרים נבחרים של תפוקת התעשייה ליעדים מקומיים (כולל מע""מ), לפי ענפים מקובצים, במתכונת ""הסיווג האחיד של ענפי הכלכלה - 2011""",48,מדד מחירי יצרן - תפוקת התעשייה ליעדים מקומיים,b
190790,נייר לבן גולמי וחתוך לכתיבה ולהדפסה,TRUE,1/16/1983,4/27/2026,"מדד המחירים הסיטוניים של מוצרים וקבוצות מוצרים נבחרים של תפוקת התעשייה ליעדים מקומיים (כולל מע""מ), לפי ענפים מקובצים, במתכונת ""הסיווג האחיד של ענפי הכלכלה - 2011""",48,מדד מחירי יצרן - תפוקת התעשייה ליעדים מקומיים,b
190800,קרטון גולמי בלתי מעובד,TRUE,1/16/1983,4/27/2026,"מדד המחירים הסיטוניים של מוצרים וקבוצות מוצרים נבחרים של תפוקת התעשייה ליעדים מקומיים (כולל מע""מ), לפי ענפים מקובצים, במתכונת ""הסיווג האחיד של ענפי הכלכלה - 2011""",48,מדד מחירי יצרן - תפוקת התעשייה ליעדים מקומיים,b
190820,מעטפות,TRUE,1/16/1983,4/27/2026,"מדד המחירים הסיטוניים של מוצרים וקבוצות מוצרים נבחרים של תפוקת התעשייה ליעדים מקומיים (כולל מע""מ), לפי ענפים מקובצים, במתכונת ""הסיווג האחיד של ענפי הכלכלה - 2011""",48,מדד מחירי יצרן - תפוקת התעשייה ליעדים מקומיים,b
190830,שקי נייר,TRUE,1/16/1983,4/27/2026,"מדד המחירים הסיטוניים של מוצרים וקבוצות מוצרים נבחרים של תפוקת התעשייה ליעדים מקומיים (כולל מע""מ), לפי ענפים מקובצים, במתכונת ""הסיווג האחיד של ענפי הכלכלה - 2011""",48,מדד מחירי יצרן - תפוקת התעשייה ליעדים מקומיים,b
190840,שקיות נייר,TRUE,1/16/1983,4/27/2026,"מדד המחירים הסיטוניים של מוצרים וקבוצות מוצרים נבחרים של תפוקת התעשייה ליעדים מקומיים (כולל מע""מ), לפי ענפים מקובצים, במתכונת ""הסיווג האחיד של ענפי הכלכלה - 2011""",48,מדד מחירי יצרן - תפוקת התעשייה ליעדים מקומיים,b
190850,קופסאות קרטון,TRUE,1/16/1983,4/27/2026,"מדד המחירים הסיטוניים של מוצרים וקבוצות מוצרים נבחרים של תפוקת התעשייה ליעדים מקומיים (כולל מע""מ), לפי ענפים מקובצים, במתכונת ""הסיווג האחיד של ענפי הכלכלה - 2011""",48,מדד מחירי יצרן - תפוקת התעשייה ליעדים מקומיים,b
190860,נייר טואלט,TRUE,1/16/1995,4/27/2026,"מדד המחירים הסיטוניים של מוצרים וקבוצות מוצרים נבחרים של תפוקת התעשייה ליעדים מקומיים (כולל מע""מ), לפי ענפים מקובצים, במתכונת ""הסיווג האחיד של ענפי הכלכלה - 2011""",48,מדד מחירי יצרן - תפוקת התעשייה ליעדים מקומיים,b
190870,חיתולים חד-פעמיים לתינוקות ולפעוטות,TRUE,1/16/1995,4/27/2026,"מדד המחירים הסיטוניים של מוצרים וקבוצות מוצרים נבחרים של תפוקת התעשייה ליעדים מקומיים (כולל מע""מ), לפי ענפים מקובצים, במתכונת ""הסיווג האחיד של ענפי הכלכלה - 2011""",48,מדד מחירי יצרן - תפוקת התעשייה ליעדים מקומיים,b
180610,ייצור מוצרי נפט מזוקק,TRUE,1/16/1995,4/27/2026,"מדד המחירים הסיטוניים של מוצרים וקבוצות מוצרים נבחרים של תפוקת התעשייה ליעדים מקומיים (כולל מע""מ), לפי ענפים מקובצים, במתכונת ""הסיווג האחיד של ענפי הכלכלה - 2011""",48,מדד מחירי יצרן - תפוקת התעשייה ליעדים מקומיים,b
190910,שמנים,TRUE,1/16/1983,4/27/2026,"מדד המחירים הסיטוניים של מוצרים וקבוצות מוצרים נבחרים של תפוקת התעשייה ליעדים מקומיים (כולל מע""מ), לפי ענפים מקובצים, במתכונת ""הסיווג האחיד של ענפי הכלכלה - 2011""",48,מדד מחירי יצרן - תפוקת התעשייה ליעדים מקומיים,b
180625,ייצור כימיקלים ומוצריהם,TRUE,1/16/2013,4/27/2026,"מדד המחירים הסיטוניים של מוצרים וקבוצות מוצרים נבחרים של תפוקת התעשייה ליעדים מקומיים (כולל מע""מ), לפי ענפים מקובצים, במתכונת ""הסיווג האחיד של ענפי הכלכלה - 2011""",48,מדד מחירי יצרן - תפוקת התעשייה ליעדים מקומיים,b
190920,יסודות גזיים,TRUE,1/16/1983,4/27/2026,"מדד המחירים הסיטוניים של מוצרים וקבוצות מוצרים נבחרים של תפוקת התעשייה ליעדים מקומיים (כולל מע""מ), לפי ענפים מקובצים, במתכונת ""הסיווג האחיד של ענפי הכלכלה - 2011""",48,מדד מחירי יצרן - תפוקת התעשייה ליעדים מקומיים,b
190930,חומצות,TRUE,1/16/1983,4/27/2026,"מדד המחירים הסיטוניים של מוצרים וקבוצות מוצרים נבחרים של תפוקת התעשייה ליעדים מקומיים (כולל מע""מ), לפי ענפים מקובצים, במתכונת ""הסיווג האחיד של ענפי הכלכלה - 2011""",48,מדד מחירי יצרן - תפוקת התעשייה ליעדים מקומיים,b
190950,אמון גפרתי,TRUE,1/16/1983,4/27/2026,"מדד המחירים הסיטוניים של מוצרים וקבוצות מוצרים נבחרים של תפוקת התעשייה ליעדים מקומיים (כולל מע""מ), לפי ענפים מקובצים, במתכונת ""הסיווג האחיד של ענפי הכלכלה - 2011""",48,מדד מחירי יצרן - תפוקת התעשייה ליעדים מקומיים,b
191030,סבון רחצה,TRUE,1/16/1983,4/27/2026,"מדד המחירים הסיטוניים של מוצרים וקבוצות מוצרים נבחרים של תפוקת התעשייה ליעדים מקומיים (כולל מע""מ), לפי ענפים מקובצים, במתכונת ""הסיווג האחיד של ענפי הכלכלה - 2011""",48,מדד מחירי יצרן - תפוקת התעשייה ליעדים מקומיים,b
191040,אבקת כביסה,TRUE,1/16/1983,4/27/2026,"מדד המחירים הסיטוניים של מוצרים וקבוצות מוצרים נבחרים של תפוקת התעשייה ליעדים מקומיים (כולל מע""מ), לפי ענפים מקובצים, במתכונת ""הסיווג האחיד של ענפי הכלכלה - 2011""",48,מדד מחירי יצרן - תפוקת התעשייה ליעדים מקומיים,b
191060,צבעים,TRUE,1/16/1983,4/27/2026,"מדד המחירים הסיטוניים של מוצרים וקבוצות מוצרים נבחרים של תפוקת התעשייה ליעדים מקומיים (כולל מע""מ), לפי ענפים מקובצים, במתכונת ""הסיווג האחיד של ענפי הכלכלה - 2011""",48,מדד מחירי יצרן - תפוקת התעשייה ליעדים מקומיים,b
191070,דבק,TRUE,1/16/1983,4/27/2026,"מדד המחירים הסיטוניים של מוצרים וקבוצות מוצרים נבחרים של תפוקת התעשייה ליעדים מקומיים (כולל מע""מ), לפי ענפים מקובצים, במתכונת ""הסיווג האחיד של ענפי הכלכלה - 2011""",48,מדד מחירי יצרן - תפוקת התעשייה ליעדים מקומיים,b
191080,תכשירים להדברת חרקים,TRUE,1/16/1983,4/27/2026,"מדד המחירים הסיטוניים של מוצרים וקבוצות מוצרים נבחרים של תפוקת התעשייה ליעדים מקומיים (כולל מע""מ), לפי ענפים מקובצים, במתכונת ""הסיווג האחיד של ענפי הכלכלה - 2011""",48,מדד מחירי יצרן - תפוקת התעשייה ליעדים מקומיים,b
191090,חומרי חיטוי לאסלה,TRUE,1/16/1983,4/27/2026,"מדד המחירים הסיטוניים של מוצרים וקבוצות מוצרים נבחרים של תפוקת התעשייה ליעדים מקומיים (כולל מע""מ), לפי ענפים מקובצים, במתכונת ""הסיווג האחיד של ענפי הכלכלה - 2011""",48,מדד מחירי יצרן - תפוקת התעשייה ליעדים מקומיים,b
180680,ייצור תרופות לבני אדם ולשימוש וטרינרי,TRUE,1/16/1983,4/27/2026,"מדד המחירים הסיטוניים של מוצרים וקבוצות מוצרים נבחרים של תפוקת התעשייה ליעדים מקומיים (כולל מע""מ), לפי ענפים מקובצים, במתכונת ""הסיווג האחיד של ענפי הכלכלה - 2011""",48,מדד מחירי יצרן - תפוקת התעשייה ליעדים מקומיים,b
190975,תרופות לבני אדם,TRUE,1/16/2000,4/27/2026,"מדד המחירים הסיטוניים של מוצרים וקבוצות מוצרים נבחרים של תפוקת התעשייה ליעדים מקומיים (כולל מע""מ), לפי ענפים מקובצים, במתכונת ""הסיווג האחיד של ענפי הכלכלה - 2011""",48,מדד מחירי יצרן - תפוקת התעשייה ליעדים מקומיים,b
191020,תרופות לשימוש וטרינרי,TRUE,1/16/1983,4/27/2026,"מדד המחירים הסיטוניים של מוצרים וקבוצות מוצרים נבחרים של תפוקת התעשייה ליעדים מקומיים (כולל מע""מ), לפי ענפים מקובצים, במתכונת ""הסיווג האחיד של ענפי הכלכלה - 2011""",48,מדד מחירי יצרן - תפוקת התעשייה ליעדים מקומיים,b
192040,צמר גפן,TRUE,1/16/1983,4/27/2026,"מדד המחירים הסיטוניים של מוצרים וקבוצות מוצרים נבחרים של תפוקת התעשייה ליעדים מקומיים (כולל מע""מ), לפי ענפים מקובצים, במתכונת ""הסיווג האחיד של ענפי הכלכלה - 2011""",48,מדד מחירי יצרן - תפוקת התעשייה ליעדים מקומיים,b
180720,ייצור מוצרי גומי ופלסטיק,TRUE,1/16/1995,4/27/2026,"מדד המחירים הסיטוניים של מוצרים וקבוצות מוצרים נבחרים של תפוקת התעשייה ליעדים מקומיים (כולל מע""מ), לפי ענפים מקובצים, במתכונת ""הסיווג האחיד של ענפי הכלכלה - 2011""",48,מדד מחירי יצרן - תפוקת התעשייה ליעדים מקומיים,b
191125,צינורות מגומי ומוצריהם,TRUE,1/16/2006,4/27/2026,"מדד המחירים הסיטוניים של מוצרים וקבוצות מוצרים נבחרים של תפוקת התעשייה ליעדים מקומיים (כולל מע""מ), לפי ענפים מקובצים, במתכונת ""הסיווג האחיד של ענפי הכלכלה - 2011""",48,מדד מחירי יצרן - תפוקת התעשייה ליעדים מקומיים,b
191150,לוחות ופרופילים מגומי,TRUE,1/16/1983,4/27/2026,"מדד המחירים הסיטוניים של מוצרים וקבוצות מוצרים נבחרים של תפוקת התעשייה ליעדים מקומיים (כולל מע""מ), לפי ענפים מקובצים, במתכונת ""הסיווג האחיד של ענפי הכלכלה - 2011""",48,מדד מחירי יצרן - תפוקת התעשייה ליעדים מקומיים,b
191170,צינורות פלסטיים לסוגיהם,TRUE,1/16/1983,4/27/2026,"מדד המחירים הסיטוניים של מוצרים וקבוצות מוצרים נבחרים של תפוקת התעשייה ליעדים מקומיים (כולל מע""מ), לפי ענפים מקובצים, במתכונת ""הסיווג האחיד של ענפי הכלכלה - 2011""",48,מדד מחירי יצרן - תפוקת התעשייה ליעדים מקומיים,b
191175,אביזרי צנרת להשקייה,TRUE,1/16/2006,4/27/2026,"מדד המחירים הסיטוניים של מוצרים וקבוצות מוצרים נבחרים של תפוקת התעשייה ליעדים מקומיים (כולל מע""מ), לפי ענפים מקובצים, במתכונת ""הסיווג האחיד של ענפי הכלכלה - 2011""",48,מדד מחירי יצרן - תפוקת התעשייה ליעדים מקומיים,b
191180,מושבי אסלה,TRUE,1/16/1983,4/27/2026,"מדד המחירים הסיטוניים של מוצרים וקבוצות מוצרים נבחרים של תפוקת התעשייה ליעדים מקומיים (כולל מע""מ), לפי ענפים מקובצים, במתכונת ""הסיווג האחיד של ענפי הכלכלה - 2011""",48,מדד מחירי יצרן - תפוקת התעשייה ליעדים מקומיים,b
191200,יריעות ושרוולים פלסטיים,TRUE,1/16/1983,4/27/2026,"מדד המחירים הסיטוניים של מוצרים וקבוצות מוצרים נבחרים של תפוקת התעשייה ליעדים מקומיים (כולל מע""מ), לפי ענפים מקובצים, במתכונת ""הסיווג האחיד של ענפי הכלכלה - 2011""",48,מדד מחירי יצרן - תפוקת התעשייה ליעדים מקומיים,b
191215,לוחות פלסטיים,TRUE,1/16/2001,4/27/2026,"מדד המחירים הסיטוניים של מוצרים וקבוצות מוצרים נבחרים של תפוקת התעשייה ליעדים מקומיים (כולל מע""מ), לפי ענפים מקובצים, במתכונת ""הסיווג האחיד של ענפי הכלכלה - 2011""",48,מדד מחירי יצרן - תפוקת התעשייה ליעדים מקומיים,b
191220,כלי בית מפלסטיק,TRUE,1/16/1983,4/27/2026,"מדד המחירים הסיטוניים של מוצרים וקבוצות מוצרים נבחרים של תפוקת התעשייה ליעדים מקומיים (כולל מע""מ), לפי ענפים מקובצים, במתכונת ""הסיווג האחיד של ענפי הכלכלה - 2011""",48,מדד מחירי יצרן - תפוקת התעשייה ליעדים מקומיים,b
191230,שקים ושקיות מניילון לאריזה ולאשפה,TRUE,1/16/1995,4/27/2026,"מדד המחירים הסיטוניים של מוצרים וקבוצות מוצרים נבחרים של תפוקת התעשייה ליעדים מקומיים (כולל מע""מ), לפי ענפים מקובצים, במתכונת ""הסיווג האחיד של ענפי הכלכלה - 2011""",48,מדד מחירי יצרן - תפוקת התעשייה ליעדים מקומיים,b
191240,מוצרי פלסטיק מוקצף,TRUE,1/16/1995,4/27/2026,"מדד המחירים הסיטוניים של מוצרים וקבוצות מוצרים נבחרים של תפוקת התעשייה ליעדים מקומיים (כולל מע""מ), לפי ענפים מקובצים, במתכונת ""הסיווג האחיד של ענפי הכלכלה - 2011""",48,מדד מחירי יצרן - תפוקת התעשייה ליעדים מקומיים,b
191245,ארגזי הובלה מפלסטיק,TRUE,1/16/2006,4/27/2026,"מדד המחירים הסיטוניים של מוצרים וקבוצות מוצרים נבחרים של תפוקת התעשייה ליעדים מקומיים (כולל מע""מ), לפי ענפים מקובצים, במתכונת ""הסיווג האחיד של ענפי הכלכלה - 2011""",48,מדד מחירי יצרן - תפוקת התעשייה ליעדים מקומיים,b
180810,ייצור מוצרים על בסיס מינרלים אל-מתכתיים,TRUE,1/16/1983,4/27/2026,"מדד המחירים הסיטוניים של מוצרים וקבוצות מוצרים נבחרים של תפוקת התעשייה ליעדים מקומיים (כולל מע""מ), לפי ענפים מקובצים, במתכונת ""הסיווג האחיד של ענפי הכלכלה - 2011""",48,מדד מחירי יצרן - תפוקת התעשייה ליעדים מקומיים,b
191310,מוצרים טרומיים מבטון,TRUE,1/16/1983,4/27/2026,"מדד המחירים הסיטוניים של מוצרים וקבוצות מוצרים נבחרים של תפוקת התעשייה ליעדים מקומיים (כולל מע""מ), לפי ענפים מקובצים, במתכונת ""הסיווג האחיד של ענפי הכלכלה - 2011""",48,מדד מחירי יצרן - תפוקת התעשייה ליעדים מקומיים,b
191320,בלוקים מבטון,TRUE,1/16/1983,4/27/2026,"מדד המחירים הסיטוניים של מוצרים וקבוצות מוצרים נבחרים של תפוקת התעשייה ליעדים מקומיים (כולל מע""מ), לפי ענפים מקובצים, במתכונת ""הסיווג האחיד של ענפי הכלכלה - 2011""",48,מדד מחירי יצרן - תפוקת התעשייה ליעדים מקומיים,b
191330,מרצפות ופנלים,TRUE,1/16/1983,4/27/2026,"מדד המחירים הסיטוניים של מוצרים וקבוצות מוצרים נבחרים של תפוקת התעשייה ליעדים מקומיים (כולל מע""מ), לפי ענפים מקובצים, במתכונת ""הסיווג האחיד של ענפי הכלכלה - 2011""",48,מדד מחירי יצרן - תפוקת התעשייה ליעדים מקומיים,b
191350,צינורות ואביזרי ביוב מבטון,TRUE,1/16/1983,4/27/2026,"מדד המחירים הסיטוניים של מוצרים וקבוצות מוצרים נבחרים של תפוקת התעשייה ליעדים מקומיים (כולל מע""מ), לפי ענפים מקובצים, במתכונת ""הסיווג האחיד של ענפי הכלכלה - 2011""",48,מדד מחירי יצרן - תפוקת התעשייה ליעדים מקומיים,b
191370,עיבוד אבן ושיש,TRUE,1/16/1983,4/27/2026,"מדד המחירים הסיטוניים של מוצרים וקבוצות מוצרים נבחרים של תפוקת התעשייה ליעדים מקומיים (כולל מע""מ), לפי ענפים מקובצים, במתכונת ""הסיווג האחיד של ענפי הכלכלה - 2011""",48,מדד מחירי יצרן - תפוקת התעשייה ליעדים מקומיים,b
191375,מוצרי אספלט וזפת,TRUE,1/16/2013,4/27/2026,"מדד המחירים הסיטוניים של מוצרים וקבוצות מוצרים נבחרים של תפוקת התעשייה ליעדים מקומיים (כולל מע""מ), לפי ענפים מקובצים, במתכונת ""הסיווג האחיד של ענפי הכלכלה - 2011""",48,מדד מחירי יצרן - תפוקת התעשייה ליעדים מקומיים,b
190020,סיד מעובד,TRUE,1/16/1983,4/27/2026,"מדד המחירים הסיטוניים של מוצרים וקבוצות מוצרים נבחרים של תפוקת התעשייה ליעדים מקומיים (כולל מע""מ), לפי ענפים מקובצים, במתכונת ""הסיווג האחיד של ענפי הכלכלה - 2011""",48,מדד מחירי יצרן - תפוקת התעשייה ליעדים מקומיים,b
180880,תעשיית מתכות בסיסיות,TRUE,1/16/1983,4/27/2026,"מדד המחירים הסיטוניים של מוצרים וקבוצות מוצרים נבחרים של תפוקת התעשייה ליעדים מקומיים (כולל מע""מ), לפי ענפים מקובצים, במתכונת ""הסיווג האחיד של ענפי הכלכלה - 2011""",48,מדד מחירי יצרן - תפוקת התעשייה ליעדים מקומיים,b
191380,ברזל עגול ומצולע,TRUE,1/16/1983,4/27/2026,"מדד המחירים הסיטוניים של מוצרים וקבוצות מוצרים נבחרים של תפוקת התעשייה ליעדים מקומיים (כולל מע""מ), לפי ענפים מקובצים, במתכונת ""הסיווג האחיד של ענפי הכלכלה - 2011""",48,מדד מחירי יצרן - תפוקת התעשייה ליעדים מקומיים,b
191390,פחים וסרטים מפלדה,TRUE,1/16/1983,4/27/2026,"מדד המחירים הסיטוניים של מוצרים וקבוצות מוצרים נבחרים של תפוקת התעשייה ליעדים מקומיים (כולל מע""מ), לפי ענפים מקובצים, במתכונת ""הסיווג האחיד של ענפי הכלכלה - 2011""",48,מדד מחירי יצרן - תפוקת התעשייה ליעדים מקומיים,b
191400,מוטות פלדה,TRUE,1/16/1983,4/27/2026,"מדד המחירים הסיטוניים של מוצרים וקבוצות מוצרים נבחרים של תפוקת התעשייה ליעדים מקומיים (כולל מע""מ), לפי ענפים מקובצים, במתכונת ""הסיווג האחיד של ענפי הכלכלה - 2011""",48,מדד מחירי יצרן - תפוקת התעשייה ליעדים מקומיים,b
191410,יציקות ממתכות אל-ברזליות,TRUE,1/16/1983,4/27/2026,"מדד המחירים הסיטוניים של מוצרים וקבוצות מוצרים נבחרים של תפוקת התעשייה ליעדים מקומיים (כולל מע""מ), לפי ענפים מקובצים, במתכונת ""הסיווג האחיד של ענפי הכלכלה - 2011""",48,מדד מחירי יצרן - תפוקת התעשייה ליעדים מקומיים,b
191420,פרופילים מאלומיניום,TRUE,1/16/1983,4/27/2026,"מדד המחירים הסיטוניים של מוצרים וקבוצות מוצרים נבחרים של תפוקת התעשייה ליעדים מקומיים (כולל מע""מ), לפי ענפים מקובצים, במתכונת ""הסיווג האחיד של ענפי הכלכלה - 2011""",48,מדד מחירי יצרן - תפוקת התעשייה ליעדים מקומיים,b
191435,פרופילים מפלדה,TRUE,2/16/2003,4/27/2026,"מדד המחירים הסיטוניים של מוצרים וקבוצות מוצרים נבחרים של תפוקת התעשייה ליעדים מקומיים (כולל מע""מ), לפי ענפים מקובצים, במתכונת ""הסיווג האחיד של ענפי הכלכלה - 2011""",48,מדד מחירי יצרן - תפוקת התעשייה ליעדים מקומיים,b
180910,ברזל ופלדה יצוקים,TRUE,1/16/1983,4/27/2026,"מדד המחירים הסיטוניים של מוצרים וקבוצות מוצרים נבחרים של תפוקת התעשייה ליעדים מקומיים (כולל מע""מ), לפי ענפים מקובצים, במתכונת ""הסיווג האחיד של ענפי הכלכלה - 2011""",48,מדד מחירי יצרן - תפוקת התעשייה ליעדים מקומיים,b
180920,צינורות מתכת,TRUE,1/16/1983,4/27/2026,"מדד המחירים הסיטוניים של מוצרים וקבוצות מוצרים נבחרים של תפוקת התעשייה ליעדים מקומיים (כולל מע""מ), לפי ענפים מקובצים, במתכונת ""הסיווג האחיד של ענפי הכלכלה - 2011""",48,מדד מחירי יצרן - תפוקת התעשייה ליעדים מקומיים,b
180940,ייצור מוצרי מתכת,TRUE,1/16/1995,4/27/2026,"מדד המחירים הסיטוניים של מוצרים וקבוצות מוצרים נבחרים של תפוקת התעשייה ליעדים מקומיים (כולל מע""מ), לפי ענפים מקובצים, במתכונת ""הסיווג האחיד של ענפי הכלכלה - 2011""",48,מדד מחירי יצרן - תפוקת התעשייה ליעדים מקומיים,b
191450,אביזרים לצינורות מברזל ומפלדה,TRUE,1/16/1983,4/27/2026,"מדד המחירים הסיטוניים של מוצרים וקבוצות מוצרים נבחרים של תפוקת התעשייה ליעדים מקומיים (כולל מע""מ), לפי ענפים מקובצים, במתכונת ""הסיווג האחיד של ענפי הכלכלה - 2011""",48,מדד מחירי יצרן - תפוקת התעשייה ליעדים מקומיים,b
191510,קופסאות פח לשימורים ונוזלים,TRUE,1/16/1983,4/27/2026,"מדד המחירים הסיטוניים של מוצרים וקבוצות מוצרים נבחרים של תפוקת התעשייה ליעדים מקומיים (כולל מע""מ), לפי ענפים מקובצים, במתכונת ""הסיווג האחיד של ענפי הכלכלה - 2011""",48,מדד מחירי יצרן - תפוקת התעשייה ליעדים מקומיים,b
191520,חביות מפח,TRUE,1/16/1995,4/27/2026,"מדד המחירים הסיטוניים של מוצרים וקבוצות מוצרים נבחרים של תפוקת התעשייה ליעדים מקומיים (כולל מע""מ), לפי ענפים מקובצים, במתכונת ""הסיווג האחיד של ענפי הכלכלה - 2011""",48,מדד מחירי יצרן - תפוקת התעשייה ליעדים מקומיים,b
191540,אלקטרודות,TRUE,1/16/1983,4/27/2026,"מדד המחירים הסיטוניים של מוצרים וקבוצות מוצרים נבחרים של תפוקת התעשייה ליעדים מקומיים (כולל מע""מ), לפי ענפים מקובצים, במתכונת ""הסיווג האחיד של ענפי הכלכלה - 2011""",48,מדד מחירי יצרן - תפוקת התעשייה ליעדים מקומיים,b
191550,"מסמרים, מסמרות, ווים",TRUE,1/16/1983,4/27/2026,"מדד המחירים הסיטוניים של מוצרים וקבוצות מוצרים נבחרים של תפוקת התעשייה ליעדים מקומיים (כולל מע""מ), לפי ענפים מקובצים, במתכונת ""הסיווג האחיד של ענפי הכלכלה - 2011""",48,מדד מחירי יצרן - תפוקת התעשייה ליעדים מקומיים,b
191560,רשתות מחוטי מתכת,TRUE,1/16/1983,4/27/2026,"מדד המחירים הסיטוניים של מוצרים וקבוצות מוצרים נבחרים של תפוקת התעשייה ליעדים מקומיים (כולל מע""מ), לפי ענפים מקובצים, במתכונת ""הסיווג האחיד של ענפי הכלכלה - 2011""",48,מדד מחירי יצרן - תפוקת התעשייה ליעדים מקומיים,b
191580,כלי בישול,TRUE,1/16/1983,4/27/2026,"מדד המחירים הסיטוניים של מוצרים וקבוצות מוצרים נבחרים של תפוקת התעשייה ליעדים מקומיים (כולל מע""מ), לפי ענפים מקובצים, במתכונת ""הסיווג האחיד של ענפי הכלכלה - 2011""",48,מדד מחירי יצרן - תפוקת התעשייה ליעדים מקומיים,b
191590,"סכו""ם",TRUE,1/16/1983,4/27/2026,"מדד המחירים הסיטוניים של מוצרים וקבוצות מוצרים נבחרים של תפוקת התעשייה ליעדים מקומיים (כולל מע""מ), לפי ענפים מקובצים, במתכונת ""הסיווג האחיד של ענפי הכלכלה - 2011""",48,מדד מחירי יצרן - תפוקת התעשייה ליעדים מקומיים,b
191600,כלי עבודה לתעשייה ולחקלאות,TRUE,1/16/1983,4/27/2026,"מדד המחירים הסיטוניים של מוצרים וקבוצות מוצרים נבחרים של תפוקת התעשייה ליעדים מקומיים (כולל מע""מ), לפי ענפים מקובצים, במתכונת ""הסיווג האחיד של ענפי הכלכלה - 2011""",48,מדד מחירי יצרן - תפוקת התעשייה ליעדים מקומיים,b
191610,דלת פלדה,TRUE,1/16/1995,4/27/2026,"מדד המחירים הסיטוניים של מוצרים וקבוצות מוצרים נבחרים של תפוקת התעשייה ליעדים מקומיים (כולל מע""מ), לפי ענפים מקובצים, במתכונת ""הסיווג האחיד של ענפי הכלכלה - 2011""",48,מדד מחירי יצרן - תפוקת התעשייה ליעדים מקומיים,b
191630,בריחים ומנעולים,TRUE,1/16/1995,4/27/2026,"מדד המחירים הסיטוניים של מוצרים וקבוצות מוצרים נבחרים של תפוקת התעשייה ליעדים מקומיים (כולל מע""מ), לפי ענפים מקובצים, במתכונת ""הסיווג האחיד של ענפי הכלכלה - 2011""",48,מדד מחירי יצרן - תפוקת התעשייה ליעדים מקומיים,b
191650,ברגים ואומים,TRUE,1/16/1983,4/27/2026,"מדד המחירים הסיטוניים של מוצרים וקבוצות מוצרים נבחרים של תפוקת התעשייה ליעדים מקומיים (כולל מע""מ), לפי ענפים מקובצים, במתכונת ""הסיווג האחיד של ענפי הכלכלה - 2011""",48,מדד מחירי יצרן - תפוקת התעשייה ליעדים מקומיים,b
181153,"ייצור מחשבים, מכשור אלקטרוני ואופטי",TRUE,1/16/2013,4/27/2026,"מדד המחירים הסיטוניים של מוצרים וקבוצות מוצרים נבחרים של תפוקת התעשייה ליעדים מקומיים (כולל מע""מ), לפי ענפים מקובצים, במתכונת ""הסיווג האחיד של ענפי הכלכלה - 2011""",48,מדד מחירי יצרן - תפוקת התעשייה ליעדים מקומיים,b
191850,מכשירי קשר אלחוטיים,TRUE,1/16/1983,4/27/2026,"מדד המחירים הסיטוניים של מוצרים וקבוצות מוצרים נבחרים של תפוקת התעשייה ליעדים מקומיים (כולל מע""מ), לפי ענפים מקובצים, במתכונת ""הסיווג האחיד של ענפי הכלכלה - 2011""",48,מדד מחירי יצרן - תפוקת התעשייה ליעדים מקומיים,b
191853,בקרים אלקטרוניים,TRUE,1/16/2006,4/27/2026,"מדד המחירים הסיטוניים של מוצרים וקבוצות מוצרים נבחרים של תפוקת התעשייה ליעדים מקומיים (כולל מע""מ), לפי ענפים מקובצים, במתכונת ""הסיווג האחיד של ענפי הכלכלה - 2011""",48,מדד מחירי יצרן - תפוקת התעשייה ליעדים מקומיים,b
191857,גלאים,TRUE,1/16/2006,4/27/2026,"מדד המחירים הסיטוניים של מוצרים וקבוצות מוצרים נבחרים של תפוקת התעשייה ליעדים מקומיים (כולל מע""מ), לפי ענפים מקובצים, במתכונת ""הסיווג האחיד של ענפי הכלכלה - 2011""",48,מדד מחירי יצרן - תפוקת התעשייה ליעדים מקומיים,b
191880,מדי מים ונוזלים אחרים,TRUE,1/16/1983,4/27/2026,"מדד המחירים הסיטוניים של מוצרים וקבוצות מוצרים נבחרים של תפוקת התעשייה ליעדים מקומיים (כולל מע""מ), לפי ענפים מקובצים, במתכונת ""הסיווג האחיד של ענפי הכלכלה - 2011""",48,מדד מחירי יצרן - תפוקת התעשייה ליעדים מקומיים,b
191890,מכשור רפואי,TRUE,1/16/1983,4/27/2026,"מדד המחירים הסיטוניים של מוצרים וקבוצות מוצרים נבחרים של תפוקת התעשייה ליעדים מקומיים (כולל מע""מ), לפי ענפים מקובצים, במתכונת ""הסיווג האחיד של ענפי הכלכלה - 2011""",48,מדד מחירי יצרן - תפוקת התעשייה ליעדים מקומיים,b
191895,מערכות לניהול בקרה ופיקוח,TRUE,1/16/2013,4/27/2026,"מדד המחירים הסיטוניים של מוצרים וקבוצות מוצרים נבחרים של תפוקת התעשייה ליעדים מקומיים (כולל מע""מ), לפי ענפים מקובצים, במתכונת ""הסיווג האחיד של ענפי הכלכלה - 2011""",48,מדד מחירי יצרן - תפוקת התעשייה ליעדים מקומיים,b
181240,"מכשירים למדידה, לבדיקה ולניווט",TRUE,1/16/1995,4/27/2026,"מדד המחירים הסיטוניים של מוצרים וקבוצות מוצרים נבחרים של תפוקת התעשייה ליעדים מקומיים (כולל מע""מ), לפי ענפים מקובצים, במתכונת ""הסיווג האחיד של ענפי הכלכלה - 2011""",48,מדד מחירי יצרן - תפוקת התעשייה ליעדים מקומיים,b
181090,ייצור ציוד חשמלי,TRUE,1/16/1995,4/27/2026,"מדד המחירים הסיטוניים של מוצרים וקבוצות מוצרים נבחרים של תפוקת התעשייה ליעדים מקומיים (כולל מע""מ), לפי ענפים מקובצים, במתכונת ""הסיווג האחיד של ענפי הכלכלה - 2011""",48,מדד מחירי יצרן - תפוקת התעשייה ליעדים מקומיים,b
191770,ייצור מנועים חשמליים,TRUE,1/16/1983,4/27/2026,"מדד המחירים הסיטוניים של מוצרים וקבוצות מוצרים נבחרים של תפוקת התעשייה ליעדים מקומיים (כולל מע""מ), לפי ענפים מקובצים, במתכונת ""הסיווג האחיד של ענפי הכלכלה - 2011""",48,מדד מחירי יצרן - תפוקת התעשייה ליעדים מקומיים,b
191790,לוחות חשמל,TRUE,1/16/1995,4/27/2026,"מדד המחירים הסיטוניים של מוצרים וקבוצות מוצרים נבחרים של תפוקת התעשייה ליעדים מקומיים (כולל מע""מ), לפי ענפים מקובצים, במתכונת ""הסיווג האחיד של ענפי הכלכלה - 2011""",48,מדד מחירי יצרן - תפוקת התעשייה ליעדים מקומיים,b
191800,"גופי תאורה, נורות ופנסים",TRUE,1/16/1995,4/27/2026,"מדד המחירים הסיטוניים של מוצרים וקבוצות מוצרים נבחרים של תפוקת התעשייה ליעדים מקומיים (כולל מע""מ), לפי ענפים מקובצים, במתכונת ""הסיווג האחיד של ענפי הכלכלה - 2011""",48,מדד מחירי יצרן - תפוקת התעשייה ליעדים מקומיים,b
191810,אביזרים להתקנה חשמלית ביתית,TRUE,1/16/1983,4/27/2026,"מדד המחירים הסיטוניים של מוצרים וקבוצות מוצרים נבחרים של תפוקת התעשייה ליעדים מקומיים (כולל מע""מ), לפי ענפים מקובצים, במתכונת ""הסיווג האחיד של ענפי הכלכלה - 2011""",48,מדד מחירי יצרן - תפוקת התעשייה ליעדים מקומיים,b
191820,מצברים,TRUE,1/16/1983,4/27/2026,"מדד המחירים הסיטוניים של מוצרים וקבוצות מוצרים נבחרים של תפוקת התעשייה ליעדים מקומיים (כולל מע""מ), לפי ענפים מקובצים, במתכונת ""הסיווג האחיד של ענפי הכלכלה - 2011""",48,מדד מחירי יצרן - תפוקת התעשייה ליעדים מקומיים,b
181030,ייצור מכונות וציוד,TRUE,1/16/1995,4/27/2026,"מדד המחירים הסיטוניים של מוצרים וקבוצות מוצרים נבחרים של תפוקת התעשייה ליעדים מקומיים (כולל מע""מ), לפי ענפים מקובצים, במתכונת ""הסיווג האחיד של ענפי הכלכלה - 2011""",48,מדד מחירי יצרן - תפוקת התעשייה ליעדים מקומיים,b
191460,שסתומים ומגופים,TRUE,1/16/1983,4/27/2026,"מדד המחירים הסיטוניים של מוצרים וקבוצות מוצרים נבחרים של תפוקת התעשייה ליעדים מקומיים (כולל מע""מ), לפי ענפים מקובצים, במתכונת ""הסיווג האחיד של ענפי הכלכלה - 2011""",48,מדד מחירי יצרן - תפוקת התעשייה ליעדים מקומיים,b
191470,ברזים,TRUE,1/16/1983,4/27/2026,"מדד המחירים הסיטוניים של מוצרים וקבוצות מוצרים נבחרים של תפוקת התעשייה ליעדים מקומיים (כולל מע""מ), לפי ענפים מקובצים, במתכונת ""הסיווג האחיד של ענפי הכלכלה - 2011""",48,מדד מחירי יצרן - תפוקת התעשייה ליעדים מקומיים,b
191480,סוללות לאמבטיות ולקערות,TRUE,1/16/1983,4/27/2026,"מדד המחירים הסיטוניים של מוצרים וקבוצות מוצרים נבחרים של תפוקת התעשייה ליעדים מקומיים (כולל מע""מ), לפי ענפים מקובצים, במתכונת ""הסיווג האחיד של ענפי הכלכלה - 2011""",48,מדד מחירי יצרן - תפוקת התעשייה ליעדים מקומיים,b
191490,ממטרות,TRUE,1/16/1983,4/27/2026,"מדד המחירים הסיטוניים של מוצרים וקבוצות מוצרים נבחרים של תפוקת התעשייה ליעדים מקומיים (כולל מע""מ), לפי ענפים מקובצים, במתכונת ""הסיווג האחיד של ענפי הכלכלה - 2011""",48,מדד מחירי יצרן - תפוקת התעשייה ליעדים מקומיים,b
191670,משאבות וציוד שאיבה,TRUE,1/16/1995,4/27/2026,"מדד המחירים הסיטוניים של מוצרים וקבוצות מוצרים נבחרים של תפוקת התעשייה ליעדים מקומיים (כולל מע""מ), לפי ענפים מקובצים, במתכונת ""הסיווג האחיד של ענפי הכלכלה - 2011""",48,מדד מחירי יצרן - תפוקת התעשייה ליעדים מקומיים,b
191680,מכונות לעיבוד קרקע,TRUE,1/16/1983,4/27/2026,"מדד המחירים הסיטוניים של מוצרים וקבוצות מוצרים נבחרים של תפוקת התעשייה ליעדים מקומיים (כולל מע""מ), לפי ענפים מקובצים, במתכונת ""הסיווג האחיד של ענפי הכלכלה - 2011""",48,מדד מחירי יצרן - תפוקת התעשייה ליעדים מקומיים,b
191693,מרססים ומכסחות,TRUE,1/16/2006,4/27/2026,"מדד המחירים הסיטוניים של מוצרים וקבוצות מוצרים נבחרים של תפוקת התעשייה ליעדים מקומיים (כולל מע""מ), לפי ענפים מקובצים, במתכונת ""הסיווג האחיד של ענפי הכלכלה - 2011""",48,מדד מחירי יצרן - תפוקת התעשייה ליעדים מקומיים,b
191697,מכונות לרפת,TRUE,1/16/2006,4/27/2026,"מדד המחירים הסיטוניים של מוצרים וקבוצות מוצרים נבחרים של תפוקת התעשייה ליעדים מקומיים (כולל מע""מ), לפי ענפים מקובצים, במתכונת ""הסיווג האחיד של ענפי הכלכלה - 2011""",48,מדד מחירי יצרן - תפוקת התעשייה ליעדים מקומיים,b
191700,מעליות נוסעים ומטען,TRUE,1/16/1995,4/27/2026,"מדד המחירים הסיטוניים של מוצרים וקבוצות מוצרים נבחרים של תפוקת התעשייה ליעדים מקומיים (כולל מע""מ), לפי ענפים מקובצים, במתכונת ""הסיווג האחיד של ענפי הכלכלה - 2011""",48,מדד מחירי יצרן - תפוקת התעשייה ליעדים מקומיים,b
191710,מתקני קירור והקפאה,TRUE,1/16/1995,4/27/2026,"מדד המחירים הסיטוניים של מוצרים וקבוצות מוצרים נבחרים של תפוקת התעשייה ליעדים מקומיים (כולל מע""מ), לפי ענפים מקובצים, במתכונת ""הסיווג האחיד של ענפי הכלכלה - 2011""",48,מדד מחירי יצרן - תפוקת התעשייה ליעדים מקומיים,b
191720,מזגני אוויר ביתיים,TRUE,1/16/1983,4/27/2026,"מדד המחירים הסיטוניים של מוצרים וקבוצות מוצרים נבחרים של תפוקת התעשייה ליעדים מקומיים (כולל מע""מ), לפי ענפים מקובצים, במתכונת ""הסיווג האחיד של ענפי הכלכלה - 2011""",48,מדד מחירי יצרן - תפוקת התעשייה ליעדים מקומיים,b
191745,דודי שמש ודודי חשמל,TRUE,1/16/2013,4/27/2026,"מדד המחירים הסיטוניים של מוצרים וקבוצות מוצרים נבחרים של תפוקת התעשייה ליעדים מקומיים (כולל מע""מ), לפי ענפים מקובצים, במתכונת ""הסיווג האחיד של ענפי הכלכלה - 2011""",48,מדד מחירי יצרן - תפוקת התעשייה ליעדים מקומיים,b
191755,קולטים לדודים,TRUE,1/16/2013,4/27/2026,"מדד המחירים הסיטוניים של מוצרים וקבוצות מוצרים נבחרים של תפוקת התעשייה ליעדים מקומיים (כולל מע""מ), לפי ענפים מקובצים, במתכונת ""הסיווג האחיד של ענפי הכלכלה - 2011""",48,מדד מחירי יצרן - תפוקת התעשייה ליעדים מקומיים,b
181460,ייצור כלי רכב מנועיים ונגררים,TRUE,1/16/2013,4/27/2026,"מדד המחירים הסיטוניים של מוצרים וקבוצות מוצרים נבחרים של תפוקת התעשייה ליעדים מקומיים (כולל מע""מ), לפי ענפים מקובצים, במתכונת ""הסיווג האחיד של ענפי הכלכלה - 2011""",48,מדד מחירי יצרן - תפוקת התעשייה ליעדים מקומיים,b
191920,חלקי חילוף לכלי רכב,TRUE,1/16/1983,4/27/2026,"מדד המחירים הסיטוניים של מוצרים וקבוצות מוצרים נבחרים של תפוקת התעשייה ליעדים מקומיים (כולל מע""מ), לפי ענפים מקובצים, במתכונת ""הסיווג האחיד של ענפי הכלכלה - 2011""",48,מדד מחירי יצרן - תפוקת התעשייה ליעדים מקומיים,b
181500,ייצור כלי תחבורה והובלה אחרים,TRUE,1/16/2013,4/27/2026,"מדד המחירים הסיטוניים של מוצרים וקבוצות מוצרים נבחרים של תפוקת התעשייה ליעדים מקומיים (כולל מע""מ), לפי ענפים מקובצים, במתכונת ""הסיווג האחיד של ענפי הכלכלה - 2011""",48,מדד מחירי יצרן - תפוקת התעשייה ליעדים מקומיים,b
181530,ייצור רהיטים,TRUE,1/16/2013,4/27/2026,"מדד המחירים הסיטוניים של מוצרים וקבוצות מוצרים נבחרים של תפוקת התעשייה ליעדים מקומיים (כולל מע""מ), לפי ענפים מקובצים, במתכונת ""הסיווג האחיד של ענפי הכלכלה - 2011""",48,מדד מחירי יצרן - תפוקת התעשייה ליעדים מקומיים,b
191933,ארונות לחדרי שינה,TRUE,1/16/2006,4/27/2026,"מדד המחירים הסיטוניים של מוצרים וקבוצות מוצרים נבחרים של תפוקת התעשייה ליעדים מקומיים (כולל מע""מ), לפי ענפים מקובצים, במתכונת ""הסיווג האחיד של ענפי הכלכלה - 2011""",48,מדד מחירי יצרן - תפוקת התעשייה ליעדים מקומיים,b
191938,מיטות,TRUE,1/16/2013,4/27/2026,"מדד המחירים הסיטוניים של מוצרים וקבוצות מוצרים נבחרים של תפוקת התעשייה ליעדים מקומיים (כולל מע""מ), לפי ענפים מקובצים, במתכונת ""הסיווג האחיד של ענפי הכלכלה - 2011""",48,מדד מחירי יצרן - תפוקת התעשייה ליעדים מקומיים,b
191940,שולחנות וכסאות,TRUE,1/16/1983,4/27/2026,"מדד המחירים הסיטוניים של מוצרים וקבוצות מוצרים נבחרים של תפוקת התעשייה ליעדים מקומיים (כולל מע""מ), לפי ענפים מקובצים, במתכונת ""הסיווג האחיד של ענפי הכלכלה - 2011""",48,מדד מחירי יצרן - תפוקת התעשייה ליעדים מקומיים,b
190755,ארונות מטבח ואמבטיה,TRUE,1/16/2006,4/27/2026,"מדד המחירים הסיטוניים של מוצרים וקבוצות מוצרים נבחרים של תפוקת התעשייה ליעדים מקומיים (כולל מע""מ), לפי ענפים מקובצים, במתכונת ""הסיווג האחיד של ענפי הכלכלה - 2011""",48,מדד מחירי יצרן - תפוקת התעשייה ליעדים מקומיים,b
191980,מזרנים,TRUE,1/16/1983,4/27/2026,"מדד המחירים הסיטוניים של מוצרים וקבוצות מוצרים נבחרים של תפוקת התעשייה ליעדים מקומיים (כולל מע""מ), לפי ענפים מקובצים, במתכונת ""הסיווג האחיד של ענפי הכלכלה - 2011""",48,מדד מחירי יצרן - תפוקת התעשייה ליעדים מקומיים,b
191983,רהיטים לגן,TRUE,1/16/2013,4/27/2026,"מדד המחירים הסיטוניים של מוצרים וקבוצות מוצרים נבחרים של תפוקת התעשייה ליעדים מקומיים (כולל מע""מ), לפי ענפים מקובצים, במתכונת ""הסיווג האחיד של ענפי הכלכלה - 2011""",48,מדד מחירי יצרן - תפוקת התעשייה ליעדים מקומיים,b
191986,ריהוט משרדי,TRUE,1/16/2013,4/27/2026,"מדד המחירים הסיטוניים של מוצרים וקבוצות מוצרים נבחרים של תפוקת התעשייה ליעדים מקומיים (כולל מע""מ), לפי ענפים מקובצים, במתכונת ""הסיווג האחיד של ענפי הכלכלה - 2011""",48,מדד מחירי יצרן - תפוקת התעשייה ליעדים מקומיים,b
181550,ענפי ייצור אחרים,TRUE,1/16/2013,4/27/2026,"מדד המחירים הסיטוניים של מוצרים וקבוצות מוצרים נבחרים של תפוקת התעשייה ליעדים מקומיים (כולל מע""מ), לפי ענפים מקובצים, במתכונת ""הסיווג האחיד של ענפי הכלכלה - 2011""",48,מדד מחירי יצרן - תפוקת התעשייה ליעדים מקומיים,b
191990,חפצי חן,TRUE,1/16/1983,4/27/2026,"מדד המחירים הסיטוניים של מוצרים וקבוצות מוצרים נבחרים של תפוקת התעשייה ליעדים מקומיים (כולל מע""מ), לפי ענפים מקובצים, במתכונת ""הסיווג האחיד של ענפי הכלכלה - 2011""",48,מדד מחירי יצרן - תפוקת התעשייה ליעדים מקומיים,b
191990,חפצי חן ממתכת,TRUE,1/16/1983,4/27/2026,"מדד המחירים הסיטוניים של מוצרים וקבוצות מוצרים נבחרים של תפוקת התעשייה ליעדים מקומיים (כולל מע""מ), לפי ענפים מקובצים, במתכונת ""הסיווג האחיד של ענפי הכלכלה - 2011""",48,מדד מחירי יצרן - תפוקת התעשייה ליעדים מקומיים,b
192015,משחקים וצעצועים,TRUE,1/16/2013,4/27/2026,"מדד המחירים הסיטוניים של מוצרים וקבוצות מוצרים נבחרים של תפוקת התעשייה ליעדים מקומיים (כולל מע""מ), לפי ענפים מקובצים, במתכונת ""הסיווג האחיד של ענפי הכלכלה - 2011""",48,מדד מחירי יצרן - תפוקת התעשייה ליעדים מקומיים,b
192030,ציוד אורטופדי,TRUE,1/16/1995,4/27/2026,"מדד המחירים הסיטוניים של מוצרים וקבוצות מוצרים נבחרים של תפוקת התעשייה ליעדים מקומיים (כולל מע""מ), לפי ענפים מקובצים, במתכונת ""הסיווג האחיד של ענפי הכלכלה - 2011""",48,מדד מחירי יצרן - תפוקת התעשייה ליעדים מקומיים,b
192090,מברשות ומטאטאים,TRUE,1/16/1983,4/27/2026,"מדד המחירים הסיטוניים של מוצרים וקבוצות מוצרים נבחרים של תפוקת התעשייה ליעדים מקומיים (כולל מע""מ), לפי ענפים מקובצים, במתכונת ""הסיווג האחיד של ענפי הכלכלה - 2011""",48,מדד מחירי יצרן - תפוקת התעשייה ליעדים מקומיים,b
191870,עדשות אופטיות,TRUE,1/16/1983,4/27/2026,"מדד המחירים הסיטוניים של מוצרים וקבוצות מוצרים נבחרים של תפוקת התעשייה ליעדים מקומיים (כולל מע""מ), לפי ענפים מקובצים, במתכונת ""הסיווג האחיד של ענפי הכלכלה - 2011""",48,מדד מחירי יצרן - תפוקת התעשייה ליעדים מקומיים,b
170010,"B,C מדד מחירי תפוקת התעשייה וכרייה וחציבה",TRUE,1/16/1995,4/27/2026,"מדד המחירים הסיטוניים  של תפוקת התעשייה ליעדים מקומיים (כולל מע""מ), לפי ענפים מקובצים, במתכונת ""הסיווג האחיד של ענפי הכלכלה - 1993""",152,מדד מחירי יצרן - תפוקת התעשייה ליעדים מקומיים,b
170020,מדד מחירי תפוקת התעשייה וכרייה וחציבה (ללא דלקים),TRUE,1/16/1978,4/27/2026,"מדד המחירים הסיטוניים  של תפוקת התעשייה ליעדים מקומיים (כולל מע""מ), לפי ענפים מקובצים, במתכונת ""הסיווג האחיד של ענפי הכלכלה - 1993""",152,מדד מחירי יצרן - תפוקת התעשייה ליעדים מקומיים,b
180150,"מוצרי קונדיטוריה, ביסקוויטים וופלים",TRUE,1/16/1983,4/27/2026,"מדד המחירים הסיטוניים  של תפוקת התעשייה ליעדים מקומיים (כולל מע""מ), לפי ענפים מקובצים, במתכונת ""הסיווג האחיד של ענפי הכלכלה - 1993""",152,מדד מחירי יצרן - תפוקת התעשייה ליעדים מקומיים,b
180910,ברזל ופלדה יצוקים,TRUE,1/16/1983,4/27/2026,"מדד המחירים הסיטוניים  של תפוקת התעשייה ליעדים מקומיים (כולל מע""מ), לפי ענפים מקובצים, במתכונת ""הסיווג האחיד של ענפי הכלכלה - 1993""",152,מדד מחירי יצרן - תפוקת התעשייה ליעדים מקומיים,b
180920,צינורות מתכת,TRUE,1/16/1983,4/27/2026,"מדד המחירים הסיטוניים  של תפוקת התעשייה ליעדים מקומיים (כולל מע""מ), לפי ענפים מקובצים, במתכונת ""הסיווג האחיד של ענפי הכלכלה - 1993""",152,מדד מחירי יצרן - תפוקת התעשייה ליעדים מקומיים,b
181240,"מכשירים למדידה, לבדיקה ולניווט",TRUE,1/16/1995,4/27/2026,"מדד המחירים הסיטוניים  של תפוקת התעשייה ליעדים מקומיים (כולל מע""מ), לפי ענפים מקובצים, במתכונת ""הסיווג האחיד של ענפי הכלכלה - 1993""",152,מדד מחירי יצרן - תפוקת התעשייה ליעדים מקומיים,b
195010,"מדד מחירי יצרן - יצוא בענפי התעשייה,  כרייה וחציבה",FALSE,,,"מדדי מחירים רבעוניים של תפוקת התעשייה, כרייה וחציבה ליצוא לפי ענף ראשי מקובץ במתכונת ""הסיווג האחיד של ענפי הכלכלה 2011""",163,מדד מחירי יצרן - יצוא בענפי התעשייה,ba
195020,"מוצרי נפט מזוקק, כרייה וחציבה",FALSE,,,"מדדי מחירים רבעוניים של תפוקת התעשייה, כרייה וחציבה ליצוא לפי ענף ראשי מקובץ במתכונת ""הסיווג האחיד של ענפי הכלכלה 2011""",163,מדד מחירי יצרן - יצוא בענפי התעשייה,ba
195030,"ייצור מוצרי מזון, ייצור משקאות",FALSE,,,"מדדי מחירים רבעוניים של תפוקת התעשייה, כרייה וחציבה ליצוא לפי ענף ראשי מקובץ במתכונת ""הסיווג האחיד של ענפי הכלכלה 2011""",163,מדד מחירי יצרן - יצוא בענפי התעשייה,ba
195040,ייצור טקסטיל,FALSE,,,"מדדי מחירים רבעוניים של תפוקת התעשייה, כרייה וחציבה ליצוא לפי ענף ראשי מקובץ במתכונת ""הסיווג האחיד של ענפי הכלכלה 2011""",163,מדד מחירי יצרן - יצוא בענפי התעשייה,ba
195080,ייצור מוצרי הלבשה,FALSE,,,"מדדי מחירים רבעוניים של תפוקת התעשייה, כרייה וחציבה ליצוא לפי ענף ראשי מקובץ במתכונת ""הסיווג האחיד של ענפי הכלכלה 2011""",163,מדד מחירי יצרן - יצוא בענפי התעשייה,ba
195090,ייצור כימיקלים ומוצריהם,FALSE,,,"מדדי מחירים רבעוניים של תפוקת התעשייה, כרייה וחציבה ליצוא לפי ענף ראשי מקובץ במתכונת ""הסיווג האחיד של ענפי הכלכלה 2011""",163,מדד מחירי יצרן - יצוא בענפי התעשייה,ba
193270,ייצור תרופות לבני אדם ולשימוש וטרינרי,FALSE,,,"מדדי מחירים רבעוניים של תפוקת התעשייה, כרייה וחציבה ליצוא לפי ענף ראשי מקובץ במתכונת ""הסיווג האחיד של ענפי הכלכלה 2011""",163,מדד מחירי יצרן - יצוא בענפי התעשייה,ba
195120,"ייצור מוצרי גומי ופלסטיק, ייצור רהיטים מפלסטיק",FALSE,,,"מדדי מחירים רבעוניים של תפוקת התעשייה, כרייה וחציבה ליצוא לפי ענף ראשי מקובץ במתכונת ""הסיווג האחיד של ענפי הכלכלה 2011""",163,מדד מחירי יצרן - יצוא בענפי התעשייה,ba
195200,ייצור מוצרים אחרים על בסיס  מינרלים אל-מתכתיים,FALSE,,,"מדדי מחירים רבעוניים של תפוקת התעשייה, כרייה וחציבה ליצוא לפי ענף ראשי מקובץ במתכונת ""הסיווג האחיד של ענפי הכלכלה 2011""",163,מדד מחירי יצרן - יצוא בענפי התעשייה,ba
195210,ייצור מוצרי מתכת,FALSE,,,"מדדי מחירים רבעוניים של תפוקת התעשייה, כרייה וחציבה ליצוא לפי ענף ראשי מקובץ במתכונת ""הסיווג האחיד של ענפי הכלכלה 2011""",163,מדד מחירי יצרן - יצוא בענפי התעשייה,ba
195220,"ייצור מחשבים, מכשור אלקטרוני ואופטי",FALSE,,,"מדדי מחירים רבעוניים של תפוקת התעשייה, כרייה וחציבה ליצוא לפי ענף ראשי מקובץ במתכונת ""הסיווג האחיד של ענפי הכלכלה 2011""",163,מדד מחירי יצרן - יצוא בענפי התעשייה,ba
193470,ייצור ציוד חשמלי,FALSE,,,"מדדי מחירים רבעוניים של תפוקת התעשייה, כרייה וחציבה ליצוא לפי ענף ראשי מקובץ במתכונת ""הסיווג האחיד של ענפי הכלכלה 2011""",163,מדד מחירי יצרן - יצוא בענפי התעשייה,ba
195290,"ייצור מכונות וציוד לנמ""א",FALSE,,,"מדדי מחירים רבעוניים של תפוקת התעשייה, כרייה וחציבה ליצוא לפי ענף ראשי מקובץ במתכונת ""הסיווג האחיד של ענפי הכלכלה 2011""",163,מדד מחירי יצרן - יצוא בענפי התעשייה,ba
195340,ייצור כלי רכב מנועיים ונגררים,FALSE,,,"מדדי מחירים רבעוניים של תפוקת התעשייה, כרייה וחציבה ליצוא לפי ענף ראשי מקובץ במתכונת ""הסיווג האחיד של ענפי הכלכלה 2011""",163,מדד מחירי יצרן - יצוא בענפי התעשייה,ba
195350,ייצור כלי תחבורה והובלה אחרים,FALSE,,,"מדדי מחירים רבעוניים של תפוקת התעשייה, כרייה וחציבה ליצוא לפי ענף ראשי מקובץ במתכונת ""הסיווג האחיד של ענפי הכלכלה 2011""",163,מדד מחירי יצרן - יצוא בענפי התעשייה,ba
195360,ענפי ייצור אחרים,FALSE,,,"מדדי מחירים רבעוניים של תפוקת התעשייה, כרייה וחציבה ליצוא לפי ענף ראשי מקובץ במתכונת ""הסיווג האחיד של ענפי הכלכלה 2011""",163,מדד מחירי יצרן - יצוא בענפי התעשייה,ba
195010,"מדד מחירי יצרן - יצוא בענפי התעשייה,  כרייה וחציבה",FALSE,,,"מדדי מחירים רבעוניים של תפוקת התעשייה, כרייה וחציבה ליצוא לפי ענף ראשי מקובץ ותת ענפים מקובצים במתכונת ""הסיווג האחיד של ענפי הכלכלה 2011""",120,מדד מחירי יצרן - יצוא בענפי התעשייה,ba
195020,"מוצרי נפט מזוקק, כרייה וחציבה",FALSE,,,"מדדי מחירים רבעוניים של תפוקת התעשייה, כרייה וחציבה ליצוא לפי ענף ראשי מקובץ ותת ענפים מקובצים במתכונת ""הסיווג האחיד של ענפי הכלכלה 2011""",120,מדד מחירי יצרן - יצוא בענפי התעשייה,ba
195030,"ייצור מוצרי מזון, ייצור משקאות",FALSE,,,"מדדי מחירים רבעוניים של תפוקת התעשייה, כרייה וחציבה ליצוא לפי ענף ראשי מקובץ ותת ענפים מקובצים במתכונת ""הסיווג האחיד של ענפי הכלכלה 2011""",120,מדד מחירי יצרן - יצוא בענפי התעשייה,ba
195040,ייצור טקסטיל,FALSE,,,"מדדי מחירים רבעוניים של תפוקת התעשייה, כרייה וחציבה ליצוא לפי ענף ראשי מקובץ ותת ענפים מקובצים במתכונת ""הסיווג האחיד של ענפי הכלכלה 2011""",120,מדד מחירי יצרן - יצוא בענפי התעשייה,ba
195045,"טוויה, סלילה ושזירה של חוטי כותנה וסיבי טקסטיל",FALSE,,,"מדדי מחירים רבעוניים של תפוקת התעשייה, כרייה וחציבה ליצוא לפי ענף ראשי מקובץ ותת ענפים מקובצים במתכונת ""הסיווג האחיד של ענפי הכלכלה 2011""",120,מדד מחירי יצרן - יצוא בענפי התעשייה,ba
195050,אריגת טקסטיל וגימור טקסטיל,FALSE,,,"מדדי מחירים רבעוניים של תפוקת התעשייה, כרייה וחציבה ליצוא לפי ענף ראשי מקובץ ותת ענפים מקובצים במתכונת ""הסיווג האחיד של ענפי הכלכלה 2011""",120,מדד מחירי יצרן - יצוא בענפי התעשייה,ba
195055,אריגים סרוגים ואריגי קרושה,FALSE,,,"מדדי מחירים רבעוניים של תפוקת התעשייה, כרייה וחציבה ליצוא לפי ענף ראשי מקובץ ותת ענפים מקובצים במתכונת ""הסיווג האחיד של ענפי הכלכלה 2011""",120,מדד מחירי יצרן - יצוא בענפי התעשייה,ba
195060,"ייצור פרטי טקסטיל מוכנים, פרט לפרטי לבוש",FALSE,,,"מדדי מחירים רבעוניים של תפוקת התעשייה, כרייה וחציבה ליצוא לפי ענף ראשי מקובץ ותת ענפים מקובצים במתכונת ""הסיווג האחיד של ענפי הכלכלה 2011""",120,מדד מחירי יצרן - יצוא בענפי התעשייה,ba
195585,"ייצור סוגים אחרים של טקסטיל, לנמ""א",FALSE,,,"מדדי מחירים רבעוניים של תפוקת התעשייה, כרייה וחציבה ליצוא לפי ענף ראשי מקובץ ותת ענפים מקובצים במתכונת ""הסיווג האחיד של ענפי הכלכלה 2011""",120,מדד מחירי יצרן - יצוא בענפי התעשייה,ba
195080,ייצור מוצרי הלבשה,FALSE,,,"מדדי מחירים רבעוניים של תפוקת התעשייה, כרייה וחציבה ליצוא לפי ענף ראשי מקובץ ותת ענפים מקובצים במתכונת ""הסיווג האחיד של ענפי הכלכלה 2011""",120,מדד מחירי יצרן - יצוא בענפי התעשייה,ba
195090,ייצור כימיקלים ומוצריהם,FALSE,,,"מדדי מחירים רבעוניים של תפוקת התעשייה, כרייה וחציבה ליצוא לפי ענף ראשי מקובץ ותת ענפים מקובצים במתכונת ""הסיווג האחיד של ענפי הכלכלה 2011""",120,מדד מחירי יצרן - יצוא בענפי התעשייה,ba
193190,ייצור כימיקלים בסיסיים,FALSE,,,"מדדי מחירים רבעוניים של תפוקת התעשייה, כרייה וחציבה ליצוא לפי ענף ראשי מקובץ ותת ענפים מקובצים במתכונת ""הסיווג האחיד של ענפי הכלכלה 2011""",120,מדד מחירי יצרן - יצוא בענפי התעשייה,ba
193250,ייצור חומרי הדברה וחיטוי לשימוש ביתי ולחקלאות,FALSE,,,"מדדי מחירים רבעוניים של תפוקת התעשייה, כרייה וחציבה ליצוא לפי ענף ראשי מקובץ ותת ענפים מקובצים במתכונת ""הסיווג האחיד של ענפי הכלכלה 2011""",120,מדד מחירי יצרן - יצוא בענפי התעשייה,ba
193210,ייצור דשנים ותרכובות חנקן,FALSE,,,"מדדי מחירים רבעוניים של תפוקת התעשייה, כרייה וחציבה ליצוא לפי ענף ראשי מקובץ ותת ענפים מקובצים במתכונת ""הסיווג האחיד של ענפי הכלכלה 2011""",120,מדד מחירי יצרן - יצוא בענפי התעשייה,ba
193230,ייצור חומרי גלם פלסטיים ומוצרים פטרוכימיים,FALSE,,,"מדדי מחירים רבעוניים של תפוקת התעשייה, כרייה וחציבה ליצוא לפי ענף ראשי מקובץ ותת ענפים מקובצים במתכונת ""הסיווג האחיד של ענפי הכלכלה 2011""",120,מדד מחירי יצרן - יצוא בענפי התעשייה,ba
195110,ייצור צבעים ולכות,FALSE,,,"מדדי מחירים רבעוניים של תפוקת התעשייה, כרייה וחציבה ליצוא לפי ענף ראשי מקובץ ותת ענפים מקובצים במתכונת ""הסיווג האחיד של ענפי הכלכלה 2011""",120,מדד מחירי יצרן - יצוא בענפי התעשייה,ba
193290,"ייצור סבון ואבקות כביסה, חומרי ניקוי ותמרוקים",FALSE,,,"מדדי מחירים רבעוניים של תפוקת התעשייה, כרייה וחציבה ליצוא לפי ענף ראשי מקובץ ותת ענפים מקובצים במתכונת ""הסיווג האחיד של ענפי הכלכלה 2011""",120,מדד מחירי יצרן - יצוא בענפי התעשייה,ba
193310,"ייצור מוצרים כימיקלים אחרים, לנמ""א",FALSE,,,"מדדי מחירים רבעוניים של תפוקת התעשייה, כרייה וחציבה ליצוא לפי ענף ראשי מקובץ ותת ענפים מקובצים במתכונת ""הסיווג האחיד של ענפי הכלכלה 2011""",120,מדד מחירי יצרן - יצוא בענפי התעשייה,ba
193270,ייצור תרופות לבני אדם ולשימוש וטרינרי,FALSE,,,"מדדי מחירים רבעוניים של תפוקת התעשייה, כרייה וחציבה ליצוא לפי ענף ראשי מקובץ ותת ענפים מקובצים במתכונת ""הסיווג האחיד של ענפי הכלכלה 2011""",120,מדד מחירי יצרן - יצוא בענפי התעשייה,ba
195120,"ייצור מוצרי גומי ופלסטיק, ייצור רהיטים מפלסטיק",FALSE,,,"מדדי מחירים רבעוניים של תפוקת התעשייה, כרייה וחציבה ליצוא לפי ענף ראשי מקובץ ותת ענפים מקובצים במתכונת ""הסיווג האחיד של ענפי הכלכלה 2011""",120,מדד מחירי יצרן - יצוא בענפי התעשייה,ba
193430,ייצור צמיגים ואבובים ומוצרי גומי אחרים,FALSE,,,"מדדי מחירים רבעוניים של תפוקת התעשייה, כרייה וחציבה ליצוא לפי ענף ראשי מקובץ ותת ענפים מקובצים במתכונת ""הסיווג האחיד של ענפי הכלכלה 2011""",120,מדד מחירי יצרן - יצוא בענפי התעשייה,ba
193390,ייצור שרוולים ויריעות מפלסטיק,FALSE,,,"מדדי מחירים רבעוניים של תפוקת התעשייה, כרייה וחציבה ליצוא לפי ענף ראשי מקובץ ותת ענפים מקובצים במתכונת ""הסיווג האחיד של ענפי הכלכלה 2011""",120,מדד מחירי יצרן - יצוא בענפי התעשייה,ba
193370,ייצור לוחות וצינורות מפלסטיק,FALSE,,,"מדדי מחירים רבעוניים של תפוקת התעשייה, כרייה וחציבה ליצוא לפי ענף ראשי מקובץ ותת ענפים מקובצים במתכונת ""הסיווג האחיד של ענפי הכלכלה 2011""",120,מדד מחירי יצרן - יצוא בענפי התעשייה,ba
193435,ייצור מיכלים ובקבוקים מפלסטיק,FALSE,,,"מדדי מחירים רבעוניים של תפוקת התעשייה, כרייה וחציבה ליצוא לפי ענף ראשי מקובץ ותת ענפים מקובצים במתכונת ""הסיווג האחיד של ענפי הכלכלה 2011""",120,מדד מחירי יצרן - יצוא בענפי התעשייה,ba
195150,ייצור מוצרים מפלסטיק משוריין,FALSE,,,"מדדי מחירים רבעוניים של תפוקת התעשייה, כרייה וחציבה ליצוא לפי ענף ראשי מקובץ ותת ענפים מקובצים במתכונת ""הסיווג האחיד של ענפי הכלכלה 2011""",120,מדד מחירי יצרן - יצוא בענפי התעשייה,ba
195160,ייצור מוצרים מפלסטיק למטבח  ולבית,FALSE,,,"מדדי מחירים רבעוניים של תפוקת התעשייה, כרייה וחציבה ליצוא לפי ענף ראשי מקובץ ותת ענפים מקובצים במתכונת ""הסיווג האחיד של ענפי הכלכלה 2011""",120,מדד מחירי יצרן - יצוא בענפי התעשייה,ba
195170,"ייצור מוצרים מפלסטיק לשימושים טכניים, חקלאיים ותעשייתיים",FALSE,,,"מדדי מחירים רבעוניים של תפוקת התעשייה, כרייה וחציבה ליצוא לפי ענף ראשי מקובץ ותת ענפים מקובצים במתכונת ""הסיווג האחיד של ענפי הכלכלה 2011""",120,מדד מחירי יצרן - יצוא בענפי התעשייה,ba
195180,"ייצור מוצרים מפלסטיק לנמ""א",FALSE,,,"מדדי מחירים רבעוניים של תפוקת התעשייה, כרייה וחציבה ליצוא לפי ענף ראשי מקובץ ותת ענפים מקובצים במתכונת ""הסיווג האחיד של ענפי הכלכלה 2011""",120,מדד מחירי יצרן - יצוא בענפי התעשייה,ba
195200,ייצור מוצרים אחרים על בסיס  מינרלים אל-מתכתיים,FALSE,,,"מדדי מחירים רבעוניים של תפוקת התעשייה, כרייה וחציבה ליצוא לפי ענף ראשי מקובץ ותת ענפים מקובצים במתכונת ""הסיווג האחיד של ענפי הכלכלה 2011""",120,מדד מחירי יצרן - יצוא בענפי התעשייה,ba
195210,ייצור מוצרי מתכת,FALSE,,,"מדדי מחירים רבעוניים של תפוקת התעשייה, כרייה וחציבה ליצוא לפי ענף ראשי מקובץ ותת ענפים מקובצים במתכונת ""הסיווג האחיד של ענפי הכלכלה 2011""",120,מדד מחירי יצרן - יצוא בענפי התעשייה,ba
195220,"ייצור מחשבים, מכשור אלקטרוני ואופטי",FALSE,,,"מדדי מחירים רבעוניים של תפוקת התעשייה, כרייה וחציבה ליצוא לפי ענף ראשי מקובץ ותת ענפים מקובצים במתכונת ""הסיווג האחיד של ענפי הכלכלה 2011""",120,מדד מחירי יצרן - יצוא בענפי התעשייה,ba
195250,ייצור מחשבים וציוד היקפי,FALSE,,,"מדדי מחירים רבעוניים של תפוקת התעשייה, כרייה וחציבה ליצוא לפי ענף ראשי מקובץ ותת ענפים מקובצים במתכונת ""הסיווג האחיד של ענפי הכלכלה 2011""",120,מדד מחירי יצרן - יצוא בענפי התעשייה,ba
193570,ייצור ציוד תקשורת,FALSE,,,"מדדי מחירים רבעוניים של תפוקת התעשייה, כרייה וחציבה ליצוא לפי ענף ראשי מקובץ ותת ענפים מקובצים במתכונת ""הסיווג האחיד של ענפי הכלכלה 2011""",120,מדד מחירי יצרן - יצוא בענפי התעשייה,ba
195230,"ייצור מכשירי מדידה, בדיקה, ניווט ובקרה",FALSE,,,"מדדי מחירים רבעוניים של תפוקת התעשייה, כרייה וחציבה ליצוא לפי ענף ראשי מקובץ ותת ענפים מקובצים במתכונת ""הסיווג האחיד של ענפי הכלכלה 2011""",120,מדד מחירי יצרן - יצוא בענפי התעשייה,ba
195240,"ייצור ציוד הקרנה, מכשור אלקטרוני רפואי   ומכשור רפואי כירורגי",FALSE,,,"מדדי מחירים רבעוניים של תפוקת התעשייה, כרייה וחציבה ליצוא לפי ענף ראשי מקובץ ותת ענפים מקובצים במתכונת ""הסיווג האחיד של ענפי הכלכלה 2011""",120,מדד מחירי יצרן - יצוא בענפי התעשייה,ba
193690,ייצור מכשור אופטי וציוד צילום,FALSE,,,"מדדי מחירים רבעוניים של תפוקת התעשייה, כרייה וחציבה ליצוא לפי ענף ראשי מקובץ ותת ענפים מקובצים במתכונת ""הסיווג האחיד של ענפי הכלכלה 2011""",120,מדד מחירי יצרן - יצוא בענפי התעשייה,ba
193470,ייצור ציוד חשמלי,FALSE,,,"מדדי מחירים רבעוניים של תפוקת התעשייה, כרייה וחציבה ליצוא לפי ענף ראשי מקובץ ותת ענפים מקובצים במתכונת ""הסיווג האחיד של ענפי הכלכלה 2011""",120,מדד מחירי יצרן - יצוא בענפי התעשייה,ba
193490,ייצור מנועים חשמליים,FALSE,,,"מדדי מחירים רבעוניים של תפוקת התעשייה, כרייה וחציבה ליצוא לפי ענף ראשי מקובץ ותת ענפים מקובצים במתכונת ""הסיווג האחיד של ענפי הכלכלה 2011""",120,מדד מחירי יצרן - יצוא בענפי התעשייה,ba
195260,ייצור שנאים,FALSE,,,"מדדי מחירים רבעוניים של תפוקת התעשייה, כרייה וחציבה ליצוא לפי ענף ראשי מקובץ ותת ענפים מקובצים במתכונת ""הסיווג האחיד של ענפי הכלכלה 2011""",120,מדד מחירי יצרן - יצוא בענפי התעשייה,ba
195280,ייצור סוללות ומצברים,FALSE,,,"מדדי מחירים רבעוניים של תפוקת התעשייה, כרייה וחציבה ליצוא לפי ענף ראשי מקובץ ותת ענפים מקובצים במתכונת ""הסיווג האחיד של ענפי הכלכלה 2011""",120,מדד מחירי יצרן - יצוא בענפי התעשייה,ba
195270,ייצור חוטי חשמל ומתקני חיווט,FALSE,,,"מדדי מחירים רבעוניים של תפוקת התעשייה, כרייה וחציבה ליצוא לפי ענף ראשי מקובץ ותת ענפים מקובצים במתכונת ""הסיווג האחיד של ענפי הכלכלה 2011""",120,מדד מחירי יצרן - יצוא בענפי התעשייה,ba
193510,ייצור ציוד תאורה חשמלית,FALSE,,,"מדדי מחירים רבעוניים של תפוקת התעשייה, כרייה וחציבה ליצוא לפי ענף ראשי מקובץ ותת ענפים מקובצים במתכונת ""הסיווג האחיד של ענפי הכלכלה 2011""",120,מדד מחירי יצרן - יצוא בענפי התעשייה,ba
195290,"ייצור מכונות וציוד לנמ""א",FALSE,,,"מדדי מחירים רבעוניים של תפוקת התעשייה, כרייה וחציבה ליצוא לפי ענף ראשי מקובץ ותת ענפים מקובצים במתכונת ""הסיווג האחיד של ענפי הכלכלה 2011""",120,מדד מחירי יצרן - יצוא בענפי התעשייה,ba
195310,"ייצור משאבות, מדחסים, ברזים ושסתומים אחרים",FALSE,,,"מדדי מחירים רבעוניים של תפוקת התעשייה, כרייה וחציבה ליצוא לפי ענף ראשי מקובץ ותת ענפים מקובצים במתכונת ""הסיווג האחיד של ענפי הכלכלה 2011""",120,מדד מחירי יצרן - יצוא בענפי התעשייה,ba
195320,"ייצור תנורים מקובעים, כבשנים, מבערים  ומערכות אנרגיה סולרית",FALSE,,,"מדדי מחירים רבעוניים של תפוקת התעשייה, כרייה וחציבה ליצוא לפי ענף ראשי מקובץ ותת ענפים מקובצים במתכונת ""הסיווג האחיד של ענפי הכלכלה 2011""",120,מדד מחירי יצרן - יצוא בענפי התעשייה,ba
193462,ייצור מכונות וציוד אחרים לשימוש כללי,FALSE,,,"מדדי מחירים רבעוניים של תפוקת התעשייה, כרייה וחציבה ליצוא לפי ענף ראשי מקובץ ותת ענפים מקובצים במתכונת ""הסיווג האחיד של ענפי הכלכלה 2011""",120,מדד מחירי יצרן - יצוא בענפי התעשייה,ba
193464,ייצור מכונות לחקלאות ולייעור,FALSE,,,"מדדי מחירים רבעוניים של תפוקת התעשייה, כרייה וחציבה ליצוא לפי ענף ראשי מקובץ ותת ענפים מקובצים במתכונת ""הסיווג האחיד של ענפי הכלכלה 2011""",120,מדד מחירי יצרן - יצוא בענפי התעשייה,ba
195330,ייצור מכונות ייעודיות אחרות,FALSE,,,"מדדי מחירים רבעוניים של תפוקת התעשייה, כרייה וחציבה ליצוא לפי ענף ראשי מקובץ ותת ענפים מקובצים במתכונת ""הסיווג האחיד של ענפי הכלכלה 2011""",120,מדד מחירי יצרן - יצוא בענפי התעשייה,ba
195340,ייצור כלי רכב מנועיים ונגררים,FALSE,,,"מדדי מחירים רבעוניים של תפוקת התעשייה, כרייה וחציבה ליצוא לפי ענף ראשי מקובץ ותת ענפים מקובצים במתכונת ""הסיווג האחיד של ענפי הכלכלה 2011""",120,מדד מחירי יצרן - יצוא בענפי התעשייה,ba
195350,ייצור כלי תחבורה והובלה אחרים,FALSE,,,"מדדי מחירים רבעוניים של תפוקת התעשייה, כרייה וחציבה ליצוא לפי ענף ראשי מקובץ ותת ענפים מקובצים במתכונת ""הסיווג האחיד של ענפי הכלכלה 2011""",120,מדד מחירי יצרן - יצוא בענפי התעשייה,ba
193770,ייצור כלי טיס וציוד נלווה,FALSE,,,"מדדי מחירים רבעוניים של תפוקת התעשייה, כרייה וחציבה ליצוא לפי ענף ראשי מקובץ ותת ענפים מקובצים במתכונת ""הסיווג האחיד של ענפי הכלכלה 2011""",120,מדד מחירי יצרן - יצוא בענפי התעשייה,ba
195360,ענפי ייצור אחרים,FALSE,,,"מדדי מחירים רבעוניים של תפוקת התעשייה, כרייה וחציבה ליצוא לפי ענף ראשי מקובץ ותת ענפים מקובצים במתכונת ""הסיווג האחיד של ענפי הכלכלה 2011""",120,מדד מחירי יצרן - יצוא בענפי התעשייה,ba
195370,"ייצור תכשיטים יקרים, מלאכותיים ופריטים דומים",FALSE,,,"מדדי מחירים רבעוניים של תפוקת התעשייה, כרייה וחציבה ליצוא לפי ענף ראשי מקובץ ותת ענפים מקובצים במתכונת ""הסיווג האחיד של ענפי הכלכלה 2011""",120,מדד מחירי יצרן - יצוא בענפי התעשייה,ba
195380,"ייצור ציוד רפואי, דנטלי ואורתופדי",FALSE,,,"מדדי מחירים רבעוניים של תפוקת התעשייה, כרייה וחציבה ליצוא לפי ענף ראשי מקובץ ותת ענפים מקובצים במתכונת ""הסיווג האחיד של ענפי הכלכלה 2011""",120,מדד מחירי יצרן - יצוא בענפי התעשייה,ba
195010,"מדד מחירי יצרן - יצוא בענפי התעשייה,  כרייה וחציבה",FALSE,,,"מדדי מחירים רבעוניים של תפוקת התעשייה, כרייה וחציבה ליצוא לפי ענף ראשי מקובץ במתכונת ""הסיווג האחיד של ענפי הכלכלה 2011""",163,"מדד מחירי יצרן - יצוא בענפי התעשייה, כרייה וחציבה",ba
195020,"מוצרי נפט מזוקק, כרייה וחציבה",FALSE,,,"מדדי מחירים רבעוניים של תפוקת התעשייה, כרייה וחציבה ליצוא לפי ענף ראשי מקובץ במתכונת ""הסיווג האחיד של ענפי הכלכלה 2011""",163,"מדד מחירי יצרן - יצוא בענפי התעשייה, כרייה וחציבה",ba
195030,"ייצור מוצרי מזון, ייצור משקאות",FALSE,,,"מדדי מחירים רבעוניים של תפוקת התעשייה, כרייה וחציבה ליצוא לפי ענף ראשי מקובץ במתכונת ""הסיווג האחיד של ענפי הכלכלה 2011""",163,"מדד מחירי יצרן - יצוא בענפי התעשייה, כרייה וחציבה",ba
195040,ייצור טקסטיל,FALSE,,,"מדדי מחירים רבעוניים של תפוקת התעשייה, כרייה וחציבה ליצוא לפי ענף ראשי מקובץ במתכונת ""הסיווג האחיד של ענפי הכלכלה 2011""",163,"מדד מחירי יצרן - יצוא בענפי התעשייה, כרייה וחציבה",ba
195080,ייצור מוצרי הלבשה,FALSE,,,"מדדי מחירים רבעוניים של תפוקת התעשייה, כרייה וחציבה ליצוא לפי ענף ראשי מקובץ במתכונת ""הסיווג האחיד של ענפי הכלכלה 2011""",163,"מדד מחירי יצרן - יצוא בענפי התעשייה, כרייה וחציבה",ba
195090,ייצור כימיקלים ומוצריהם,FALSE,,,"מדדי מחירים רבעוניים של תפוקת התעשייה, כרייה וחציבה ליצוא לפי ענף ראשי מקובץ במתכונת ""הסיווג האחיד של ענפי הכלכלה 2011""",163,"מדד מחירי יצרן - יצוא בענפי התעשייה, כרייה וחציבה",ba
193270,ייצור תרופות לבני אדם ולשימוש וטרינרי,FALSE,,,"מדדי מחירים רבעוניים של תפוקת התעשייה, כרייה וחציבה ליצוא לפי ענף ראשי מקובץ במתכונת ""הסיווג האחיד של ענפי הכלכלה 2011""",163,"מדד מחירי יצרן - יצוא בענפי התעשייה, כרייה וחציבה",ba
195120,"ייצור מוצרי גומי ופלסטיק, ייצור רהיטים מפלסטיק",FALSE,,,"מדדי מחירים רבעוניים של תפוקת התעשייה, כרייה וחציבה ליצוא לפי ענף ראשי מקובץ במתכונת ""הסיווג האחיד של ענפי הכלכלה 2011""",163,"מדד מחירי יצרן - יצוא בענפי התעשייה, כרייה וחציבה",ba
195200,ייצור מוצרים אחרים על בסיס  מינרלים אל-מתכתיים,FALSE,,,"מדדי מחירים רבעוניים של תפוקת התעשייה, כרייה וחציבה ליצוא לפי ענף ראשי מקובץ במתכונת ""הסיווג האחיד של ענפי הכלכלה 2011""",163,"מדד מחירי יצרן - יצוא בענפי התעשייה, כרייה וחציבה",ba
195210,ייצור מוצרי מתכת,FALSE,,,"מדדי מחירים רבעוניים של תפוקת התעשייה, כרייה וחציבה ליצוא לפי ענף ראשי מקובץ במתכונת ""הסיווג האחיד של ענפי הכלכלה 2011""",163,"מדד מחירי יצרן - יצוא בענפי התעשייה, כרייה וחציבה",ba
195220,"ייצור מחשבים, מכשור אלקטרוני ואופטי",FALSE,,,"מדדי מחירים רבעוניים של תפוקת התעשייה, כרייה וחציבה ליצוא לפי ענף ראשי מקובץ במתכונת ""הסיווג האחיד של ענפי הכלכלה 2011""",163,"מדד מחירי יצרן - יצוא בענפי התעשייה, כרייה וחציבה",ba
193470,ייצור ציוד חשמלי,FALSE,,,"מדדי מחירים רבעוניים של תפוקת התעשייה, כרייה וחציבה ליצוא לפי ענף ראשי מקובץ במתכונת ""הסיווג האחיד של ענפי הכלכלה 2011""",163,"מדד מחירי יצרן - יצוא בענפי התעשייה, כרייה וחציבה",ba
195290,"ייצור מכונות וציוד לנמ""א",FALSE,,,"מדדי מחירים רבעוניים של תפוקת התעשייה, כרייה וחציבה ליצוא לפי ענף ראשי מקובץ במתכונת ""הסיווג האחיד של ענפי הכלכלה 2011""",163,"מדד מחירי יצרן - יצוא בענפי התעשייה, כרייה וחציבה",ba
195340,ייצור כלי רכב מנועיים ונגררים,FALSE,,,"מדדי מחירים רבעוניים של תפוקת התעשייה, כרייה וחציבה ליצוא לפי ענף ראשי מקובץ במתכונת ""הסיווג האחיד של ענפי הכלכלה 2011""",163,"מדד מחירי יצרן - יצוא בענפי התעשייה, כרייה וחציבה",ba
195350,ייצור כלי תחבורה והובלה אחרים,FALSE,,,"מדדי מחירים רבעוניים של תפוקת התעשייה, כרייה וחציבה ליצוא לפי ענף ראשי מקובץ במתכונת ""הסיווג האחיד של ענפי הכלכלה 2011""",163,"מדד מחירי יצרן - יצוא בענפי התעשייה, כרייה וחציבה",ba
195360,ענפי ייצור אחרים,FALSE,,,"מדדי מחירים רבעוניים של תפוקת התעשייה, כרייה וחציבה ליצוא לפי ענף ראשי מקובץ במתכונת ""הסיווג האחיד של ענפי הכלכלה 2011""",163,"מדד מחירי יצרן - יצוא בענפי התעשייה, כרייה וחציבה",ba
195010,"מדד מחירי יצרן - יצוא בענפי התעשייה,  כרייה וחציבה",FALSE,,,"מדדי מחירים רבעוניים של תפוקת התעשייה, כרייה וחציבה ליצוא לפי ענף ראשי מקובץ ותת ענפים מקובצים במתכונת ""הסיווג האחיד של ענפי הכלכלה 2011""",120,"מדד מחירי יצרן - יצוא בענפי התעשייה, כרייה וחציבה",ba
195020,"מוצרי נפט מזוקק, כרייה וחציבה",FALSE,,,"מדדי מחירים רבעוניים של תפוקת התעשייה, כרייה וחציבה ליצוא לפי ענף ראשי מקובץ ותת ענפים מקובצים במתכונת ""הסיווג האחיד של ענפי הכלכלה 2011""",120,"מדד מחירי יצרן - יצוא בענפי התעשייה, כרייה וחציבה",ba
195030,"ייצור מוצרי מזון, ייצור משקאות",FALSE,,,"מדדי מחירים רבעוניים של תפוקת התעשייה, כרייה וחציבה ליצוא לפי ענף ראשי מקובץ ותת ענפים מקובצים במתכונת ""הסיווג האחיד של ענפי הכלכלה 2011""",120,"מדד מחירי יצרן - יצוא בענפי התעשייה, כרייה וחציבה",ba
195040,ייצור טקסטיל,FALSE,,,"מדדי מחירים רבעוניים של תפוקת התעשייה, כרייה וחציבה ליצוא לפי ענף ראשי מקובץ ותת ענפים מקובצים במתכונת ""הסיווג האחיד של ענפי הכלכלה 2011""",120,"מדד מחירי יצרן - יצוא בענפי התעשייה, כרייה וחציבה",ba
195045,"טוויה, סלילה ושזירה של חוטי כותנה וסיבי טקסטיל",FALSE,,,"מדדי מחירים רבעוניים של תפוקת התעשייה, כרייה וחציבה ליצוא לפי ענף ראשי מקובץ ותת ענפים מקובצים במתכונת ""הסיווג האחיד של ענפי הכלכלה 2011""",120,"מדד מחירי יצרן - יצוא בענפי התעשייה, כרייה וחציבה",ba
195050,אריגת טקסטיל וגימור טקסטיל,FALSE,,,"מדדי מחירים רבעוניים של תפוקת התעשייה, כרייה וחציבה ליצוא לפי ענף ראשי מקובץ ותת ענפים מקובצים במתכונת ""הסיווג האחיד של ענפי הכלכלה 2011""",120,"מדד מחירי יצרן - יצוא בענפי התעשייה, כרייה וחציבה",ba
195055,אריגים סרוגים ואריגי קרושה,FALSE,,,"מדדי מחירים רבעוניים של תפוקת התעשייה, כרייה וחציבה ליצוא לפי ענף ראשי מקובץ ותת ענפים מקובצים במתכונת ""הסיווג האחיד של ענפי הכלכלה 2011""",120,"מדד מחירי יצרן - יצוא בענפי התעשייה, כרייה וחציבה",ba
195060,"ייצור פרטי טקסטיל מוכנים, פרט לפרטי לבוש",FALSE,,,"מדדי מחירים רבעוניים של תפוקת התעשייה, כרייה וחציבה ליצוא לפי ענף ראשי מקובץ ותת ענפים מקובצים במתכונת ""הסיווג האחיד של ענפי הכלכלה 2011""",120,"מדד מחירי יצרן - יצוא בענפי התעשייה, כרייה וחציבה",ba
195585,"ייצור סוגים אחרים של טקסטיל, לנמ""א",FALSE,,,"מדדי מחירים רבעוניים של תפוקת התעשייה, כרייה וחציבה ליצוא לפי ענף ראשי מקובץ ותת ענפים מקובצים במתכונת ""הסיווג האחיד של ענפי הכלכלה 2011""",120,"מדד מחירי יצרן - יצוא בענפי התעשייה, כרייה וחציבה",ba
195080,ייצור מוצרי הלבשה,FALSE,,,"מדדי מחירים רבעוניים של תפוקת התעשייה, כרייה וחציבה ליצוא לפי ענף ראשי מקובץ ותת ענפים מקובצים במתכונת ""הסיווג האחיד של ענפי הכלכלה 2011""",120,"מדד מחירי יצרן - יצוא בענפי התעשייה, כרייה וחציבה",ba
195090,ייצור כימיקלים ומוצריהם,FALSE,,,"מדדי מחירים רבעוניים של תפוקת התעשייה, כרייה וחציבה ליצוא לפי ענף ראשי מקובץ ותת ענפים מקובצים במתכונת ""הסיווג האחיד של ענפי הכלכלה 2011""",120,"מדד מחירי יצרן - יצוא בענפי התעשייה, כרייה וחציבה",ba
193190,ייצור כימיקלים בסיסיים,FALSE,,,"מדדי מחירים רבעוניים של תפוקת התעשייה, כרייה וחציבה ליצוא לפי ענף ראשי מקובץ ותת ענפים מקובצים במתכונת ""הסיווג האחיד של ענפי הכלכלה 2011""",120,"מדד מחירי יצרן - יצוא בענפי התעשייה, כרייה וחציבה",ba
193250,ייצור חומרי הדברה וחיטוי לשימוש ביתי ולחקלאות,FALSE,,,"מדדי מחירים רבעוניים של תפוקת התעשייה, כרייה וחציבה ליצוא לפי ענף ראשי מקובץ ותת ענפים מקובצים במתכונת ""הסיווג האחיד של ענפי הכלכלה 2011""",120,"מדד מחירי יצרן - יצוא בענפי התעשייה, כרייה וחציבה",ba
193210,ייצור דשנים ותרכובות חנקן,FALSE,,,"מדדי מחירים רבעוניים של תפוקת התעשייה, כרייה וחציבה ליצוא לפי ענף ראשי מקובץ ותת ענפים מקובצים במתכונת ""הסיווג האחיד של ענפי הכלכלה 2011""",120,"מדד מחירי יצרן - יצוא בענפי התעשייה, כרייה וחציבה",ba
193230,ייצור חומרי גלם פלסטיים ומוצרים פטרוכימיים,FALSE,,,"מדדי מחירים רבעוניים של תפוקת התעשייה, כרייה וחציבה ליצוא לפי ענף ראשי מקובץ ותת ענפים מקובצים במתכונת ""הסיווג האחיד של ענפי הכלכלה 2011""",120,"מדד מחירי יצרן - יצוא בענפי התעשייה, כרייה וחציבה",ba
195110,ייצור צבעים ולכות,FALSE,,,"מדדי מחירים רבעוניים של תפוקת התעשייה, כרייה וחציבה ליצוא לפי ענף ראשי מקובץ ותת ענפים מקובצים במתכונת ""הסיווג האחיד של ענפי הכלכלה 2011""",120,"מדד מחירי יצרן - יצוא בענפי התעשייה, כרייה וחציבה",ba
193290,"ייצור סבון ואבקות כביסה, חומרי ניקוי ותמרוקים",FALSE,,,"מדדי מחירים רבעוניים של תפוקת התעשייה, כרייה וחציבה ליצוא לפי ענף ראשי מקובץ ותת ענפים מקובצים במתכונת ""הסיווג האחיד של ענפי הכלכלה 2011""",120,"מדד מחירי יצרן - יצוא בענפי התעשייה, כרייה וחציבה",ba
193310,"ייצור מוצרים כימיקלים אחרים, לנמ""א",FALSE,,,"מדדי מחירים רבעוניים של תפוקת התעשייה, כרייה וחציבה ליצוא לפי ענף ראשי מקובץ ותת ענפים מקובצים במתכונת ""הסיווג האחיד של ענפי הכלכלה 2011""",120,"מדד מחירי יצרן - יצוא בענפי התעשייה, כרייה וחציבה",ba
193270,ייצור תרופות לבני אדם ולשימוש וטרינרי,FALSE,,,"מדדי מחירים רבעוניים של תפוקת התעשייה, כרייה וחציבה ליצוא לפי ענף ראשי מקובץ ותת ענפים מקובצים במתכונת ""הסיווג האחיד של ענפי הכלכלה 2011""",120,"מדד מחירי יצרן - יצוא בענפי התעשייה, כרייה וחציבה",ba
195120,"ייצור מוצרי גומי ופלסטיק, ייצור רהיטים מפלסטיק",FALSE,,,"מדדי מחירים רבעוניים של תפוקת התעשייה, כרייה וחציבה ליצוא לפי ענף ראשי מקובץ ותת ענפים מקובצים במתכונת ""הסיווג האחיד של ענפי הכלכלה 2011""",120,"מדד מחירי יצרן - יצוא בענפי התעשייה, כרייה וחציבה",ba
193430,ייצור צמיגים ואבובים ומוצרי גומי אחרים,FALSE,,,"מדדי מחירים רבעוניים של תפוקת התעשייה, כרייה וחציבה ליצוא לפי ענף ראשי מקובץ ותת ענפים מקובצים במתכונת ""הסיווג האחיד של ענפי הכלכלה 2011""",120,"מדד מחירי יצרן - יצוא בענפי התעשייה, כרייה וחציבה",ba
193390,ייצור שרוולים ויריעות מפלסטיק,FALSE,,,"מדדי מחירים רבעוניים של תפוקת התעשייה, כרייה וחציבה ליצוא לפי ענף ראשי מקובץ ותת ענפים מקובצים במתכונת ""הסיווג האחיד של ענפי הכלכלה 2011""",120,"מדד מחירי יצרן - יצוא בענפי התעשייה, כרייה וחציבה",ba
193370,ייצור לוחות וצינורות מפלסטיק,FALSE,,,"מדדי מחירים רבעוניים של תפוקת התעשייה, כרייה וחציבה ליצוא לפי ענף ראשי מקובץ ותת ענפים מקובצים במתכונת ""הסיווג האחיד של ענפי הכלכלה 2011""",120,"מדד מחירי יצרן - יצוא בענפי התעשייה, כרייה וחציבה",ba
193435,ייצור מיכלים ובקבוקים מפלסטיק,FALSE,,,"מדדי מחירים רבעוניים של תפוקת התעשייה, כרייה וחציבה ליצוא לפי ענף ראשי מקובץ ותת ענפים מקובצים במתכונת ""הסיווג האחיד של ענפי הכלכלה 2011""",120,"מדד מחירי יצרן - יצוא בענפי התעשייה, כרייה וחציבה",ba
195150,ייצור מוצרים מפלסטיק משוריין,FALSE,,,"מדדי מחירים רבעוניים של תפוקת התעשייה, כרייה וחציבה ליצוא לפי ענף ראשי מקובץ ותת ענפים מקובצים במתכונת ""הסיווג האחיד של ענפי הכלכלה 2011""",120,"מדד מחירי יצרן - יצוא בענפי התעשייה, כרייה וחציבה",ba
195160,ייצור מוצרים מפלסטיק למטבח  ולבית,FALSE,,,"מדדי מחירים רבעוניים של תפוקת התעשייה, כרייה וחציבה ליצוא לפי ענף ראשי מקובץ ותת ענפים מקובצים במתכונת ""הסיווג האחיד של ענפי הכלכלה 2011""",120,"מדד מחירי יצרן - יצוא בענפי התעשייה, כרייה וחציבה",ba
195170,"ייצור מוצרים מפלסטיק לשימושים טכניים, חקלאיים ותעשייתיים",FALSE,,,"מדדי מחירים רבעוניים של תפוקת התעשייה, כרייה וחציבה ליצוא לפי ענף ראשי מקובץ ותת ענפים מקובצים במתכונת ""הסיווג האחיד של ענפי הכלכלה 2011""",120,"מדד מחירי יצרן - יצוא בענפי התעשייה, כרייה וחציבה",ba
195180,"ייצור מוצרים מפלסטיק לנמ""א",FALSE,,,"מדדי מחירים רבעוניים של תפוקת התעשייה, כרייה וחציבה ליצוא לפי ענף ראשי מקובץ ותת ענפים מקובצים במתכונת ""הסיווג האחיד של ענפי הכלכלה 2011""",120,"מדד מחירי יצרן - יצוא בענפי התעשייה, כרייה וחציבה",ba
195200,ייצור מוצרים אחרים על בסיס  מינרלים אל-מתכתיים,FALSE,,,"מדדי מחירים רבעוניים של תפוקת התעשייה, כרייה וחציבה ליצוא לפי ענף ראשי מקובץ ותת ענפים מקובצים במתכונת ""הסיווג האחיד של ענפי הכלכלה 2011""",120,"מדד מחירי יצרן - יצוא בענפי התעשייה, כרייה וחציבה",ba
195210,ייצור מוצרי מתכת,FALSE,,,"מדדי מחירים רבעוניים של תפוקת התעשייה, כרייה וחציבה ליצוא לפי ענף ראשי מקובץ ותת ענפים מקובצים במתכונת ""הסיווג האחיד של ענפי הכלכלה 2011""",120,"מדד מחירי יצרן - יצוא בענפי התעשייה, כרייה וחציבה",ba
195220,"ייצור מחשבים, מכשור אלקטרוני ואופטי",FALSE,,,"מדדי מחירים רבעוניים של תפוקת התעשייה, כרייה וחציבה ליצוא לפי ענף ראשי מקובץ ותת ענפים מקובצים במתכונת ""הסיווג האחיד של ענפי הכלכלה 2011""",120,"מדד מחירי יצרן - יצוא בענפי התעשייה, כרייה וחציבה",ba
195250,ייצור מחשבים וציוד היקפי,FALSE,,,"מדדי מחירים רבעוניים של תפוקת התעשייה, כרייה וחציבה ליצוא לפי ענף ראשי מקובץ ותת ענפים מקובצים במתכונת ""הסיווג האחיד של ענפי הכלכלה 2011""",120,"מדד מחירי יצרן - יצוא בענפי התעשייה, כרייה וחציבה",ba
193570,ייצור ציוד תקשורת,FALSE,,,"מדדי מחירים רבעוניים של תפוקת התעשייה, כרייה וחציבה ליצוא לפי ענף ראשי מקובץ ותת ענפים מקובצים במתכונת ""הסיווג האחיד של ענפי הכלכלה 2011""",120,"מדד מחירי יצרן - יצוא בענפי התעשייה, כרייה וחציבה",ba
195230,"ייצור מכשירי מדידה, בדיקה, ניווט ובקרה",FALSE,,,"מדדי מחירים רבעוניים של תפוקת התעשייה, כרייה וחציבה ליצוא לפי ענף ראשי מקובץ ותת ענפים מקובצים במתכונת ""הסיווג האחיד של ענפי הכלכלה 2011""",120,"מדד מחירי יצרן - יצוא בענפי התעשייה, כרייה וחציבה",ba
195240,"ייצור ציוד הקרנה, מכשור אלקטרוני רפואי   ומכשור רפואי כירורגי",FALSE,,,"מדדי מחירים רבעוניים של תפוקת התעשייה, כרייה וחציבה ליצוא לפי ענף ראשי מקובץ ותת ענפים מקובצים במתכונת ""הסיווג האחיד של ענפי הכלכלה 2011""",120,"מדד מחירי יצרן - יצוא בענפי התעשייה, כרייה וחציבה",ba
193690,ייצור מכשור אופטי וציוד צילום,FALSE,,,"מדדי מחירים רבעוניים של תפוקת התעשייה, כרייה וחציבה ליצוא לפי ענף ראשי מקובץ ותת ענפים מקובצים במתכונת ""הסיווג האחיד של ענפי הכלכלה 2011""",120,"מדד מחירי יצרן - יצוא בענפי התעשייה, כרייה וחציבה",ba
193470,ייצור ציוד חשמלי,FALSE,,,"מדדי מחירים רבעוניים של תפוקת התעשייה, כרייה וחציבה ליצוא לפי ענף ראשי מקובץ ותת ענפים מקובצים במתכונת ""הסיווג האחיד של ענפי הכלכלה 2011""",120,"מדד מחירי יצרן - יצוא בענפי התעשייה, כרייה וחציבה",ba
193490,ייצור מנועים חשמליים,FALSE,,,"מדדי מחירים רבעוניים של תפוקת התעשייה, כרייה וחציבה ליצוא לפי ענף ראשי מקובץ ותת ענפים מקובצים במתכונת ""הסיווג האחיד של ענפי הכלכלה 2011""",120,"מדד מחירי יצרן - יצוא בענפי התעשייה, כרייה וחציבה",ba
195260,ייצור שנאים,FALSE,,,"מדדי מחירים רבעוניים של תפוקת התעשייה, כרייה וחציבה ליצוא לפי ענף ראשי מקובץ ותת ענפים מקובצים במתכונת ""הסיווג האחיד של ענפי הכלכלה 2011""",120,"מדד מחירי יצרן - יצוא בענפי התעשייה, כרייה וחציבה",ba
195280,ייצור סוללות ומצברים,FALSE,,,"מדדי מחירים רבעוניים של תפוקת התעשייה, כרייה וחציבה ליצוא לפי ענף ראשי מקובץ ותת ענפים מקובצים במתכונת ""הסיווג האחיד של ענפי הכלכלה 2011""",120,"מדד מחירי יצרן - יצוא בענפי התעשייה, כרייה וחציבה",ba
195270,ייצור חוטי חשמל ומתקני חיווט,FALSE,,,"מדדי מחירים רבעוניים של תפוקת התעשייה, כרייה וחציבה ליצוא לפי ענף ראשי מקובץ ותת ענפים מקובצים במתכונת ""הסיווג האחיד של ענפי הכלכלה 2011""",120,"מדד מחירי יצרן - יצוא בענפי התעשייה, כרייה וחציבה",ba
193510,ייצור ציוד תאורה חשמלית,FALSE,,,"מדדי מחירים רבעוניים של תפוקת התעשייה, כרייה וחציבה ליצוא לפי ענף ראשי מקובץ ותת ענפים מקובצים במתכונת ""הסיווג האחיד של ענפי הכלכלה 2011""",120,"מדד מחירי יצרן - יצוא בענפי התעשייה, כרייה וחציבה",ba
195290,"ייצור מכונות וציוד לנמ""א",FALSE,,,"מדדי מחירים רבעוניים של תפוקת התעשייה, כרייה וחציבה ליצוא לפי ענף ראשי מקובץ ותת ענפים מקובצים במתכונת ""הסיווג האחיד של ענפי הכלכלה 2011""",120,"מדד מחירי יצרן - יצוא בענפי התעשייה, כרייה וחציבה",ba
195310,"ייצור משאבות, מדחסים, ברזים ושסתומים אחרים",FALSE,,,"מדדי מחירים רבעוניים של תפוקת התעשייה, כרייה וחציבה ליצוא לפי ענף ראשי מקובץ ותת ענפים מקובצים במתכונת ""הסיווג האחיד של ענפי הכלכלה 2011""",120,"מדד מחירי יצרן - יצוא בענפי התעשייה, כרייה וחציבה",ba
195320,"ייצור תנורים מקובעים, כבשנים, מבערים  ומערכות אנרגיה סולרית",FALSE,,,"מדדי מחירים רבעוניים של תפוקת התעשייה, כרייה וחציבה ליצוא לפי ענף ראשי מקובץ ותת ענפים מקובצים במתכונת ""הסיווג האחיד של ענפי הכלכלה 2011""",120,"מדד מחירי יצרן - יצוא בענפי התעשייה, כרייה וחציבה",ba
193462,ייצור מכונות וציוד אחרים לשימוש כללי,FALSE,,,"מדדי מחירים רבעוניים של תפוקת התעשייה, כרייה וחציבה ליצוא לפי ענף ראשי מקובץ ותת ענפים מקובצים במתכונת ""הסיווג האחיד של ענפי הכלכלה 2011""",120,"מדד מחירי יצרן - יצוא בענפי התעשייה, כרייה וחציבה",ba
193464,ייצור מכונות לחקלאות ולייעור,FALSE,,,"מדדי מחירים רבעוניים של תפוקת התעשייה, כרייה וחציבה ליצוא לפי ענף ראשי מקובץ ותת ענפים מקובצים במתכונת ""הסיווג האחיד של ענפי הכלכלה 2011""",120,"מדד מחירי יצרן - יצוא בענפי התעשייה, כרייה וחציבה",ba
195330,ייצור מכונות ייעודיות אחרות,FALSE,,,"מדדי מחירים רבעוניים של תפוקת התעשייה, כרייה וחציבה ליצוא לפי ענף ראשי מקובץ ותת ענפים מקובצים במתכונת ""הסיווג האחיד של ענפי הכלכלה 2011""",120,"מדד מחירי יצרן - יצוא בענפי התעשייה, כרייה וחציבה",ba
195340,ייצור כלי רכב מנועיים ונגררים,FALSE,,,"מדדי מחירים רבעוניים של תפוקת התעשייה, כרייה וחציבה ליצוא לפי ענף ראשי מקובץ ותת ענפים מקובצים במתכונת ""הסיווג האחיד של ענפי הכלכלה 2011""",120,"מדד מחירי יצרן - יצוא בענפי התעשייה, כרייה וחציבה",ba
195350,ייצור כלי תחבורה והובלה אחרים,FALSE,,,"מדדי מחירים רבעוניים של תפוקת התעשייה, כרייה וחציבה ליצוא לפי ענף ראשי מקובץ ותת ענפים מקובצים במתכונת ""הסיווג האחיד של ענפי הכלכלה 2011""",120,"מדד מחירי יצרן - יצוא בענפי התעשייה, כרייה וחציבה",ba
193770,ייצור כלי טיס וציוד נלווה,FALSE,,,"מדדי מחירים רבעוניים של תפוקת התעשייה, כרייה וחציבה ליצוא לפי ענף ראשי מקובץ ותת ענפים מקובצים במתכונת ""הסיווג האחיד של ענפי הכלכלה 2011""",120,"מדד מחירי יצרן - יצוא בענפי התעשייה, כרייה וחציבה",ba
195360,ענפי ייצור אחרים,FALSE,,,"מדדי מחירים רבעוניים של תפוקת התעשייה, כרייה וחציבה ליצוא לפי ענף ראשי מקובץ ותת ענפים מקובצים במתכונת ""הסיווג האחיד של ענפי הכלכלה 2011""",120,"מדד מחירי יצרן - יצוא בענפי התעשייה, כרייה וחציבה",ba
195370,"ייצור תכשיטים יקרים, מלאכותיים ופריטים דומים",FALSE,,,"מדדי מחירים רבעוניים של תפוקת התעשייה, כרייה וחציבה ליצוא לפי ענף ראשי מקובץ ותת ענפים מקובצים במתכונת ""הסיווג האחיד של ענפי הכלכלה 2011""",120,"מדד מחירי יצרן - יצוא בענפי התעשייה, כרייה וחציבה",ba
195380,"ייצור ציוד רפואי, דנטלי ואורתופדי",FALSE,,,"מדדי מחירים רבעוניים של תפוקת התעשייה, כרייה וחציבה ליצוא לפי ענף ראשי מקובץ ותת ענפים מקובצים במתכונת ""הסיווג האחיד של ענפי הכלכלה 2011""",120,"מדד מחירי יצרן - יצוא בענפי התעשייה, כרייה וחציבה",ba
194150,מידע ותקשורת,FALSE,,,"מדדי מחירים רבעוניים לענפי השירותים במתכונת ""הסיווג האחיד של ענפי הכלכלה 2011""",121,מדד מחירי יצרן - ענפי השירותים,bb
194160,"תכנות מחשבים, ייעוץ בתחום המחשבים ושירותים נלווים אחרים",FALSE,,,"מדדי מחירים רבעוניים לענפי השירותים במתכונת ""הסיווג האחיד של ענפי הכלכלה 2011""",121,מדד מחירי יצרן - ענפי השירותים,bb
194165,תכנות מחשבים,FALSE,,,"מדדי מחירים רבעוניים לענפי השירותים במתכונת ""הסיווג האחיד של ענפי הכלכלה 2011""",121,מדד מחירי יצרן - ענפי השירותים,bb
194170,ייעוץ בתחום המחשבים וניהול מתקנים  ממוחשבים,FALSE,,,"מדדי מחירים רבעוניים לענפי השירותים במתכונת ""הסיווג האחיד של ענפי הכלכלה 2011""",121,מדד מחירי יצרן - ענפי השירותים,bb
194180,"שירותים מקצועיים, מדעיים וטכניים",FALSE,,,"מדדי מחירים רבעוניים לענפי השירותים במתכונת ""הסיווג האחיד של ענפי הכלכלה 2011""",121,מדד מחירי יצרן - ענפי השירותים,bb
194185,שירותים משפטיים ושירותי חשבונאות,FALSE,,,"מדדי מחירים רבעוניים לענפי השירותים במתכונת ""הסיווג האחיד של ענפי הכלכלה 2011""",121,מדד מחירי יצרן - ענפי השירותים,bb
194190,שירותים משפטיים,FALSE,,,"מדדי מחירים רבעוניים לענפי השירותים במתכונת ""הסיווג האחיד של ענפי הכלכלה 2011""",121,מדד מחירי יצרן - ענפי השירותים,bb
194210,"שירותי חשבונאות, הנהלת חשבונות וביקורת חשבונות; ייעוץ מס",FALSE,,,"מדדי מחירים רבעוניים לענפי השירותים במתכונת ""הסיווג האחיד של ענפי הכלכלה 2011""",121,מדד מחירי יצרן - ענפי השירותים,bb
194250,ייעוץ ניהולי,FALSE,,,"מדדי מחירים רבעוניים לענפי השירותים במתכונת ""הסיווג האחיד של ענפי הכלכלה 2011""",121,מדד מחירי יצרן - ענפי השירותים,bb
194270,פרסום,FALSE,,,"מדדי מחירים רבעוניים לענפי השירותים במתכונת ""הסיווג האחיד של ענפי הכלכלה 2011""",121,מדד מחירי יצרן - ענפי השירותים,bb
194275,פרסום טלויזיה,FALSE,,,"מדדי מחירים רבעוניים לענפי השירותים במתכונת ""הסיווג האחיד של ענפי הכלכלה 2011""",121,מדד מחירי יצרן - ענפי השירותים,bb
194280,פרסום עיתונות,FALSE,,,"מדדי מחירים רבעוניים לענפי השירותים במתכונת ""הסיווג האחיד של ענפי הכלכלה 2011""",121,מדד מחירי יצרן - ענפי השירותים,bb
194285,פרסום אינטרנט,FALSE,,,"מדדי מחירים רבעוניים לענפי השירותים במתכונת ""הסיווג האחיד של ענפי הכלכלה 2011""",121,מדד מחירי יצרן - ענפי השירותים,bb
194290,פרסום רדיו,FALSE,,,"מדדי מחירים רבעוניים לענפי השירותים במתכונת ""הסיווג האחיד של ענפי הכלכלה 2011""",121,מדד מחירי יצרן - ענפי השירותים,bb
194295,שילוט חוצות,FALSE,,,"מדדי מחירים רבעוניים לענפי השירותים במתכונת ""הסיווג האחיד של ענפי הכלכלה 2011""",121,מדד מחירי יצרן - ענפי השירותים,bb
194300,שירותי ניהול ותמיכה,FALSE,,,"מדדי מחירים רבעוניים לענפי השירותים במתכונת ""הסיווג האחיד של ענפי הכלכלה 2011""",121,מדד מחירי יצרן - ענפי השירותים,bb
194310,שירותי תעסוקה,FALSE,,,"מדדי מחירים רבעוניים לענפי השירותים במתכונת ""הסיווג האחיד של ענפי הכלכלה 2011""",121,מדד מחירי יצרן - ענפי השירותים,bb
194370,השמה,FALSE,,,"מדדי מחירים רבעוניים לענפי השירותים במתכונת ""הסיווג האחיד של ענפי הכלכלה 2011""",121,מדד מחירי יצרן - ענפי השירותים,bb
194390,העסקת כח אדם,FALSE,,,"מדדי מחירים רבעוניים לענפי השירותים במתכונת ""הסיווג האחיד של ענפי הכלכלה 2011""",121,מדד מחירי יצרן - ענפי השירותים,bb
194350,שירותי תעסוקה ללא המגזר הציבורי,FALSE,,,"מדדי מחירים רבעוניים לענפי השירותים במתכונת ""הסיווג האחיד של ענפי הכלכלה 2011""",121,מדד מחירי יצרן - ענפי השירותים,bb
194120,"פעילוית שמירה, אבטחה וניקיון",FALSE,,,"מדדי מחירים רבעוניים לענפי השירותים במתכונת ""הסיווג האחיד של ענפי הכלכלה 2011""",121,מדד מחירי יצרן - ענפי השירותים,bb
194110,פעילויות שמירה ואבטחה,FALSE,,,"מדדי מחירים רבעוניים לענפי השירותים במתכונת ""הסיווג האחיד של ענפי הכלכלה 2011""",121,מדד מחירי יצרן - ענפי השירותים,bb
194130,שירותי ניקיון,FALSE,,,"מדדי מחירים רבעוניים לענפי השירותים במתכונת ""הסיווג האחיד של ענפי הכלכלה 2011""",121,מדד מחירי יצרן - ענפי השירותים,bb
290220,מידע ותקשורת,FALSE,,,מדד המחירים בענף הוצאה לאור,159,מדד מחירי יצרן - ענפי השירותים,bb
290230,הוצאה לאור,FALSE,,,מדד המחירים בענף הוצאה לאור,159,מדד מחירי יצרן - ענפי השירותים,bb
194700,הוצאה לאור של ספרים וכתבי עת,TRUE,1/16/2016,4/27/2026,מדד המחירים בענף הוצאה לאור,159,מדד מחירי יצרן - ענפי השירותים,bb
180560,הוצאה לאור של ספרים,TRUE,1/16/1983,4/27/2026,מדד המחירים בענף הוצאה לאור,159,מדד מחירי יצרן - ענפי השירותים,bb
194720,ספרי לימוד,TRUE,1/16/2016,4/27/2026,מדד המחירים בענף הוצאה לאור,159,מדד מחירי יצרן - ענפי השירותים,bb
194740,ספרים (לא כולל ספרי לימוד),TRUE,1/16/2016,4/27/2026,מדד המחירים בענף הוצאה לאור,159,מדד מחירי יצרן - ענפי השירותים,bb
180570,הוצאה לאור של עיתונים וכתבי עת,TRUE,1/16/1983,4/27/2026,מדד המחירים בענף הוצאה לאור,159,מדד מחירי יצרן - ענפי השירותים,bb
194760,עיתונים וכתבי עת (ללא מנויים),TRUE,1/16/2016,4/27/2026,מדד המחירים בענף הוצאה לאור,159,מדד מחירי יצרן - ענפי השירותים,bb
194780,מנויים לעיתונים ולכתבי עת,TRUE,1/16/2016,4/27/2026,מדד המחירים בענף הוצאה לאור,159,מדד מחירי יצרן - ענפי השירותים,bb
190900,מודעות בעיתונים ובכתבי עת,TRUE,1/16/1995,4/27/2026,מדד המחירים בענף הוצאה לאור,159,מדד מחירי יצרן - ענפי השירותים,bb
200010,מדד מחירי תשומה בבנייה למגורים - כללי,TRUE,1/16/1956,4/27/2026,"מדד מחירי תשומה בבנייה למגורים (ללא מע""מ), לפי קבוצה ראשית וקבוצה משנית",49,מדד מחירי תשומה בבנייה למגורים,c
200015,המדד ללא צמודי קרקע,TRUE,7/16/2025,4/27/2026,"מדד מחירי תשומה בבנייה למגורים (ללא מע""מ), לפי קבוצה ראשית וקבוצה משנית",49,מדד מחירי תשומה בבנייה למגורים,c
200020,המדד ללא שכר עבודה,TRUE,1/16/1983,4/27/2026,"מדד מחירי תשומה בבנייה למגורים (ללא מע""מ), לפי קבוצה ראשית וקבוצה משנית",49,מדד מחירי תשומה בבנייה למגורים,c
201010,חומרים ומוצרים - סך כולל,TRUE,11/16/1983,4/27/2026,"מדד מחירי תשומה בבנייה למגורים (ללא מע""מ), לפי קבוצה ראשית וקבוצה משנית",49,מדד מחירי תשומה בבנייה למגורים,c
201020,"חומרי מחצבה, שיש וקרמיקה",TRUE,1/16/1983,4/27/2026,"מדד מחירי תשומה בבנייה למגורים (ללא מע""מ), לפי קבוצה ראשית וקבוצה משנית",49,מדד מחירי תשומה בבנייה למגורים,c
201030,חומרי מחצבה והובלתם,TRUE,1/16/1983,4/27/2026,"מדד מחירי תשומה בבנייה למגורים (ללא מע""מ), לפי קבוצה ראשית וקבוצה משנית",49,מדד מחירי תשומה בבנייה למגורים,c
201060,אבן לחיפוי חיצוני,TRUE,1/16/1983,4/27/2026,"מדד מחירי תשומה בבנייה למגורים (ללא מע""מ), לפי קבוצה ראשית וקבוצה משנית",49,מדד מחירי תשומה בבנייה למגורים,c
201080,שיש וקרמיקה,TRUE,1/16/1983,4/27/2026,"מדד מחירי תשומה בבנייה למגורים (ללא מע""מ), לפי קבוצה ראשית וקבוצה משנית",49,מדד מחירי תשומה בבנייה למגורים,c
201090,שיש,TRUE,1/16/1983,4/27/2026,"מדד מחירי תשומה בבנייה למגורים (ללא מע""מ), לפי קבוצה ראשית וקבוצה משנית",49,מדד מחירי תשומה בבנייה למגורים,c
201100,אריחי חיפוי ומדרגות,TRUE,1/16/1983,4/27/2026,"מדד מחירי תשומה בבנייה למגורים (ללא מע""מ), לפי קבוצה ראשית וקבוצה משנית",49,מדד מחירי תשומה בבנייה למגורים,c
201130,"מלט, איטונג ומוצריהם",TRUE,1/16/1983,4/27/2026,"מדד מחירי תשומה בבנייה למגורים (ללא מע""מ), לפי קבוצה ראשית וקבוצה משנית",49,מדד מחירי תשומה בבנייה למגורים,c
201140,צמנט אפור,TRUE,2/16/2004,4/27/2026,"מדד מחירי תשומה בבנייה למגורים (ללא מע""מ), לפי קבוצה ראשית וקבוצה משנית",49,מדד מחירי תשומה בבנייה למגורים,c
201160,בטון מובא,TRUE,1/16/1983,4/27/2026,"מדד מחירי תשומה בבנייה למגורים (ללא מע""מ), לפי קבוצה ראשית וקבוצה משנית",49,מדד מחירי תשומה בבנייה למגורים,c
201180,טיט ושליכט,TRUE,2/16/1992,4/27/2026,"מדד מחירי תשומה בבנייה למגורים (ללא מע""מ), לפי קבוצה ראשית וקבוצה משנית",49,מדד מחירי תשומה בבנייה למגורים,c
201190,בלוקים,TRUE,2/16/2004,4/27/2026,"מדד מחירי תשומה בבנייה למגורים (ללא מע""מ), לפי קבוצה ראשית וקבוצה משנית",49,מדד מחירי תשומה בבנייה למגורים,c
201200,מוצרים אחרים מבטון,TRUE,11/16/1983,4/27/2026,"מדד מחירי תשומה בבנייה למגורים (ללא מע""מ), לפי קבוצה ראשית וקבוצה משנית",49,מדד מחירי תשומה בבנייה למגורים,c
201210,מחיצות מתועשות,TRUE,2/16/2004,4/27/2026,"מדד מחירי תשומה בבנייה למגורים (ללא מע""מ), לפי קבוצה ראשית וקבוצה משנית",49,מדד מחירי תשומה בבנייה למגורים,c
201225,ברזל ופלדה,TRUE,7/16/2025,4/27/2026,"מדד מחירי תשומה בבנייה למגורים (ללא מע""מ), לפי קבוצה ראשית וקבוצה משנית",49,מדד מחירי תשומה בבנייה למגורים,c
201230,ברזל לבנייה,TRUE,1/16/1983,4/27/2026,"מדד מחירי תשומה בבנייה למגורים (ללא מע""מ), לפי קבוצה ראשית וקבוצה משנית",49,מדד מחירי תשומה בבנייה למגורים,c
201260,רשתות וכלובים,TRUE,1/16/1983,4/27/2026,"מדד מחירי תשומה בבנייה למגורים (ללא מע""מ), לפי קבוצה ראשית וקבוצה משנית",49,מדד מחירי תשומה בבנייה למגורים,c
201307,פרופילים מפלדה,TRUE,7/16/2025,4/27/2026,"מדד מחירי תשומה בבנייה למגורים (ללא מע""מ), לפי קבוצה ראשית וקבוצה משנית",49,מדד מחירי תשומה בבנייה למגורים,c
201320,חשמל,TRUE,1/16/1983,4/27/2026,"מדד מחירי תשומה בבנייה למגורים (ללא מע""מ), לפי קבוצה ראשית וקבוצה משנית",49,מדד מחירי תשומה בבנייה למגורים,c
201330,צנרת חשמל,TRUE,1/16/1983,4/27/2026,"מדד מחירי תשומה בבנייה למגורים (ללא מע""מ), לפי קבוצה ראשית וקבוצה משנית",49,מדד מחירי תשומה בבנייה למגורים,c
201345,אביזרים ומוליכים לאינסטלציית חשמל,TRUE,7/16/2025,4/27/2026,"מדד מחירי תשומה בבנייה למגורים (ללא מע""מ), לפי קבוצה ראשית וקבוצה משנית",49,מדד מחירי תשומה בבנייה למגורים,c
201360,ארונות ולוחות חשמל,TRUE,2/16/2004,4/27/2026,"מדד מחירי תשומה בבנייה למגורים (ללא מע""מ), לפי קבוצה ראשית וקבוצה משנית",49,מדד מחירי תשומה בבנייה למגורים,c
201370,מערכות תקשורת וכריזה,TRUE,2/16/2004,4/27/2026,"מדד מחירי תשומה בבנייה למגורים (ללא מע""מ), לפי קבוצה ראשית וקבוצה משנית",49,מדד מחירי תשומה בבנייה למגורים,c
201373,מערכת גילוי אש,TRUE,7/16/2025,4/27/2026,"מדד מחירי תשומה בבנייה למגורים (ללא מע""מ), לפי קבוצה ראשית וקבוצה משנית",49,מדד מחירי תשומה בבנייה למגורים,c
201470,מערכת מיזוג אוויר,TRUE,2/16/2004,4/27/2026,"מדד מחירי תשומה בבנייה למגורים (ללא מע""מ), לפי קבוצה ראשית וקבוצה משנית",49,מדד מחירי תשומה בבנייה למגורים,c
201377,מערכת אוורור,TRUE,7/16/2025,4/27/2026,"מדד מחירי תשומה בבנייה למגורים (ללא מע""מ), לפי קבוצה ראשית וקבוצה משנית",49,מדד מחירי תשומה בבנייה למגורים,c
201380,תברואה,TRUE,1/16/1983,4/27/2026,"מדד מחירי תשומה בבנייה למגורים (ללא מע""מ), לפי קבוצה ראשית וקבוצה משנית",49,מדד מחירי תשומה בבנייה למגורים,c
201420,כלים סניטריים,TRUE,1/16/1983,4/27/2026,"מדד מחירי תשומה בבנייה למגורים (ללא מע""מ), לפי קבוצה ראשית וקבוצה משנית",49,מדד מחירי תשומה בבנייה למגורים,c
201430,מכלולי ברזים,TRUE,1/16/1983,4/27/2026,"מדד מחירי תשומה בבנייה למגורים (ללא מע""מ), לפי קבוצה ראשית וקבוצה משנית",49,מדד מחירי תשומה בבנייה למגורים,c
201440,מערכת כיבוי אש,TRUE,2/16/2004,4/27/2026,"מדד מחירי תשומה בבנייה למגורים (ללא מע""מ), לפי קבוצה ראשית וקבוצה משנית",49,מדד מחירי תשומה בבנייה למגורים,c
201455,מערכת ביוב וניקוז,TRUE,7/16/2025,4/27/2026,"מדד מחירי תשומה בבנייה למגורים (ללא מע""מ), לפי קבוצה ראשית וקבוצה משנית",49,מדד מחירי תשומה בבנייה למגורים,c
201460,מערכת מים,TRUE,1/16/1983,4/27/2026,"מדד מחירי תשומה בבנייה למגורים (ללא מע""מ), לפי קבוצה ראשית וקבוצה משנית",49,מדד מחירי תשומה בבנייה למגורים,c
201480,עץ לבנייה,TRUE,2/16/1992,4/27/2026,"מדד מחירי תשומה בבנייה למגורים (ללא מע""מ), לפי קבוצה ראשית וקבוצה משנית",49,מדד מחירי תשומה בבנייה למגורים,c
201485,נגרות ומסגרות,TRUE,7/16/2025,4/27/2026,"מדד מחירי תשומה בבנייה למגורים (ללא מע""מ), לפי קבוצה ראשית וקבוצה משנית",49,מדד מחירי תשומה בבנייה למגורים,c
201510,מוצרי נגרות,TRUE,2/16/2004,4/27/2026,"מדד מחירי תשומה בבנייה למגורים (ללא מע""מ), לפי קבוצה ראשית וקבוצה משנית",49,מדד מחירי תשומה בבנייה למגורים,c
201500,מוצרי אלומיניום,TRUE,2/16/2004,4/27/2026,"מדד מחירי תשומה בבנייה למגורים (ללא מע""מ), לפי קבוצה ראשית וקבוצה משנית",49,מדד מחירי תשומה בבנייה למגורים,c
201560,זכוכית,TRUE,2/16/2004,4/27/2026,"מדד מחירי תשומה בבנייה למגורים (ללא מע""מ), לפי קבוצה ראשית וקבוצה משנית",49,מדד מחירי תשומה בבנייה למגורים,c
201305,מסגרות חרש,TRUE,8/16/2011,4/27/2026,"מדד מחירי תשומה בבנייה למגורים (ללא מע""מ), לפי קבוצה ראשית וקבוצה משנית",49,מדד מחירי תשומה בבנייה למגורים,c
201520,מוצרים למרחב מוגן,TRUE,1/16/1983,4/27/2026,"מדד מחירי תשומה בבנייה למגורים (ללא מע""מ), לפי קבוצה ראשית וקבוצה משנית",49,מדד מחירי תשומה בבנייה למגורים,c
201530,מעליות,TRUE,2/16/1992,4/27/2026,"מדד מחירי תשומה בבנייה למגורים (ללא מע""מ), לפי קבוצה ראשית וקבוצה משנית",49,מדד מחירי תשומה בבנייה למגורים,c
201540,איטום,TRUE,2/16/2004,4/27/2026,"מדד מחירי תשומה בבנייה למגורים (ללא מע""מ), לפי קבוצה ראשית וקבוצה משנית",49,מדד מחירי תשומה בבנייה למגורים,c
201550,צבעים,TRUE,1/16/1983,4/27/2026,"מדד מחירי תשומה בבנייה למגורים (ללא מע""מ), לפי קבוצה ראשית וקבוצה משנית",49,מדד מחירי תשומה בבנייה למגורים,c
201570,חומרים ומוצרים שונים,TRUE,2/16/2004,4/27/2026,"מדד מחירי תשומה בבנייה למגורים (ללא מע""מ), לפי קבוצה ראשית וקבוצה משנית",49,מדד מחירי תשומה בבנייה למגורים,c
203020,שכירת ציוד,TRUE,1/16/1983,4/27/2026,"מדד מחירי תשומה בבנייה למגורים (ללא מע""מ), לפי קבוצה ראשית וקבוצה משנית",49,מדד מחירי תשומה בבנייה למגורים,c
204010,הוצאות כלליות,TRUE,1/16/1983,4/27/2026,"מדד מחירי תשומה בבנייה למגורים (ללא מע""מ), לפי קבוצה ראשית וקבוצה משנית",49,מדד מחירי תשומה בבנייה למגורים,c
204020,ביטוח ובדיקות,TRUE,2/16/2004,4/27/2026,"מדד מחירי תשומה בבנייה למגורים (ללא מע""מ), לפי קבוצה ראשית וקבוצה משנית",49,מדד מחירי תשומה בבנייה למגורים,c
204030,"אחזקת אתר, משרדים בטיחות והוצאות אחרות",TRUE,1/16/1983,4/27/2026,"מדד מחירי תשומה בבנייה למגורים (ללא מע""מ), לפי קבוצה ראשית וקבוצה משנית",49,מדד מחירי תשומה בבנייה למגורים,c
205010,שכר עבודה,TRUE,1/16/1983,4/27/2026,"מדד מחירי תשומה בבנייה למגורים (ללא מע""מ), לפי קבוצה ראשית וקבוצה משנית",49,מדד מחירי תשומה בבנייה למגורים,c
205020,פועלים,TRUE,1/16/1983,4/27/2026,"מדד מחירי תשומה בבנייה למגורים (ללא מע""מ), לפי קבוצה ראשית וקבוצה משנית",49,מדד מחירי תשומה בבנייה למגורים,c
205030,פועלי בניין,TRUE,1/16/1983,4/27/2026,"מדד מחירי תשומה בבנייה למגורים (ללא מע""מ), לפי קבוצה ראשית וקבוצה משנית",49,מדד מחירי תשומה בבנייה למגורים,c
205040,עובדי חשמל ואינסטלציה,TRUE,2/16/2004,4/27/2026,"מדד מחירי תשומה בבנייה למגורים (ללא מע""מ), לפי קבוצה ראשית וקבוצה משנית",49,מדד מחירי תשומה בבנייה למגורים,c
205050,עובדים אחרים,TRUE,2/16/1992,4/27/2026,"מדד מחירי תשומה בבנייה למגורים (ללא מע""מ), לפי קבוצה ראשית וקבוצה משנית",49,מדד מחירי תשומה בבנייה למגורים,c
205070,צוות ניהול ופיקוח,TRUE,1/16/1983,4/27/2026,"מדד מחירי תשומה בבנייה למגורים (ללא מע""מ), לפי קבוצה ראשית וקבוצה משנית",49,מדד מחירי תשומה בבנייה למגורים,c
616010,עפר,TRUE,7/16/2025,4/27/2026,"מדד מחירי תשומה בבנייה למגורים (ללא מע""מ), לפי פרקי הבנייה",50,מדד מחירי תשומה בבנייה למגורים,c
616030,חומרים ומוצרים - סך כולל,TRUE,8/16/2011,4/27/2026,"מדד מחירי תשומה בבנייה למגורים (ללא מע""מ), לפי פרקי הבנייה",50,מדד מחירי תשומה בבנייה למגורים,c
616040,חומרי מחצבה והובלתם,TRUE,8/16/2011,4/27/2026,"מדד מחירי תשומה בבנייה למגורים (ללא מע""מ), לפי פרקי הבנייה",50,מדד מחירי תשומה בבנייה למגורים,c
616045,"מלט, איטונג ומוצריהם",TRUE,7/16/2025,4/27/2026,"מדד מחירי תשומה בבנייה למגורים (ללא מע""מ), לפי פרקי הבנייה",50,מדד מחירי תשומה בבנייה למגורים,c
616055,מוצרי מתכת,TRUE,7/16/2025,4/27/2026,"מדד מחירי תשומה בבנייה למגורים (ללא מע""מ), לפי פרקי הבנייה",50,מדד מחירי תשומה בבנייה למגורים,c
616065,חומרים ומוצרים שונים,TRUE,7/16/2025,4/27/2026,"מדד מחירי תשומה בבנייה למגורים (ללא מע""מ), לפי פרקי הבנייה",50,מדד מחירי תשומה בבנייה למגורים,c
613032,שכירת ציוד,TRUE,2/16/2004,4/27/2026,"מדד מחירי תשומה בבנייה למגורים (ללא מע""מ), לפי פרקי הבנייה",50,מדד מחירי תשומה בבנייה למגורים,c
616075,שכר עבודה,TRUE,7/16/2025,4/27/2026,"מדד מחירי תשומה בבנייה למגורים (ללא מע""מ), לפי פרקי הבנייה",50,מדד מחירי תשומה בבנייה למגורים,c
615020,פועלים,TRUE,1/16/1992,4/27/2026,"מדד מחירי תשומה בבנייה למגורים (ללא מע""מ), לפי פרקי הבנייה",50,מדד מחירי תשומה בבנייה למגורים,c
617025,שלד,TRUE,7/16/2025,4/27/2026,"מדד מחירי תשומה בבנייה למגורים (ללא מע""מ), לפי פרקי הבנייה",50,מדד מחירי תשומה בבנייה למגורים,c
617030,חומרים ומוצרים - סך כולל,TRUE,8/16/2011,4/27/2026,"מדד מחירי תשומה בבנייה למגורים (ללא מע""מ), לפי פרקי הבנייה",50,מדד מחירי תשומה בבנייה למגורים,c
617040,"מלט, איטונג ומוצריהם",TRUE,8/16/2011,4/27/2026,"מדד מחירי תשומה בבנייה למגורים (ללא מע""מ), לפי פרקי הבנייה",50,מדד מחירי תשומה בבנייה למגורים,c
611160,בטון מובא,TRUE,1/16/1992,4/27/2026,"מדד מחירי תשומה בבנייה למגורים (ללא מע""מ), לפי פרקי הבנייה",50,מדד מחירי תשומה בבנייה למגורים,c
611200,מוצרים אחרים מבטון,TRUE,1/16/1992,4/27/2026,"מדד מחירי תשומה בבנייה למגורים (ללא מע""מ), לפי פרקי הבנייה",50,מדד מחירי תשומה בבנייה למגורים,c
611220,ברזל ומוצרי מתכת,TRUE,2/16/2004,4/27/2026,"מדד מחירי תשומה בבנייה למגורים (ללא מע""מ), לפי פרקי הבנייה",50,מדד מחירי תשומה בבנייה למגורים,c
611230,ברזל לבנייה,TRUE,1/16/1992,4/27/2026,"מדד מחירי תשומה בבנייה למגורים (ללא מע""מ), לפי פרקי הבנייה",50,מדד מחירי תשומה בבנייה למגורים,c
611260,רשתות וכלובים,TRUE,1/16/1992,4/27/2026,"מדד מחירי תשומה בבנייה למגורים (ללא מע""מ), לפי פרקי הבנייה",50,מדד מחירי תשומה בבנייה למגורים,c
611275,פרופילים מפלדה,TRUE,7/16/2025,4/27/2026,"מדד מחירי תשומה בבנייה למגורים (ללא מע""מ), לפי פרקי הבנייה",50,מדד מחירי תשומה בבנייה למגורים,c
611480,עץ לבנייה,TRUE,1/16/1992,4/27/2026,"מדד מחירי תשומה בבנייה למגורים (ללא מע""מ), לפי פרקי הבנייה",50,מדד מחירי תשומה בבנייה למגורים,c
611520,מוצרים מוגמרים - מרחב מוגן,TRUE,10/16/1993,4/27/2026,"מדד מחירי תשומה בבנייה למגורים (ללא מע""מ), לפי פרקי הבנייה",50,מדד מחירי תשומה בבנייה למגורים,c
617070,צבעים,TRUE,8/16/2011,4/27/2026,"מדד מחירי תשומה בבנייה למגורים (ללא מע""מ), לפי פרקי הבנייה",50,מדד מחירי תשומה בבנייה למגורים,c
617080,חומרים ומוצרים שונים,TRUE,8/16/2011,4/27/2026,"מדד מחירי תשומה בבנייה למגורים (ללא מע""מ), לפי פרקי הבנייה",50,מדד מחירי תשומה בבנייה למגורים,c
617090,שכירת ציוד,TRUE,8/16/2011,4/27/2026,"מדד מחירי תשומה בבנייה למגורים (ללא מע""מ), לפי פרקי הבנייה",50,מדד מחירי תשומה בבנייה למגורים,c
617115,שכר עבודה,TRUE,7/16/2025,4/27/2026,"מדד מחירי תשומה בבנייה למגורים (ללא מע""מ), לפי פרקי הבנייה",50,מדד מחירי תשומה בבנייה למגורים,c
617120,פועלים,TRUE,8/16/2011,4/27/2026,"מדד מחירי תשומה בבנייה למגורים (ללא מע""מ), לפי פרקי הבנייה",50,מדד מחירי תשומה בבנייה למגורים,c
617125,בנייה,TRUE,7/16/2025,4/27/2026,"מדד מחירי תשומה בבנייה למגורים (ללא מע""מ), לפי פרקי הבנייה",50,מדד מחירי תשומה בבנייה למגורים,c
621010,חומרים ומוצרים - סך כולל,TRUE,1/16/1992,4/27/2026,"מדד מחירי תשומה בבנייה למגורים (ללא מע""מ), לפי פרקי הבנייה",50,מדד מחירי תשומה בבנייה למגורים,c
621130,"מלט, איטונג ומוצריהם",TRUE,1/16/1992,4/27/2026,"מדד מחירי תשומה בבנייה למגורים (ללא מע""מ), לפי פרקי הבנייה",50,מדד מחירי תשומה בבנייה למגורים,c
621190,בלוקים,TRUE,1/16/1992,4/27/2026,"מדד מחירי תשומה בבנייה למגורים (ללא מע""מ), לפי פרקי הבנייה",50,מדד מחירי תשומה בבנייה למגורים,c
621135,מחיצות מתועשות,TRUE,7/16/2025,4/27/2026,"מדד מחירי תשומה בבנייה למגורים (ללא מע""מ), לפי פרקי הבנייה",50,מדד מחירי תשומה בבנייה למגורים,c
621145,חומרים ומוצרים שונים,TRUE,7/16/2025,4/27/2026,"מדד מחירי תשומה בבנייה למגורים (ללא מע""מ), לפי פרקי הבנייה",50,מדד מחירי תשומה בבנייה למגורים,c
623032,שכירת ציוד,TRUE,1/16/1992,4/27/2026,"מדד מחירי תשומה בבנייה למגורים (ללא מע""מ), לפי פרקי הבנייה",50,מדד מחירי תשומה בבנייה למגורים,c
625015,שכר עבודה,TRUE,7/16/2025,4/27/2026,"מדד מחירי תשומה בבנייה למגורים (ללא מע""מ), לפי פרקי הבנייה",50,מדד מחירי תשומה בבנייה למגורים,c
625020,פועלים,TRUE,1/16/1992,4/27/2026,"מדד מחירי תשומה בבנייה למגורים (ללא מע""מ), לפי פרקי הבנייה",50,מדד מחירי תשומה בבנייה למגורים,c
641005,מסגרות ונגרות,TRUE,7/16/2025,4/27/2026,"מדד מחירי תשומה בבנייה למגורים (ללא מע""מ), לפי פרקי הבנייה",50,מדד מחירי תשומה בבנייה למגורים,c
641010,חומרים ומוצרים - סך כולל,TRUE,2/16/2004,4/27/2026,"מדד מחירי תשומה בבנייה למגורים (ללא מע""מ), לפי פרקי הבנייה",50,מדד מחירי תשומה בבנייה למגורים,c
641015,עץ לבניה,TRUE,7/16/2025,4/27/2026,"מדד מחירי תשומה בבנייה למגורים (ללא מע""מ), לפי פרקי הבנייה",50,מדד מחירי תשומה בבנייה למגורים,c
641020,נגרות ומסגרות,TRUE,7/16/2025,4/27/2026,"מדד מחירי תשומה בבנייה למגורים (ללא מע""מ), לפי פרקי הבנייה",50,מדד מחירי תשומה בבנייה למגורים,c
641025,מוצרי נגרות,TRUE,7/16/2025,4/27/2026,"מדד מחירי תשומה בבנייה למגורים (ללא מע""מ), לפי פרקי הבנייה",50,מדד מחירי תשומה בבנייה למגורים,c
641030,דלתות,TRUE,7/16/2025,4/27/2026,"מדד מחירי תשומה בבנייה למגורים (ללא מע""מ), לפי פרקי הבנייה",50,מדד מחירי תשומה בבנייה למגורים,c
641035,ארונות,TRUE,7/16/2025,4/27/2026,"מדד מחירי תשומה בבנייה למגורים (ללא מע""מ), לפי פרקי הבנייה",50,מדד מחירי תשומה בבנייה למגורים,c
641040,מסגרות חרש,TRUE,7/16/2025,4/27/2026,"מדד מחירי תשומה בבנייה למגורים (ללא מע""מ), לפי פרקי הבנייה",50,מדד מחירי תשומה בבנייה למגורים,c
641045,דלתות כניסה ואש,TRUE,7/16/2025,4/27/2026,"מדד מחירי תשומה בבנייה למגורים (ללא מע""מ), לפי פרקי הבנייה",50,מדד מחירי תשומה בבנייה למגורים,c
641050,חומרים ומוצרים שונים,TRUE,7/16/2025,4/27/2026,"מדד מחירי תשומה בבנייה למגורים (ללא מע""מ), לפי פרקי הבנייה",50,מדד מחירי תשומה בבנייה למגורים,c
641560,שכירת ציוד,TRUE,8/16/2011,4/27/2026,"מדד מחירי תשומה בבנייה למגורים (ללא מע""מ), לפי פרקי הבנייה",50,מדד מחירי תשומה בבנייה למגורים,c
641570,שכר עבודה,TRUE,7/16/2025,4/27/2026,"מדד מחירי תשומה בבנייה למגורים (ללא מע""מ), לפי פרקי הבנייה",50,מדד מחירי תשומה בבנייה למגורים,c
645020,מתקינים,TRUE,2/16/2004,4/27/2026,"מדד מחירי תשומה בבנייה למגורים (ללא מע""מ), לפי פרקי הבנייה",50,מדד מחירי תשומה בבנייה למגורים,c
651005,תברואה,TRUE,7/16/2025,4/27/2026,"מדד מחירי תשומה בבנייה למגורים (ללא מע""מ), לפי פרקי הבנייה",50,מדד מחירי תשומה בבנייה למגורים,c
651010,חומרים ומוצרים - סך כולל,TRUE,1/16/1992,4/27/2026,"מדד מחירי תשומה בבנייה למגורים (ללא מע""מ), לפי פרקי הבנייה",50,מדד מחירי תשומה בבנייה למגורים,c
651025,חומרי מחצבה שיש וקרמיקה,TRUE,7/16/2025,4/27/2026,"מדד מחירי תשומה בבנייה למגורים (ללא מע""מ), לפי פרקי הבנייה",50,מדד מחירי תשומה בבנייה למגורים,c
651030,"מלט, איטונג ומוצריהם",TRUE,8/16/2011,4/27/2026,"מדד מחירי תשומה בבנייה למגורים (ללא מע""מ), לפי פרקי הבנייה",50,מדד מחירי תשומה בבנייה למגורים,c
651380,תברואה,TRUE,2/16/2004,4/27/2026,"מדד מחירי תשומה בבנייה למגורים (ללא מע""מ), לפי פרקי הבנייה",50,מדד מחירי תשומה בבנייה למגורים,c
651420,כלים סניטריים,TRUE,1/16/1992,4/27/2026,"מדד מחירי תשומה בבנייה למגורים (ללא מע""מ), לפי פרקי הבנייה",50,מדד מחירי תשומה בבנייה למגורים,c
651430,מכלולי ברזים,TRUE,1/16/1992,4/27/2026,"מדד מחירי תשומה בבנייה למגורים (ללא מע""מ), לפי פרקי הבנייה",50,מדד מחירי תשומה בבנייה למגורים,c
651440,מערכת כיבוי אש,TRUE,2/16/2004,4/27/2026,"מדד מחירי תשומה בבנייה למגורים (ללא מע""מ), לפי פרקי הבנייה",50,מדד מחירי תשומה בבנייה למגורים,c
651445,מערכת ביוב וניקוז,TRUE,7/16/2025,4/27/2026,"מדד מחירי תשומה בבנייה למגורים (ללא מע""מ), לפי פרקי הבנייה",50,מדד מחירי תשומה בבנייה למגורים,c
651460,מערכת מים,TRUE,2/16/2004,4/27/2026,"מדד מחירי תשומה בבנייה למגורים (ללא מע""מ), לפי פרקי הבנייה",50,מדד מחירי תשומה בבנייה למגורים,c
651550,שונות,TRUE,7/16/2025,4/27/2026,"מדד מחירי תשומה בבנייה למגורים (ללא מע""מ), לפי פרקי הבנייה",50,מדד מחירי תשומה בבנייה למגורים,c
651560,איטום,TRUE,7/16/2025,4/27/2026,"מדד מחירי תשומה בבנייה למגורים (ללא מע""מ), לפי פרקי הבנייה",50,מדד מחירי תשומה בבנייה למגורים,c
651570,חומרים ומוצרים שונים,TRUE,1/16/1992,4/27/2026,"מדד מחירי תשומה בבנייה למגורים (ללא מע""מ), לפי פרקי הבנייה",50,מדד מחירי תשומה בבנייה למגורים,c
651580,שכירת ציוד,TRUE,8/16/2011,4/27/2026,"מדד מחירי תשומה בבנייה למגורים (ללא מע""מ), לפי פרקי הבנייה",50,מדד מחירי תשומה בבנייה למגורים,c
651585,שכר עבודה,TRUE,7/16/2025,4/27/2026,"מדד מחירי תשומה בבנייה למגורים (ללא מע""מ), לפי פרקי הבנייה",50,מדד מחירי תשומה בבנייה למגורים,c
655020,פועלים,TRUE,1/16/1992,4/27/2026,"מדד מחירי תשומה בבנייה למגורים (ללא מע""מ), לפי פרקי הבנייה",50,מדד מחירי תשומה בבנייה למגורים,c
655025,חשמל,TRUE,7/16/2025,4/27/2026,"מדד מחירי תשומה בבנייה למגורים (ללא מע""מ), לפי פרקי הבנייה",50,מדד מחירי תשומה בבנייה למגורים,c
661010,חומרים ומוצרים - סך כולל,TRUE,1/16/1992,4/27/2026,"מדד מחירי תשומה בבנייה למגורים (ללא מע""מ), לפי פרקי הבנייה",50,מדד מחירי תשומה בבנייה למגורים,c
661330,צנרת חשמל,TRUE,1/16/1992,4/27/2026,"מדד מחירי תשומה בבנייה למגורים (ללא מע""מ), לפי פרקי הבנייה",50,מדד מחירי תשומה בבנייה למגורים,c
661350,אביזרים ומוליכים לאינסטלצית חשמל,TRUE,2/16/2004,4/27/2026,"מדד מחירי תשומה בבנייה למגורים (ללא מע""מ), לפי פרקי הבנייה",50,מדד מחירי תשומה בבנייה למגורים,c
661360,ארונות ולוחות חשמל,TRUE,2/16/2004,4/27/2026,"מדד מחירי תשומה בבנייה למגורים (ללא מע""מ), לפי פרקי הבנייה",50,מדד מחירי תשומה בבנייה למגורים,c
661370,מערכות תקשורת וכריזה,TRUE,2/16/2004,4/27/2026,"מדד מחירי תשומה בבנייה למגורים (ללא מע""מ), לפי פרקי הבנייה",50,מדד מחירי תשומה בבנייה למגורים,c
661371,מערכת גילוי אש,TRUE,7/16/2025,4/27/2026,"מדד מחירי תשומה בבנייה למגורים (ללא מע""מ), לפי פרקי הבנייה",50,מדד מחירי תשומה בבנייה למגורים,c
661372,מערכות מיזוג אוויר,TRUE,7/16/2025,4/27/2026,"מדד מחירי תשומה בבנייה למגורים (ללא מע""מ), לפי פרקי הבנייה",50,מדד מחירי תשומה בבנייה למגורים,c
661373,מערכות אוורור,TRUE,7/16/2025,4/27/2026,"מדד מחירי תשומה בבנייה למגורים (ללא מע""מ), לפי פרקי הבנייה",50,מדד מחירי תשומה בבנייה למגורים,c
661374,מתקנים לחדר משאבות,TRUE,7/16/2025,4/27/2026,"מדד מחירי תשומה בבנייה למגורים (ללא מע""מ), לפי פרקי הבנייה",50,מדד מחירי תשומה בבנייה למגורים,c
661375,חומרים ומוצרים אחרים,TRUE,8/16/2011,4/27/2026,"מדד מחירי תשומה בבנייה למגורים (ללא מע""מ), לפי פרקי הבנייה",50,מדד מחירי תשומה בבנייה למגורים,c
663020,שכירת ציוד,TRUE,8/16/2011,4/27/2026,"מדד מחירי תשומה בבנייה למגורים (ללא מע""מ), לפי פרקי הבנייה",50,מדד מחירי תשומה בבנייה למגורים,c
663025,שכר עבודה,TRUE,7/16/2025,4/27/2026,"מדד מחירי תשומה בבנייה למגורים (ללא מע""מ), לפי פרקי הבנייה",50,מדד מחירי תשומה בבנייה למגורים,c
665020,חשמלאים,TRUE,1/16/1992,4/27/2026,"מדד מחירי תשומה בבנייה למגורים (ללא מע""מ), לפי פרקי הבנייה",50,מדד מחירי תשומה בבנייה למגורים,c
665025,מעליות,TRUE,7/16/2025,4/27/2026,"מדד מחירי תשומה בבנייה למגורים (ללא מע""מ), לפי פרקי הבנייה",50,מדד מחירי תשומה בבנייה למגורים,c
671010,חומרים ומוצרים - סך כולל,TRUE,2/16/2004,4/27/2026,"מדד מחירי תשומה בבנייה למגורים (ללא מע""מ), לפי פרקי הבנייה",50,מדד מחירי תשומה בבנייה למגורים,c
671530,מעליות,TRUE,1/16/1992,4/27/2026,"מדד מחירי תשומה בבנייה למגורים (ללא מע""מ), לפי פרקי הבנייה",50,מדד מחירי תשומה בבנייה למגורים,c
671330,מוצרים אחרים,TRUE,8/16/2011,4/27/2026,"מדד מחירי תשומה בבנייה למגורים (ללא מע""מ), לפי פרקי הבנייה",50,מדד מחירי תשומה בבנייה למגורים,c
673020,שכירת ציוד,TRUE,8/16/2011,4/27/2026,"מדד מחירי תשומה בבנייה למגורים (ללא מע""מ), לפי פרקי הבנייה",50,מדד מחירי תשומה בבנייה למגורים,c
673025,שכר עבודה,TRUE,7/16/2025,4/27/2026,"מדד מחירי תשומה בבנייה למגורים (ללא מע""מ), לפי פרקי הבנייה",50,מדד מחירי תשומה בבנייה למגורים,c
675020,עובדים מקצועיים,TRUE,2/16/2004,4/27/2026,"מדד מחירי תשומה בבנייה למגורים (ללא מע""מ), לפי פרקי הבנייה",50,מדד מחירי תשומה בבנייה למגורים,c
675025,מיזוג,TRUE,7/16/2025,4/27/2026,"מדד מחירי תשומה בבנייה למגורים (ללא מע""מ), לפי פרקי הבנייה",50,מדד מחירי תשומה בבנייה למגורים,c
681010,חומרים ומוצרים - סך כולל,TRUE,2/16/2004,4/27/2026,"מדד מחירי תשומה בבנייה למגורים (ללא מע""מ), לפי פרקי הבנייה",50,מדד מחירי תשומה בבנייה למגורים,c
681320,מערכת מיזוג אוויר,TRUE,2/16/2004,4/27/2026,"מדד מחירי תשומה בבנייה למגורים (ללא מע""מ), לפי פרקי הבנייה",50,מדד מחירי תשומה בבנייה למגורים,c
681325,חומרים ומוצרים שונים,TRUE,7/16/2025,4/27/2026,"מדד מחירי תשומה בבנייה למגורים (ללא מע""מ), לפי פרקי הבנייה",50,מדד מחירי תשומה בבנייה למגורים,c
683020,שכירת ציוד,TRUE,8/16/2011,4/27/2026,"מדד מחירי תשומה בבנייה למגורים (ללא מע""מ), לפי פרקי הבנייה",50,מדד מחירי תשומה בבנייה למגורים,c
683025,שכר עבודה,TRUE,7/16/2025,4/27/2026,"מדד מחירי תשומה בבנייה למגורים (ללא מע""מ), לפי פרקי הבנייה",50,מדד מחירי תשומה בבנייה למגורים,c
685025,אלומיניום,TRUE,7/16/2025,4/27/2026,"מדד מחירי תשומה בבנייה למגורים (ללא מע""מ), לפי פרקי הבנייה",50,מדד מחירי תשומה בבנייה למגורים,c
691010,חומרים ומוצרים - סך כולל,TRUE,1/16/1992,4/27/2026,"מדד מחירי תשומה בבנייה למגורים (ללא מע""מ), לפי פרקי הבנייה",50,מדד מחירי תשומה בבנייה למגורים,c
691502,חלונות ודלתות,TRUE,2/16/2004,4/27/2026,"מדד מחירי תשומה בבנייה למגורים (ללא מע""מ), לפי פרקי הבנייה",50,מדד מחירי תשומה בבנייה למגורים,c
691504,תריסים,TRUE,1/16/1992,4/27/2026,"מדד מחירי תשומה בבנייה למגורים (ללא מע""מ), לפי פרקי הבנייה",50,מדד מחירי תשומה בבנייה למגורים,c
691506,מסתורי כביסה,TRUE,2/16/2004,4/27/2026,"מדד מחירי תשומה בבנייה למגורים (ללא מע""מ), לפי פרקי הבנייה",50,מדד מחירי תשומה בבנייה למגורים,c
691508,חיפוי חוץ,TRUE,7/16/2025,4/27/2026,"מדד מחירי תשומה בבנייה למגורים (ללא מע""מ), לפי פרקי הבנייה",50,מדד מחירי תשומה בבנייה למגורים,c
691560,זכוכית,TRUE,2/16/2004,4/27/2026,"מדד מחירי תשומה בבנייה למגורים (ללא מע""מ), לפי פרקי הבנייה",50,מדד מחירי תשומה בבנייה למגורים,c
691020,מסגרות חרש,TRUE,8/16/2011,4/27/2026,"מדד מחירי תשומה בבנייה למגורים (ללא מע""מ), לפי פרקי הבנייה",50,מדד מחירי תשומה בבנייה למגורים,c
691025,הוצאות כלליות,TRUE,7/16/2025,4/27/2026,"מדד מחירי תשומה בבנייה למגורים (ללא מע""מ), לפי פרקי הבנייה",50,מדד מחירי תשומה בבנייה למגורים,c
693020,שכירת ציוד,TRUE,8/16/2011,4/27/2026,"מדד מחירי תשומה בבנייה למגורים (ללא מע""מ), לפי פרקי הבנייה",50,מדד מחירי תשומה בבנייה למגורים,c
693025,שכר עבודה,TRUE,7/16/2025,4/27/2026,"מדד מחירי תשומה בבנייה למגורים (ללא מע""מ), לפי פרקי הבנייה",50,מדד מחירי תשומה בבנייה למגורים,c
695020,עובדים מקצועיים,TRUE,2/16/2004,4/27/2026,"מדד מחירי תשומה בבנייה למגורים (ללא מע""מ), לפי פרקי הבנייה",50,מדד מחירי תשומה בבנייה למגורים,c
695025,פיתוח,TRUE,7/16/2025,4/27/2026,"מדד מחירי תשומה בבנייה למגורים (ללא מע""מ), לפי פרקי הבנייה",50,מדד מחירי תשומה בבנייה למגורים,c
701010,חומרים ומוצרים - סך כולל,TRUE,1/16/1992,4/27/2026,"מדד מחירי תשומה בבנייה למגורים (ללא מע""מ), לפי פרקי הבנייה",50,מדד מחירי תשומה בבנייה למגורים,c
701015,חומרי מחצבה שיש וקרמיקה,TRUE,7/16/2025,4/27/2026,"מדד מחירי תשומה בבנייה למגורים (ללא מע""מ), לפי פרקי הבנייה",50,מדד מחירי תשומה בבנייה למגורים,c
701200,מוצרים מבטון,TRUE,2/16/2004,4/27/2026,"מדד מחירי תשומה בבנייה למגורים (ללא מע""מ), לפי פרקי הבנייה",50,מדד מחירי תשומה בבנייה למגורים,c
701205,תברואה,TRUE,7/16/2025,4/27/2026,"מדד מחירי תשומה בבנייה למגורים (ללא מע""מ), לפי פרקי הבנייה",50,מדד מחירי תשומה בבנייה למגורים,c
701270,מסגרות חרש,TRUE,2/16/2004,4/27/2026,"מדד מחירי תשומה בבנייה למגורים (ללא מע""מ), לפי פרקי הבנייה",50,מדד מחירי תשומה בבנייה למגורים,c
701570,חומרים ומוצרים שונים,TRUE,2/16/2004,4/27/2026,"מדד מחירי תשומה בבנייה למגורים (ללא מע""מ), לפי פרקי הבנייה",50,מדד מחירי תשומה בבנייה למגורים,c
703032,שכירת ציוד,TRUE,2/16/2004,4/27/2026,"מדד מחירי תשומה בבנייה למגורים (ללא מע""מ), לפי פרקי הבנייה",50,מדד מחירי תשומה בבנייה למגורים,c
703035,שכר עבודה,TRUE,7/16/2025,4/27/2026,"מדד מחירי תשומה בבנייה למגורים (ללא מע""מ), לפי פרקי הבנייה",50,מדד מחירי תשומה בבנייה למגורים,c
705020,פועלים,TRUE,1/16/1992,4/27/2026,"מדד מחירי תשומה בבנייה למגורים (ללא מע""מ), לפי פרקי הבנייה",50,מדד מחירי תשומה בבנייה למגורים,c
705025,ריצוף וחיפוי,TRUE,7/16/2025,4/27/2026,"מדד מחירי תשומה בבנייה למגורים (ללא מע""מ), לפי פרקי הבנייה",50,מדד מחירי תשומה בבנייה למגורים,c
711010,חומרים ומוצרים - סך כולל,TRUE,8/16/2011,4/27/2026,"מדד מחירי תשומה בבנייה למגורים (ללא מע""מ), לפי פרקי הבנייה",50,מדד מחירי תשומה בבנייה למגורים,c
631020,"חומרי מחצבה, שיש וקרמיקה",TRUE,2/16/2004,4/27/2026,"מדד מחירי תשומה בבנייה למגורים (ללא מע""מ), לפי פרקי הבנייה",50,מדד מחירי תשומה בבנייה למגורים,c
631030,חומרי מחצבה והובלתם,TRUE,2/16/2004,4/27/2026,"מדד מחירי תשומה בבנייה למגורים (ללא מע""מ), לפי פרקי הבנייה",50,מדד מחירי תשומה בבנייה למגורים,c
631080,שיש וקרמיקה לחיפוי וריצוף,TRUE,2/16/2004,4/27/2026,"מדד מחירי תשומה בבנייה למגורים (ללא מע""מ), לפי פרקי הבנייה",50,מדד מחירי תשומה בבנייה למגורים,c
631085,אבן לחיפי חיצוני,TRUE,7/16/2025,4/27/2026,"מדד מחירי תשומה בבנייה למגורים (ללא מע""מ), לפי פרקי הבנייה",50,מדד מחירי תשומה בבנייה למגורים,c
711020,"מלט, איטונג ומוצריהם",TRUE,8/16/2011,4/27/2026,"מדד מחירי תשומה בבנייה למגורים (ללא מע""מ), לפי פרקי הבנייה",50,מדד מחירי תשומה בבנייה למגורים,c
711025,מחיצות מתועשות,TRUE,7/16/2025,4/27/2026,"מדד מחירי תשומה בבנייה למגורים (ללא מע""מ), לפי פרקי הבנייה",50,מדד מחירי תשומה בבנייה למגורים,c
711040,צבעים,TRUE,8/16/2011,4/27/2026,"מדד מחירי תשומה בבנייה למגורים (ללא מע""מ), לפי פרקי הבנייה",50,מדד מחירי תשומה בבנייה למגורים,c
711045,חומרים ומוצרים שונים,TRUE,7/16/2025,4/27/2026,"מדד מחירי תשומה בבנייה למגורים (ללא מע""מ), לפי פרקי הבנייה",50,מדד מחירי תשומה בבנייה למגורים,c
712010,שכירת ציוד,TRUE,8/16/2011,4/27/2026,"מדד מחירי תשומה בבנייה למגורים (ללא מע""מ), לפי פרקי הבנייה",50,מדד מחירי תשומה בבנייה למגורים,c
713010,הוצאות כלליות,TRUE,8/16/2011,4/27/2026,"מדד מחירי תשומה בבנייה למגורים (ללא מע""מ), לפי פרקי הבנייה",50,מדד מחירי תשומה בבנייה למגורים,c
713015,שכר עבודה,TRUE,7/16/2025,4/27/2026,"מדד מחירי תשומה בבנייה למגורים (ללא מע""מ), לפי פרקי הבנייה",50,מדד מחירי תשומה בבנייה למגורים,c
714020,פועלים,TRUE,8/16/2011,4/27/2026,"מדד מחירי תשומה בבנייה למגורים (ללא מע""מ), לפי פרקי הבנייה",50,מדד מחירי תשומה בבנייה למגורים,c
714025,איטום ובידוד,TRUE,7/16/2025,4/27/2026,"מדד מחירי תשומה בבנייה למגורים (ללא מע""מ), לפי פרקי הבנייה",50,מדד מחירי תשומה בבנייה למגורים,c
721010,חומרים ומוצרים - סך כולל,TRUE,8/16/2011,4/27/2026,"מדד מחירי תשומה בבנייה למגורים (ללא מע""מ), לפי פרקי הבנייה",50,מדד מחירי תשומה בבנייה למגורים,c
721020,"מלט, איטונג ומוצריהם",TRUE,8/16/2011,4/27/2026,"מדד מחירי תשומה בבנייה למגורים (ללא מע""מ), לפי פרקי הבנייה",50,מדד מחירי תשומה בבנייה למגורים,c
721030,איטום,TRUE,8/16/2011,4/27/2026,"מדד מחירי תשומה בבנייה למגורים (ללא מע""מ), לפי פרקי הבנייה",50,מדד מחירי תשומה בבנייה למגורים,c
721040,חומרים ומוצרים שונים,TRUE,8/16/2011,4/27/2026,"מדד מחירי תשומה בבנייה למגורים (ללא מע""מ), לפי פרקי הבנייה",50,מדד מחירי תשומה בבנייה למגורים,c
722010,שכירת ציוד,TRUE,8/16/2011,4/27/2026,"מדד מחירי תשומה בבנייה למגורים (ללא מע""מ), לפי פרקי הבנייה",50,מדד מחירי תשומה בבנייה למגורים,c
722015,שכר עבודה,TRUE,7/16/2025,4/27/2026,"מדד מחירי תשומה בבנייה למגורים (ללא מע""מ), לפי פרקי הבנייה",50,מדד מחירי תשומה בבנייה למגורים,c
724020,פועלים,TRUE,8/16/2011,4/27/2026,"מדד מחירי תשומה בבנייה למגורים (ללא מע""מ), לפי פרקי הבנייה",50,מדד מחירי תשומה בבנייה למגורים,c
724025,תקורות,TRUE,7/16/2025,4/27/2026,"מדד מחירי תשומה בבנייה למגורים (ללא מע""מ), לפי פרקי הבנייה",50,מדד מחירי תשומה בבנייה למגורים,c
724035,חומרים ומוצרים - סך כולל,TRUE,7/16/2025,4/27/2026,"מדד מחירי תשומה בבנייה למגורים (ללא מע""מ), לפי פרקי הבנייה",50,מדד מחירי תשומה בבנייה למגורים,c
724045,שכירת ציוד,TRUE,7/16/2025,4/27/2026,"מדד מחירי תשומה בבנייה למגורים (ללא מע""מ), לפי פרקי הבנייה",50,מדד מחירי תשומה בבנייה למגורים,c
724055,הוצאות כלליות,TRUE,7/16/2025,4/27/2026,"מדד מחירי תשומה בבנייה למגורים (ללא מע""מ), לפי פרקי הבנייה",50,מדד מחירי תשומה בבנייה למגורים,c
724065,בדיקות ובטוח,TRUE,7/16/2025,4/27/2026,"מדד מחירי תשומה בבנייה למגורים (ללא מע""מ), לפי פרקי הבנייה",50,מדד מחירי תשומה בבנייה למגורים,c
724075,אחזקת אתר,TRUE,7/16/2025,4/27/2026,"מדד מחירי תשומה בבנייה למגורים (ללא מע""מ), לפי פרקי הבנייה",50,מדד מחירי תשומה בבנייה למגורים,c
724085,שכר עבודה,TRUE,7/16/2025,4/27/2026,"מדד מחירי תשומה בבנייה למגורים (ללא מע""מ), לפי פרקי הבנייה",50,מדד מחירי תשומה בבנייה למגורים,c
724095,"צוות, ניהול ופיקוח",TRUE,7/16/2025,4/27/2026,"מדד מחירי תשומה בבנייה למגורים (ללא מע""מ), לפי פרקי הבנייה",50,מדד מחירי תשומה בבנייה למגורים,c
800010,מדד מחירי תשומה בבנייה למבני מסחר ומשרדים - כללי,TRUE,1/16/2012,4/27/2026,"מדד מחירי תשומה בבנייה למסחר ולמשרדים, לפי קבוצה ראשית וקבוצה משנית",149,מדד מחירי תשומה בבנייה למסחר ולמשרדים,ca
800020,עפר,TRUE,1/16/2012,4/27/2026,"מדד מחירי תשומה בבנייה למסחר ולמשרדים, לפי קבוצה ראשית וקבוצה משנית",149,מדד מחירי תשומה בבנייה למסחר ולמשרדים,ca
800030,חומרי מחצבה והובלתם,TRUE,1/16/2012,4/27/2026,"מדד מחירי תשומה בבנייה למסחר ולמשרדים, לפי קבוצה ראשית וקבוצה משנית",149,מדד מחירי תשומה בבנייה למסחר ולמשרדים,ca
800040,ציוד שכור,TRUE,1/16/2012,4/27/2026,"מדד מחירי תשומה בבנייה למסחר ולמשרדים, לפי קבוצה ראשית וקבוצה משנית",149,מדד מחירי תשומה בבנייה למסחר ולמשרדים,ca
800050,שכר עבודה,TRUE,1/16/2012,4/27/2026,"מדד מחירי תשומה בבנייה למסחר ולמשרדים, לפי קבוצה ראשית וקבוצה משנית",149,מדד מחירי תשומה בבנייה למסחר ולמשרדים,ca
800060,בטון,TRUE,1/16/2012,4/27/2026,"מדד מחירי תשומה בבנייה למסחר ולמשרדים, לפי קבוצה ראשית וקבוצה משנית",149,מדד מחירי תשומה בבנייה למסחר ולמשרדים,ca
800070,חומרים,TRUE,1/16/2012,4/27/2026,"מדד מחירי תשומה בבנייה למסחר ולמשרדים, לפי קבוצה ראשית וקבוצה משנית",149,מדד מחירי תשומה בבנייה למסחר ולמשרדים,ca
800080,בטון,TRUE,1/16/2012,4/27/2026,"מדד מחירי תשומה בבנייה למסחר ולמשרדים, לפי קבוצה ראשית וקבוצה משנית",149,מדד מחירי תשומה בבנייה למסחר ולמשרדים,ca
800090,ברזל ומוצרי מתכת,TRUE,1/16/2012,4/27/2026,"מדד מחירי תשומה בבנייה למסחר ולמשרדים, לפי קבוצה ראשית וקבוצה משנית",149,מדד מחירי תשומה בבנייה למסחר ולמשרדים,ca
800100,ברזל לבנייה,TRUE,1/16/2012,4/27/2026,"מדד מחירי תשומה בבנייה למסחר ולמשרדים, לפי קבוצה ראשית וקבוצה משנית",149,מדד מחירי תשומה בבנייה למסחר ולמשרדים,ca
800110,רשתות ברזל,TRUE,1/16/2012,4/27/2026,"מדד מחירי תשומה בבנייה למסחר ולמשרדים, לפי קבוצה ראשית וקבוצה משנית",149,מדד מחירי תשומה בבנייה למסחר ולמשרדים,ca
800120,עץ לטפסנות,TRUE,1/16/2012,4/27/2026,"מדד מחירי תשומה בבנייה למסחר ולמשרדים, לפי קבוצה ראשית וקבוצה משנית",149,מדד מחירי תשומה בבנייה למסחר ולמשרדים,ca
800130,חומרי עזר שלד,TRUE,1/16/2012,4/27/2026,"מדד מחירי תשומה בבנייה למסחר ולמשרדים, לפי קבוצה ראשית וקבוצה משנית",149,מדד מחירי תשומה בבנייה למסחר ולמשרדים,ca
800140,חומרים אחרים,TRUE,1/16/2012,4/27/2026,"מדד מחירי תשומה בבנייה למסחר ולמשרדים, לפי קבוצה ראשית וקבוצה משנית",149,מדד מחירי תשומה בבנייה למסחר ולמשרדים,ca
800150,ציוד שכור,TRUE,1/16/2012,4/27/2026,"מדד מחירי תשומה בבנייה למסחר ולמשרדים, לפי קבוצה ראשית וקבוצה משנית",149,מדד מחירי תשומה בבנייה למסחר ולמשרדים,ca
800160,משאבת בטון,TRUE,1/16/2012,4/27/2026,"מדד מחירי תשומה בבנייה למסחר ולמשרדים, לפי קבוצה ראשית וקבוצה משנית",149,מדד מחירי תשומה בבנייה למסחר ולמשרדים,ca
800170,תבניות ופיגומים,TRUE,1/16/2012,4/27/2026,"מדד מחירי תשומה בבנייה למסחר ולמשרדים, לפי קבוצה ראשית וקבוצה משנית",149,מדד מחירי תשומה בבנייה למסחר ולמשרדים,ca
800180,שכר עבודה,TRUE,1/16/2012,4/27/2026,"מדד מחירי תשומה בבנייה למסחר ולמשרדים, לפי קבוצה ראשית וקבוצה משנית",149,מדד מחירי תשומה בבנייה למסחר ולמשרדים,ca
800190,רכיבים טרומיים,TRUE,1/16/2012,4/27/2026,"מדד מחירי תשומה בבנייה למסחר ולמשרדים, לפי קבוצה ראשית וקבוצה משנית",149,מדד מחירי תשומה בבנייה למסחר ולמשרדים,ca
800200,חומרים - אלמנטים טרומיים שונים,TRUE,1/16/2012,4/27/2026,"מדד מחירי תשומה בבנייה למסחר ולמשרדים, לפי קבוצה ראשית וקבוצה משנית",149,מדד מחירי תשומה בבנייה למסחר ולמשרדים,ca
800210,הובלה והרכבה של רכיבים טרומיים,TRUE,1/16/2012,4/27/2026,"מדד מחירי תשומה בבנייה למסחר ולמשרדים, לפי קבוצה ראשית וקבוצה משנית",149,מדד מחירי תשומה בבנייה למסחר ולמשרדים,ca
800220,בנייה,TRUE,1/16/2012,4/27/2026,"מדד מחירי תשומה בבנייה למסחר ולמשרדים, לפי קבוצה ראשית וקבוצה משנית",149,מדד מחירי תשומה בבנייה למסחר ולמשרדים,ca
800230,חומרים,TRUE,1/16/2012,4/27/2026,"מדד מחירי תשומה בבנייה למסחר ולמשרדים, לפי קבוצה ראשית וקבוצה משנית",149,מדד מחירי תשומה בבנייה למסחר ולמשרדים,ca
800240,בלוקים שונים,TRUE,1/16/2012,4/27/2026,"מדד מחירי תשומה בבנייה למסחר ולמשרדים, לפי קבוצה ראשית וקבוצה משנית",149,מדד מחירי תשומה בבנייה למסחר ולמשרדים,ca
800250,חומרים אחרים,TRUE,1/16/2012,4/27/2026,"מדד מחירי תשומה בבנייה למסחר ולמשרדים, לפי קבוצה ראשית וקבוצה משנית",149,מדד מחירי תשומה בבנייה למסחר ולמשרדים,ca
800260,שכר עבודה,TRUE,1/16/2012,4/27/2026,"מדד מחירי תשומה בבנייה למסחר ולמשרדים, לפי קבוצה ראשית וקבוצה משנית",149,מדד מחירי תשומה בבנייה למסחר ולמשרדים,ca
800270,איטום,TRUE,1/16/2012,4/27/2026,"מדד מחירי תשומה בבנייה למסחר ולמשרדים, לפי קבוצה ראשית וקבוצה משנית",149,מדד מחירי תשומה בבנייה למסחר ולמשרדים,ca
800280,חומרים,TRUE,1/16/2012,4/27/2026,"מדד מחירי תשומה בבנייה למסחר ולמשרדים, לפי קבוצה ראשית וקבוצה משנית",149,מדד מחירי תשומה בבנייה למסחר ולמשרדים,ca
800290,יריעות ביטומניות וביטומן,TRUE,1/16/2012,4/27/2026,"מדד מחירי תשומה בבנייה למסחר ולמשרדים, לפי קבוצה ראשית וקבוצה משנית",149,מדד מחירי תשומה בבנייה למסחר ולמשרדים,ca
800300,לוחות פוליסטירן,TRUE,1/16/2012,4/27/2026,"מדד מחירי תשומה בבנייה למסחר ולמשרדים, לפי קבוצה ראשית וקבוצה משנית",149,מדד מחירי תשומה בבנייה למסחר ולמשרדים,ca
800310,בטקל,TRUE,1/16/2012,4/27/2026,"מדד מחירי תשומה בבנייה למסחר ולמשרדים, לפי קבוצה ראשית וקבוצה משנית",149,מדד מחירי תשומה בבנייה למסחר ולמשרדים,ca
800320,חומרי עזר לאיטום,TRUE,1/16/2012,4/27/2026,"מדד מחירי תשומה בבנייה למסחר ולמשרדים, לפי קבוצה ראשית וקבוצה משנית",149,מדד מחירי תשומה בבנייה למסחר ולמשרדים,ca
800330,שכר עבודה,TRUE,1/16/2012,4/27/2026,"מדד מחירי תשומה בבנייה למסחר ולמשרדים, לפי קבוצה ראשית וקבוצה משנית",149,מדד מחירי תשומה בבנייה למסחר ולמשרדים,ca
800340,נגרות ומסגרות,TRUE,1/16/2012,4/27/2026,"מדד מחירי תשומה בבנייה למסחר ולמשרדים, לפי קבוצה ראשית וקבוצה משנית",149,מדד מחירי תשומה בבנייה למסחר ולמשרדים,ca
800350,חומרים,TRUE,1/16/2012,4/27/2026,"מדד מחירי תשומה בבנייה למסחר ולמשרדים, לפי קבוצה ראשית וקבוצה משנית",149,מדד מחירי תשומה בבנייה למסחר ולמשרדים,ca
800360,מסגרות,TRUE,1/16/2012,4/27/2026,"מדד מחירי תשומה בבנייה למסחר ולמשרדים, לפי קבוצה ראשית וקבוצה משנית",149,מדד מחירי תשומה בבנייה למסחר ולמשרדים,ca
800370,נגרות,TRUE,1/16/2012,4/27/2026,"מדד מחירי תשומה בבנייה למסחר ולמשרדים, לפי קבוצה ראשית וקבוצה משנית",149,מדד מחירי תשומה בבנייה למסחר ולמשרדים,ca
800380,ציוד שכור,TRUE,1/16/2012,4/27/2026,"מדד מחירי תשומה בבנייה למסחר ולמשרדים, לפי קבוצה ראשית וקבוצה משנית",149,מדד מחירי תשומה בבנייה למסחר ולמשרדים,ca
800390,תברואה,TRUE,1/16/2012,4/27/2026,"מדד מחירי תשומה בבנייה למסחר ולמשרדים, לפי קבוצה ראשית וקבוצה משנית",149,מדד מחירי תשומה בבנייה למסחר ולמשרדים,ca
800400,חומרים,TRUE,1/16/2012,4/27/2026,"מדד מחירי תשומה בבנייה למסחר ולמשרדים, לפי קבוצה ראשית וקבוצה משנית",149,מדד מחירי תשומה בבנייה למסחר ולמשרדים,ca
800410,צינורות מתכת שונים כולל אביזרים,TRUE,1/16/2012,4/27/2026,"מדד מחירי תשומה בבנייה למסחר ולמשרדים, לפי קבוצה ראשית וקבוצה משנית",149,מדד מחירי תשומה בבנייה למסחר ולמשרדים,ca
800420,צנורות פלסטיק,TRUE,1/16/2012,4/27/2026,"מדד מחירי תשומה בבנייה למסחר ולמשרדים, לפי קבוצה ראשית וקבוצה משנית",149,מדד מחירי תשומה בבנייה למסחר ולמשרדים,ca
800430,משאבות,TRUE,1/16/2012,4/27/2026,"מדד מחירי תשומה בבנייה למסחר ולמשרדים, לפי קבוצה ראשית וקבוצה משנית",149,מדד מחירי תשומה בבנייה למסחר ולמשרדים,ca
800440,כלים סניטריים,TRUE,1/16/2012,4/27/2026,"מדד מחירי תשומה בבנייה למסחר ולמשרדים, לפי קבוצה ראשית וקבוצה משנית",149,מדד מחירי תשומה בבנייה למסחר ולמשרדים,ca
800450,ברזים וסוללות (כולל סיפונים),TRUE,1/16/2012,4/27/2026,"מדד מחירי תשומה בבנייה למסחר ולמשרדים, לפי קבוצה ראשית וקבוצה משנית",149,מדד מחירי תשומה בבנייה למסחר ולמשרדים,ca
800460,מתקני חוץ - שוחות ביוב מבטון,TRUE,1/16/2012,4/27/2026,"מדד מחירי תשומה בבנייה למסחר ולמשרדים, לפי קבוצה ראשית וקבוצה משנית",149,מדד מחירי תשומה בבנייה למסחר ולמשרדים,ca
800470,ציוד לכיבוי אש,TRUE,1/16/2012,4/27/2026,"מדד מחירי תשומה בבנייה למסחר ולמשרדים, לפי קבוצה ראשית וקבוצה משנית",149,מדד מחירי תשומה בבנייה למסחר ולמשרדים,ca
800480,שכר עבודה,TRUE,1/16/2012,4/27/2026,"מדד מחירי תשומה בבנייה למסחר ולמשרדים, לפי קבוצה ראשית וקבוצה משנית",149,מדד מחירי תשומה בבנייה למסחר ולמשרדים,ca
800490,חשמל,TRUE,1/16/2012,4/27/2026,"מדד מחירי תשומה בבנייה למסחר ולמשרדים, לפי קבוצה ראשית וקבוצה משנית",149,מדד מחירי תשומה בבנייה למסחר ולמשרדים,ca
800500,חומרים,TRUE,1/16/2012,4/27/2026,"מדד מחירי תשומה בבנייה למסחר ולמשרדים, לפי קבוצה ראשית וקבוצה משנית",149,מדד מחירי תשומה בבנייה למסחר ולמשרדים,ca
800510,לוחות חשמל,TRUE,1/16/2012,4/27/2026,"מדד מחירי תשומה בבנייה למסחר ולמשרדים, לפי קבוצה ראשית וקבוצה משנית",149,מדד מחירי תשומה בבנייה למסחר ולמשרדים,ca
800520,צנרת חשמל,TRUE,1/16/2012,4/27/2026,"מדד מחירי תשומה בבנייה למסחר ולמשרדים, לפי קבוצה ראשית וקבוצה משנית",149,מדד מחירי תשומה בבנייה למסחר ולמשרדים,ca
800530,כבלי חשמל,TRUE,1/16/2012,4/27/2026,"מדד מחירי תשומה בבנייה למסחר ולמשרדים, לפי קבוצה ראשית וקבוצה משנית",149,מדד מחירי תשומה בבנייה למסחר ולמשרדים,ca
800540,כבילת מתח נמוך,TRUE,1/16/2012,4/27/2026,"מדד מחירי תשומה בבנייה למסחר ולמשרדים, לפי קבוצה ראשית וקבוצה משנית",149,מדד מחירי תשומה בבנייה למסחר ולמשרדים,ca
800550,"אביזרי חשמל (מפסקים, שקעים וכד')",TRUE,1/16/2012,4/27/2026,"מדד מחירי תשומה בבנייה למסחר ולמשרדים, לפי קבוצה ראשית וקבוצה משנית",149,מדד מחירי תשומה בבנייה למסחר ולמשרדים,ca
800560,גופי תאורה,TRUE,1/16/2012,4/27/2026,"מדד מחירי תשומה בבנייה למסחר ולמשרדים, לפי קבוצה ראשית וקבוצה משנית",149,מדד מחירי תשומה בבנייה למסחר ולמשרדים,ca
800570,הארקת יסוד,TRUE,1/16/2012,4/27/2026,"מדד מחירי תשומה בבנייה למסחר ולמשרדים, לפי קבוצה ראשית וקבוצה משנית",149,מדד מחירי תשומה בבנייה למסחר ולמשרדים,ca
800580,שנאים,TRUE,1/16/2012,4/27/2026,"מדד מחירי תשומה בבנייה למסחר ולמשרדים, לפי קבוצה ראשית וקבוצה משנית",149,מדד מחירי תשומה בבנייה למסחר ולמשרדים,ca
800590,חומרי עזר לחשמל,TRUE,1/16/2012,4/27/2026,"מדד מחירי תשומה בבנייה למסחר ולמשרדים, לפי קבוצה ראשית וקבוצה משנית",149,מדד מחירי תשומה בבנייה למסחר ולמשרדים,ca
800600,גנרטור,TRUE,1/16/2012,4/27/2026,"מדד מחירי תשומה בבנייה למסחר ולמשרדים, לפי קבוצה ראשית וקבוצה משנית",149,מדד מחירי תשומה בבנייה למסחר ולמשרדים,ca
800610,מערכות,TRUE,1/16/2012,4/27/2026,"מדד מחירי תשומה בבנייה למסחר ולמשרדים, לפי קבוצה ראשית וקבוצה משנית",149,מדד מחירי תשומה בבנייה למסחר ולמשרדים,ca
800620,שכר עבודה,TRUE,1/16/2012,4/27/2026,"מדד מחירי תשומה בבנייה למסחר ולמשרדים, לפי קבוצה ראשית וקבוצה משנית",149,מדד מחירי תשומה בבנייה למסחר ולמשרדים,ca
800630,טיח,TRUE,1/16/2012,4/27/2026,"מדד מחירי תשומה בבנייה למסחר ולמשרדים, לפי קבוצה ראשית וקבוצה משנית",149,מדד מחירי תשומה בבנייה למסחר ולמשרדים,ca
800640,חומרים,TRUE,1/16/2012,4/27/2026,"מדד מחירי תשומה בבנייה למסחר ולמשרדים, לפי קבוצה ראשית וקבוצה משנית",149,מדד מחירי תשומה בבנייה למסחר ולמשרדים,ca
800650,ציוד שכור,TRUE,1/16/2012,4/27/2026,"מדד מחירי תשומה בבנייה למסחר ולמשרדים, לפי קבוצה ראשית וקבוצה משנית",149,מדד מחירי תשומה בבנייה למסחר ולמשרדים,ca
800660,שכר עבודה,TRUE,1/16/2012,4/27/2026,"מדד מחירי תשומה בבנייה למסחר ולמשרדים, לפי קבוצה ראשית וקבוצה משנית",149,מדד מחירי תשומה בבנייה למסחר ולמשרדים,ca
800670,ריצוף וחיפוי,TRUE,1/16/2012,4/27/2026,"מדד מחירי תשומה בבנייה למסחר ולמשרדים, לפי קבוצה ראשית וקבוצה משנית",149,מדד מחירי תשומה בבנייה למסחר ולמשרדים,ca
800680,חומרים,TRUE,1/16/2012,4/27/2026,"מדד מחירי תשומה בבנייה למסחר ולמשרדים, לפי קבוצה ראשית וקבוצה משנית",149,מדד מחירי תשומה בבנייה למסחר ולמשרדים,ca
800690,אבן,TRUE,1/16/2012,4/27/2026,"מדד מחירי תשומה בבנייה למסחר ולמשרדים, לפי קבוצה ראשית וקבוצה משנית",149,מדד מחירי תשומה בבנייה למסחר ולמשרדים,ca
800700,אריחי גרניט פורצלן,TRUE,1/16/2012,4/27/2026,"מדד מחירי תשומה בבנייה למסחר ולמשרדים, לפי קבוצה ראשית וקבוצה משנית",149,מדד מחירי תשומה בבנייה למסחר ולמשרדים,ca
800710,דבקים לריצוף וחיפוי,TRUE,1/16/2012,4/27/2026,"מדד מחירי תשומה בבנייה למסחר ולמשרדים, לפי קבוצה ראשית וקבוצה משנית",149,מדד מחירי תשומה בבנייה למסחר ולמשרדים,ca
800720,חומרים ומוצרים שונים,TRUE,1/16/2012,4/27/2026,"מדד מחירי תשומה בבנייה למסחר ולמשרדים, לפי קבוצה ראשית וקבוצה משנית",149,מדד מחירי תשומה בבנייה למסחר ולמשרדים,ca
800730,שכר עבודה,TRUE,1/16/2012,4/27/2026,"מדד מחירי תשומה בבנייה למסחר ולמשרדים, לפי קבוצה ראשית וקבוצה משנית",149,מדד מחירי תשומה בבנייה למסחר ולמשרדים,ca
800740,צבע,TRUE,1/16/2012,4/27/2026,"מדד מחירי תשומה בבנייה למסחר ולמשרדים, לפי קבוצה ראשית וקבוצה משנית",149,מדד מחירי תשומה בבנייה למסחר ולמשרדים,ca
800750,צבעים,TRUE,1/16/2012,4/27/2026,"מדד מחירי תשומה בבנייה למסחר ולמשרדים, לפי קבוצה ראשית וקבוצה משנית",149,מדד מחירי תשומה בבנייה למסחר ולמשרדים,ca
800760,שכר עבודה,TRUE,1/16/2012,4/27/2026,"מדד מחירי תשומה בבנייה למסחר ולמשרדים, לפי קבוצה ראשית וקבוצה משנית",149,מדד מחירי תשומה בבנייה למסחר ולמשרדים,ca
800770,אלומיניום,TRUE,1/16/2012,4/27/2026,"מדד מחירי תשומה בבנייה למסחר ולמשרדים, לפי קבוצה ראשית וקבוצה משנית",149,מדד מחירי תשומה בבנייה למסחר ולמשרדים,ca
800780,חומרים,TRUE,1/16/2012,4/27/2026,"מדד מחירי תשומה בבנייה למסחר ולמשרדים, לפי קבוצה ראשית וקבוצה משנית",149,מדד מחירי תשומה בבנייה למסחר ולמשרדים,ca
800790,חלונות ודלתות מאלומיניום ואביזריהם,TRUE,1/16/2012,4/27/2026,"מדד מחירי תשומה בבנייה למסחר ולמשרדים, לפי קבוצה ראשית וקבוצה משנית",149,מדד מחירי תשומה בבנייה למסחר ולמשרדים,ca
800800,זכוכית,TRUE,1/16/2012,4/27/2026,"מדד מחירי תשומה בבנייה למסחר ולמשרדים, לפי קבוצה ראשית וקבוצה משנית",149,מדד מחירי תשומה בבנייה למסחר ולמשרדים,ca
800810,קירות מסך,TRUE,1/16/2012,4/27/2026,"מדד מחירי תשומה בבנייה למסחר ולמשרדים, לפי קבוצה ראשית וקבוצה משנית",149,מדד מחירי תשומה בבנייה למסחר ולמשרדים,ca
800820,ציוד להרכבת אלומיניום,TRUE,1/16/2012,4/27/2026,"מדד מחירי תשומה בבנייה למסחר ולמשרדים, לפי קבוצה ראשית וקבוצה משנית",149,מדד מחירי תשומה בבנייה למסחר ולמשרדים,ca
800830,שכר עבודה,TRUE,1/16/2012,4/27/2026,"מדד מחירי תשומה בבנייה למסחר ולמשרדים, לפי קבוצה ראשית וקבוצה משנית",149,מדד מחירי תשומה בבנייה למסחר ולמשרדים,ca
800840,אבן,TRUE,1/16/2012,4/27/2026,"מדד מחירי תשומה בבנייה למסחר ולמשרדים, לפי קבוצה ראשית וקבוצה משנית",149,מדד מחירי תשומה בבנייה למסחר ולמשרדים,ca
800850,חומרים,TRUE,1/16/2012,4/27/2026,"מדד מחירי תשומה בבנייה למסחר ולמשרדים, לפי קבוצה ראשית וקבוצה משנית",149,מדד מחירי תשומה בבנייה למסחר ולמשרדים,ca
800860,אבן חיפוי,TRUE,1/16/2012,4/27/2026,"מדד מחירי תשומה בבנייה למסחר ולמשרדים, לפי קבוצה ראשית וקבוצה משנית",149,מדד מחירי תשומה בבנייה למסחר ולמשרדים,ca
800870,רשתות ואביזרי עזר שונים,TRUE,1/16/2012,4/27/2026,"מדד מחירי תשומה בבנייה למסחר ולמשרדים, לפי קבוצה ראשית וקבוצה משנית",149,מדד מחירי תשומה בבנייה למסחר ולמשרדים,ca
800880,חומרי איטום שונים,TRUE,1/16/2012,4/27/2026,"מדד מחירי תשומה בבנייה למסחר ולמשרדים, לפי קבוצה ראשית וקבוצה משנית",149,מדד מחירי תשומה בבנייה למסחר ולמשרדים,ca
800890,שכר עבודה,TRUE,1/16/2012,4/27/2026,"מדד מחירי תשומה בבנייה למסחר ולמשרדים, לפי קבוצה ראשית וקבוצה משנית",149,מדד מחירי תשומה בבנייה למסחר ולמשרדים,ca
800900,מיזוג אויר,TRUE,1/16/2012,4/27/2026,"מדד מחירי תשומה בבנייה למסחר ולמשרדים, לפי קבוצה ראשית וקבוצה משנית",149,מדד מחירי תשומה בבנייה למסחר ולמשרדים,ca
800910,חומרים,TRUE,1/16/2012,4/27/2026,"מדד מחירי תשומה בבנייה למסחר ולמשרדים, לפי קבוצה ראשית וקבוצה משנית",149,מדד מחירי תשומה בבנייה למסחר ולמשרדים,ca
800920,סוגי מערכות מיזוג אויר,TRUE,1/16/2012,4/27/2026,"מדד מחירי תשומה בבנייה למסחר ולמשרדים, לפי קבוצה ראשית וקבוצה משנית",149,מדד מחירי תשומה בבנייה למסחר ולמשרדים,ca
800930,מערכת קירור במים-יחידות עיבוי,TRUE,1/16/2012,4/27/2026,"מדד מחירי תשומה בבנייה למסחר ולמשרדים, לפי קבוצה ראשית וקבוצה משנית",149,מדד מחירי תשומה בבנייה למסחר ולמשרדים,ca
800940,צנרת  ותעלות,TRUE,1/16/2012,4/27/2026,"מדד מחירי תשומה בבנייה למסחר ולמשרדים, לפי קבוצה ראשית וקבוצה משנית",149,מדד מחירי תשומה בבנייה למסחר ולמשרדים,ca
800950,מערכת פיזור אוויר,TRUE,1/16/2012,4/27/2026,"מדד מחירי תשומה בבנייה למסחר ולמשרדים, לפי קבוצה ראשית וקבוצה משנית",149,מדד מחירי תשומה בבנייה למסחר ולמשרדים,ca
800960,מערכת CO לגילוי גז,TRUE,1/16/2012,4/27/2026,"מדד מחירי תשומה בבנייה למסחר ולמשרדים, לפי קבוצה ראשית וקבוצה משנית",149,מדד מחירי תשומה בבנייה למסחר ולמשרדים,ca
800970,מערכת בקרה,TRUE,1/16/2012,4/27/2026,"מדד מחירי תשומה בבנייה למסחר ולמשרדים, לפי קבוצה ראשית וקבוצה משנית",149,מדד מחירי תשומה בבנייה למסחר ולמשרדים,ca
800980,אויר צח - יחידת טיפול אויר,TRUE,1/16/2012,4/27/2026,"מדד מחירי תשומה בבנייה למסחר ולמשרדים, לפי קבוצה ראשית וקבוצה משנית",149,מדד מחירי תשומה בבנייה למסחר ולמשרדים,ca
800990,מערכת שחרור עשן כולל הרכבה,TRUE,1/16/2012,4/27/2026,"מדד מחירי תשומה בבנייה למסחר ולמשרדים, לפי קבוצה ראשית וקבוצה משנית",149,מדד מחירי תשומה בבנייה למסחר ולמשרדים,ca
801000,מערכת ניפוח חדרי מדרגות כולל הרכבה,TRUE,1/16/2012,4/27/2026,"מדד מחירי תשומה בבנייה למסחר ולמשרדים, לפי קבוצה ראשית וקבוצה משנית",149,מדד מחירי תשומה בבנייה למסחר ולמשרדים,ca
801010,מערכת מניית אנרגיה,TRUE,1/16/2012,4/27/2026,"מדד מחירי תשומה בבנייה למסחר ולמשרדים, לפי קבוצה ראשית וקבוצה משנית",149,מדד מחירי תשומה בבנייה למסחר ולמשרדים,ca
801020,חומרי עזר למיזוג אויר,TRUE,1/16/2012,4/27/2026,"מדד מחירי תשומה בבנייה למסחר ולמשרדים, לפי קבוצה ראשית וקבוצה משנית",149,מדד מחירי תשומה בבנייה למסחר ולמשרדים,ca
801030,שכר עבודה,TRUE,1/16/2012,4/27/2026,"מדד מחירי תשומה בבנייה למסחר ולמשרדים, לפי קבוצה ראשית וקבוצה משנית",149,מדד מחירי תשומה בבנייה למסחר ולמשרדים,ca
801040,מעליות ודרגנועים,TRUE,1/16/2012,4/27/2026,"מדד מחירי תשומה בבנייה למסחר ולמשרדים, לפי קבוצה ראשית וקבוצה משנית",149,מדד מחירי תשומה בבנייה למסחר ולמשרדים,ca
801050,מעליות,TRUE,1/16/2012,4/27/2026,"מדד מחירי תשומה בבנייה למסחר ולמשרדים, לפי קבוצה ראשית וקבוצה משנית",149,מדד מחירי תשומה בבנייה למסחר ולמשרדים,ca
801060,דרגנועים,TRUE,1/16/2012,4/27/2026,"מדד מחירי תשומה בבנייה למסחר ולמשרדים, לפי קבוצה ראשית וקבוצה משנית",149,מדד מחירי תשומה בבנייה למסחר ולמשרדים,ca
801070,מסגרות חרש,TRUE,1/16/2012,4/27/2026,"מדד מחירי תשומה בבנייה למסחר ולמשרדים, לפי קבוצה ראשית וקבוצה משנית",149,מדד מחירי תשומה בבנייה למסחר ולמשרדים,ca
801080,חומרים והרכבה,TRUE,1/16/2012,4/27/2026,"מדד מחירי תשומה בבנייה למסחר ולמשרדים, לפי קבוצה ראשית וקבוצה משנית",149,מדד מחירי תשומה בבנייה למסחר ולמשרדים,ca
801090,רכיבים מתועשים,TRUE,1/16/2012,4/27/2026,"מדד מחירי תשומה בבנייה למסחר ולמשרדים, לפי קבוצה ראשית וקבוצה משנית",149,מדד מחירי תשומה בבנייה למסחר ולמשרדים,ca
801100,חומרים,TRUE,1/16/2012,4/27/2026,"מדד מחירי תשומה בבנייה למסחר ולמשרדים, לפי קבוצה ראשית וקבוצה משנית",149,מדד מחירי תשומה בבנייה למסחר ולמשרדים,ca
801110,גבס ואביזריו,TRUE,1/16/2012,4/27/2026,"מדד מחירי תשומה בבנייה למסחר ולמשרדים, לפי קבוצה ראשית וקבוצה משנית",149,מדד מחירי תשומה בבנייה למסחר ולמשרדים,ca
801120,תקרות שונות,TRUE,1/16/2012,4/27/2026,"מדד מחירי תשומה בבנייה למסחר ולמשרדים, לפי קבוצה ראשית וקבוצה משנית",149,מדד מחירי תשומה בבנייה למסחר ולמשרדים,ca
801130,שכר עבודה,TRUE,1/16/2012,4/27/2026,"מדד מחירי תשומה בבנייה למסחר ולמשרדים, לפי קבוצה ראשית וקבוצה משנית",149,מדד מחירי תשומה בבנייה למסחר ולמשרדים,ca
801140,תקורה,TRUE,1/16/2012,4/27/2026,"מדד מחירי תשומה בבנייה למסחר ולמשרדים, לפי קבוצה ראשית וקבוצה משנית",149,מדד מחירי תשומה בבנייה למסחר ולמשרדים,ca
801150,ציוד שכור,TRUE,1/16/2012,4/27/2026,"מדד מחירי תשומה בבנייה למסחר ולמשרדים, לפי קבוצה ראשית וקבוצה משנית",149,מדד מחירי תשומה בבנייה למסחר ולמשרדים,ca
801160,סולר,TRUE,1/16/2012,4/27/2026,"מדד מחירי תשומה בבנייה למסחר ולמשרדים, לפי קבוצה ראשית וקבוצה משנית",149,מדד מחירי תשומה בבנייה למסחר ולמשרדים,ca
801170,אחזקת משרדים והוצאות אחרות,TRUE,1/16/2012,4/27/2026,"מדד מחירי תשומה בבנייה למסחר ולמשרדים, לפי קבוצה ראשית וקבוצה משנית",149,מדד מחירי תשומה בבנייה למסחר ולמשרדים,ca
801180,"קב""מ פינוי פסולת",TRUE,1/16/2012,4/27/2026,"מדד מחירי תשומה בבנייה למסחר ולמשרדים, לפי קבוצה ראשית וקבוצה משנית",149,מדד מחירי תשומה בבנייה למסחר ולמשרדים,ca
801190,שירותי שמירה,TRUE,1/16/2012,4/27/2026,"מדד מחירי תשומה בבנייה למסחר ולמשרדים, לפי קבוצה ראשית וקבוצה משנית",149,מדד מחירי תשומה בבנייה למסחר ולמשרדים,ca
801200,שכר עבודה,TRUE,1/16/2012,4/27/2026,"מדד מחירי תשומה בבנייה למסחר ולמשרדים, לפי קבוצה ראשית וקבוצה משנית",149,מדד מחירי תשומה בבנייה למסחר ולמשרדים,ca
800010,מדד מחירי תשומה בבנייה למבני מסחר ומשרדים - כללי,TRUE,1/16/2012,4/27/2026,"מדד מחירי תשומה בבנייה למסחר ולמשרדים (ללא מע""מ), לפי קבוצה ראשית וקבוצה משנית",149,מדד מחירי תשומה בבנייה למסחר ולמשרדים,ca
800020,עפר,TRUE,1/16/2012,4/27/2026,"מדד מחירי תשומה בבנייה למסחר ולמשרדים (ללא מע""מ), לפי קבוצה ראשית וקבוצה משנית",149,מדד מחירי תשומה בבנייה למסחר ולמשרדים,ca
800030,חומרי מחצבה והובלתם,TRUE,1/16/2012,4/27/2026,"מדד מחירי תשומה בבנייה למסחר ולמשרדים (ללא מע""מ), לפי קבוצה ראשית וקבוצה משנית",149,מדד מחירי תשומה בבנייה למסחר ולמשרדים,ca
800040,ציוד שכור,TRUE,1/16/2012,4/27/2026,"מדד מחירי תשומה בבנייה למסחר ולמשרדים (ללא מע""מ), לפי קבוצה ראשית וקבוצה משנית",149,מדד מחירי תשומה בבנייה למסחר ולמשרדים,ca
800050,שכר עבודה,TRUE,1/16/2012,4/27/2026,"מדד מחירי תשומה בבנייה למסחר ולמשרדים (ללא מע""מ), לפי קבוצה ראשית וקבוצה משנית",149,מדד מחירי תשומה בבנייה למסחר ולמשרדים,ca
800060,בטון,TRUE,1/16/2012,4/27/2026,"מדד מחירי תשומה בבנייה למסחר ולמשרדים (ללא מע""מ), לפי קבוצה ראשית וקבוצה משנית",149,מדד מחירי תשומה בבנייה למסחר ולמשרדים,ca
800070,חומרים,TRUE,1/16/2012,4/27/2026,"מדד מחירי תשומה בבנייה למסחר ולמשרדים (ללא מע""מ), לפי קבוצה ראשית וקבוצה משנית",149,מדד מחירי תשומה בבנייה למסחר ולמשרדים,ca
800080,בטון,TRUE,1/16/2012,4/27/2026,"מדד מחירי תשומה בבנייה למסחר ולמשרדים (ללא מע""מ), לפי קבוצה ראשית וקבוצה משנית",149,מדד מחירי תשומה בבנייה למסחר ולמשרדים,ca
800090,ברזל ומוצרי מתכת,TRUE,1/16/2012,4/27/2026,"מדד מחירי תשומה בבנייה למסחר ולמשרדים (ללא מע""מ), לפי קבוצה ראשית וקבוצה משנית",149,מדד מחירי תשומה בבנייה למסחר ולמשרדים,ca
800100,ברזל לבנייה,TRUE,1/16/2012,4/27/2026,"מדד מחירי תשומה בבנייה למסחר ולמשרדים (ללא מע""מ), לפי קבוצה ראשית וקבוצה משנית",149,מדד מחירי תשומה בבנייה למסחר ולמשרדים,ca
800110,רשתות ברזל,TRUE,1/16/2012,4/27/2026,"מדד מחירי תשומה בבנייה למסחר ולמשרדים (ללא מע""מ), לפי קבוצה ראשית וקבוצה משנית",149,מדד מחירי תשומה בבנייה למסחר ולמשרדים,ca
800120,עץ לטפסנות,TRUE,1/16/2012,4/27/2026,"מדד מחירי תשומה בבנייה למסחר ולמשרדים (ללא מע""מ), לפי קבוצה ראשית וקבוצה משנית",149,מדד מחירי תשומה בבנייה למסחר ולמשרדים,ca
800130,חומרי עזר שלד,TRUE,1/16/2012,4/27/2026,"מדד מחירי תשומה בבנייה למסחר ולמשרדים (ללא מע""מ), לפי קבוצה ראשית וקבוצה משנית",149,מדד מחירי תשומה בבנייה למסחר ולמשרדים,ca
800140,חומרים אחרים,TRUE,1/16/2012,4/27/2026,"מדד מחירי תשומה בבנייה למסחר ולמשרדים (ללא מע""מ), לפי קבוצה ראשית וקבוצה משנית",149,מדד מחירי תשומה בבנייה למסחר ולמשרדים,ca
800150,ציוד שכור,TRUE,1/16/2012,4/27/2026,"מדד מחירי תשומה בבנייה למסחר ולמשרדים (ללא מע""מ), לפי קבוצה ראשית וקבוצה משנית",149,מדד מחירי תשומה בבנייה למסחר ולמשרדים,ca
800160,משאבת בטון,TRUE,1/16/2012,4/27/2026,"מדד מחירי תשומה בבנייה למסחר ולמשרדים (ללא מע""מ), לפי קבוצה ראשית וקבוצה משנית",149,מדד מחירי תשומה בבנייה למסחר ולמשרדים,ca
800170,תבניות ופיגומים,TRUE,1/16/2012,4/27/2026,"מדד מחירי תשומה בבנייה למסחר ולמשרדים (ללא מע""מ), לפי קבוצה ראשית וקבוצה משנית",149,מדד מחירי תשומה בבנייה למסחר ולמשרדים,ca
800180,שכר עבודה,TRUE,1/16/2012,4/27/2026,"מדד מחירי תשומה בבנייה למסחר ולמשרדים (ללא מע""מ), לפי קבוצה ראשית וקבוצה משנית",149,מדד מחירי תשומה בבנייה למסחר ולמשרדים,ca
800190,רכיבים טרומיים,TRUE,1/16/2012,4/27/2026,"מדד מחירי תשומה בבנייה למסחר ולמשרדים (ללא מע""מ), לפי קבוצה ראשית וקבוצה משנית",149,מדד מחירי תשומה בבנייה למסחר ולמשרדים,ca
800200,חומרים - אלמנטים טרומיים שונים,TRUE,1/16/2012,4/27/2026,"מדד מחירי תשומה בבנייה למסחר ולמשרדים (ללא מע""מ), לפי קבוצה ראשית וקבוצה משנית",149,מדד מחירי תשומה בבנייה למסחר ולמשרדים,ca
800210,הובלה והרכבה של רכיבים טרומיים,TRUE,1/16/2012,4/27/2026,"מדד מחירי תשומה בבנייה למסחר ולמשרדים (ללא מע""מ), לפי קבוצה ראשית וקבוצה משנית",149,מדד מחירי תשומה בבנייה למסחר ולמשרדים,ca
800220,בנייה,TRUE,1/16/2012,4/27/2026,"מדד מחירי תשומה בבנייה למסחר ולמשרדים (ללא מע""מ), לפי קבוצה ראשית וקבוצה משנית",149,מדד מחירי תשומה בבנייה למסחר ולמשרדים,ca
800230,חומרים,TRUE,1/16/2012,4/27/2026,"מדד מחירי תשומה בבנייה למסחר ולמשרדים (ללא מע""מ), לפי קבוצה ראשית וקבוצה משנית",149,מדד מחירי תשומה בבנייה למסחר ולמשרדים,ca
800240,בלוקים שונים,TRUE,1/16/2012,4/27/2026,"מדד מחירי תשומה בבנייה למסחר ולמשרדים (ללא מע""מ), לפי קבוצה ראשית וקבוצה משנית",149,מדד מחירי תשומה בבנייה למסחר ולמשרדים,ca
800250,חומרים אחרים,TRUE,1/16/2012,4/27/2026,"מדד מחירי תשומה בבנייה למסחר ולמשרדים (ללא מע""מ), לפי קבוצה ראשית וקבוצה משנית",149,מדד מחירי תשומה בבנייה למסחר ולמשרדים,ca
800260,שכר עבודה,TRUE,1/16/2012,4/27/2026,"מדד מחירי תשומה בבנייה למסחר ולמשרדים (ללא מע""מ), לפי קבוצה ראשית וקבוצה משנית",149,מדד מחירי תשומה בבנייה למסחר ולמשרדים,ca
800270,איטום,TRUE,1/16/2012,4/27/2026,"מדד מחירי תשומה בבנייה למסחר ולמשרדים (ללא מע""מ), לפי קבוצה ראשית וקבוצה משנית",149,מדד מחירי תשומה בבנייה למסחר ולמשרדים,ca
800280,חומרים,TRUE,1/16/2012,4/27/2026,"מדד מחירי תשומה בבנייה למסחר ולמשרדים (ללא מע""מ), לפי קבוצה ראשית וקבוצה משנית",149,מדד מחירי תשומה בבנייה למסחר ולמשרדים,ca
800290,יריעות ביטומניות וביטומן,TRUE,1/16/2012,4/27/2026,"מדד מחירי תשומה בבנייה למסחר ולמשרדים (ללא מע""מ), לפי קבוצה ראשית וקבוצה משנית",149,מדד מחירי תשומה בבנייה למסחר ולמשרדים,ca
800300,לוחות פוליסטירן,TRUE,1/16/2012,4/27/2026,"מדד מחירי תשומה בבנייה למסחר ולמשרדים (ללא מע""מ), לפי קבוצה ראשית וקבוצה משנית",149,מדד מחירי תשומה בבנייה למסחר ולמשרדים,ca
800310,בטקל,TRUE,1/16/2012,4/27/2026,"מדד מחירי תשומה בבנייה למסחר ולמשרדים (ללא מע""מ), לפי קבוצה ראשית וקבוצה משנית",149,מדד מחירי תשומה בבנייה למסחר ולמשרדים,ca
800320,חומרי עזר לאיטום,TRUE,1/16/2012,4/27/2026,"מדד מחירי תשומה בבנייה למסחר ולמשרדים (ללא מע""מ), לפי קבוצה ראשית וקבוצה משנית",149,מדד מחירי תשומה בבנייה למסחר ולמשרדים,ca
800330,שכר עבודה,TRUE,1/16/2012,4/27/2026,"מדד מחירי תשומה בבנייה למסחר ולמשרדים (ללא מע""מ), לפי קבוצה ראשית וקבוצה משנית",149,מדד מחירי תשומה בבנייה למסחר ולמשרדים,ca
800340,נגרות ומסגרות,TRUE,1/16/2012,4/27/2026,"מדד מחירי תשומה בבנייה למסחר ולמשרדים (ללא מע""מ), לפי קבוצה ראשית וקבוצה משנית",149,מדד מחירי תשומה בבנייה למסחר ולמשרדים,ca
800350,חומרים,TRUE,1/16/2012,4/27/2026,"מדד מחירי תשומה בבנייה למסחר ולמשרדים (ללא מע""מ), לפי קבוצה ראשית וקבוצה משנית",149,מדד מחירי תשומה בבנייה למסחר ולמשרדים,ca
800360,מסגרות,TRUE,1/16/2012,4/27/2026,"מדד מחירי תשומה בבנייה למסחר ולמשרדים (ללא מע""מ), לפי קבוצה ראשית וקבוצה משנית",149,מדד מחירי תשומה בבנייה למסחר ולמשרדים,ca
800370,נגרות,TRUE,1/16/2012,4/27/2026,"מדד מחירי תשומה בבנייה למסחר ולמשרדים (ללא מע""מ), לפי קבוצה ראשית וקבוצה משנית",149,מדד מחירי תשומה בבנייה למסחר ולמשרדים,ca
800380,ציוד שכור,TRUE,1/16/2012,4/27/2026,"מדד מחירי תשומה בבנייה למסחר ולמשרדים (ללא מע""מ), לפי קבוצה ראשית וקבוצה משנית",149,מדד מחירי תשומה בבנייה למסחר ולמשרדים,ca
800390,תברואה,TRUE,1/16/2012,4/27/2026,"מדד מחירי תשומה בבנייה למסחר ולמשרדים (ללא מע""מ), לפי קבוצה ראשית וקבוצה משנית",149,מדד מחירי תשומה בבנייה למסחר ולמשרדים,ca
800400,חומרים,TRUE,1/16/2012,4/27/2026,"מדד מחירי תשומה בבנייה למסחר ולמשרדים (ללא מע""מ), לפי קבוצה ראשית וקבוצה משנית",149,מדד מחירי תשומה בבנייה למסחר ולמשרדים,ca
800410,צינורות מתכת שונים כולל אביזרים,TRUE,1/16/2012,4/27/2026,"מדד מחירי תשומה בבנייה למסחר ולמשרדים (ללא מע""מ), לפי קבוצה ראשית וקבוצה משנית",149,מדד מחירי תשומה בבנייה למסחר ולמשרדים,ca
800420,צנורות פלסטיק,TRUE,1/16/2012,4/27/2026,"מדד מחירי תשומה בבנייה למסחר ולמשרדים (ללא מע""מ), לפי קבוצה ראשית וקבוצה משנית",149,מדד מחירי תשומה בבנייה למסחר ולמשרדים,ca
800430,משאבות,TRUE,1/16/2012,4/27/2026,"מדד מחירי תשומה בבנייה למסחר ולמשרדים (ללא מע""מ), לפי קבוצה ראשית וקבוצה משנית",149,מדד מחירי תשומה בבנייה למסחר ולמשרדים,ca
800440,כלים סניטריים,TRUE,1/16/2012,4/27/2026,"מדד מחירי תשומה בבנייה למסחר ולמשרדים (ללא מע""מ), לפי קבוצה ראשית וקבוצה משנית",149,מדד מחירי תשומה בבנייה למסחר ולמשרדים,ca
800450,ברזים וסוללות (כולל סיפונים),TRUE,1/16/2012,4/27/2026,"מדד מחירי תשומה בבנייה למסחר ולמשרדים (ללא מע""מ), לפי קבוצה ראשית וקבוצה משנית",149,מדד מחירי תשומה בבנייה למסחר ולמשרדים,ca
800460,מתקני חוץ - שוחות ביוב מבטון,TRUE,1/16/2012,4/27/2026,"מדד מחירי תשומה בבנייה למסחר ולמשרדים (ללא מע""מ), לפי קבוצה ראשית וקבוצה משנית",149,מדד מחירי תשומה בבנייה למסחר ולמשרדים,ca
800470,ציוד לכיבוי אש,TRUE,1/16/2012,4/27/2026,"מדד מחירי תשומה בבנייה למסחר ולמשרדים (ללא מע""מ), לפי קבוצה ראשית וקבוצה משנית",149,מדד מחירי תשומה בבנייה למסחר ולמשרדים,ca
800480,שכר עבודה,TRUE,1/16/2012,4/27/2026,"מדד מחירי תשומה בבנייה למסחר ולמשרדים (ללא מע""מ), לפי קבוצה ראשית וקבוצה משנית",149,מדד מחירי תשומה בבנייה למסחר ולמשרדים,ca
800490,חשמל,TRUE,1/16/2012,4/27/2026,"מדד מחירי תשומה בבנייה למסחר ולמשרדים (ללא מע""מ), לפי קבוצה ראשית וקבוצה משנית",149,מדד מחירי תשומה בבנייה למסחר ולמשרדים,ca
800500,חומרים,TRUE,1/16/2012,4/27/2026,"מדד מחירי תשומה בבנייה למסחר ולמשרדים (ללא מע""מ), לפי קבוצה ראשית וקבוצה משנית",149,מדד מחירי תשומה בבנייה למסחר ולמשרדים,ca
800510,לוחות חשמל,TRUE,1/16/2012,4/27/2026,"מדד מחירי תשומה בבנייה למסחר ולמשרדים (ללא מע""מ), לפי קבוצה ראשית וקבוצה משנית",149,מדד מחירי תשומה בבנייה למסחר ולמשרדים,ca
800520,צנרת חשמל,TRUE,1/16/2012,4/27/2026,"מדד מחירי תשומה בבנייה למסחר ולמשרדים (ללא מע""מ), לפי קבוצה ראשית וקבוצה משנית",149,מדד מחירי תשומה בבנייה למסחר ולמשרדים,ca
800530,כבלי חשמל,TRUE,1/16/2012,4/27/2026,"מדד מחירי תשומה בבנייה למסחר ולמשרדים (ללא מע""מ), לפי קבוצה ראשית וקבוצה משנית",149,מדד מחירי תשומה בבנייה למסחר ולמשרדים,ca
800540,כבילת מתח נמוך,TRUE,1/16/2012,4/27/2026,"מדד מחירי תשומה בבנייה למסחר ולמשרדים (ללא מע""מ), לפי קבוצה ראשית וקבוצה משנית",149,מדד מחירי תשומה בבנייה למסחר ולמשרדים,ca
800550,"אביזרי חשמל (מפסקים, שקעים וכד')",TRUE,1/16/2012,4/27/2026,"מדד מחירי תשומה בבנייה למסחר ולמשרדים (ללא מע""מ), לפי קבוצה ראשית וקבוצה משנית",149,מדד מחירי תשומה בבנייה למסחר ולמשרדים,ca
800560,גופי תאורה,TRUE,1/16/2012,4/27/2026,"מדד מחירי תשומה בבנייה למסחר ולמשרדים (ללא מע""מ), לפי קבוצה ראשית וקבוצה משנית",149,מדד מחירי תשומה בבנייה למסחר ולמשרדים,ca
800570,הארקת יסוד,TRUE,1/16/2012,4/27/2026,"מדד מחירי תשומה בבנייה למסחר ולמשרדים (ללא מע""מ), לפי קבוצה ראשית וקבוצה משנית",149,מדד מחירי תשומה בבנייה למסחר ולמשרדים,ca
800580,שנאים,TRUE,1/16/2012,4/27/2026,"מדד מחירי תשומה בבנייה למסחר ולמשרדים (ללא מע""מ), לפי קבוצה ראשית וקבוצה משנית",149,מדד מחירי תשומה בבנייה למסחר ולמשרדים,ca
800590,חומרי עזר לחשמל,TRUE,1/16/2012,4/27/2026,"מדד מחירי תשומה בבנייה למסחר ולמשרדים (ללא מע""מ), לפי קבוצה ראשית וקבוצה משנית",149,מדד מחירי תשומה בבנייה למסחר ולמשרדים,ca
800600,גנרטור,TRUE,1/16/2012,4/27/2026,"מדד מחירי תשומה בבנייה למסחר ולמשרדים (ללא מע""מ), לפי קבוצה ראשית וקבוצה משנית",149,מדד מחירי תשומה בבנייה למסחר ולמשרדים,ca
800610,מערכות,TRUE,1/16/2012,4/27/2026,"מדד מחירי תשומה בבנייה למסחר ולמשרדים (ללא מע""מ), לפי קבוצה ראשית וקבוצה משנית",149,מדד מחירי תשומה בבנייה למסחר ולמשרדים,ca
800620,שכר עבודה,TRUE,1/16/2012,4/27/2026,"מדד מחירי תשומה בבנייה למסחר ולמשרדים (ללא מע""מ), לפי קבוצה ראשית וקבוצה משנית",149,מדד מחירי תשומה בבנייה למסחר ולמשרדים,ca
800630,טיח,TRUE,1/16/2012,4/27/2026,"מדד מחירי תשומה בבנייה למסחר ולמשרדים (ללא מע""מ), לפי קבוצה ראשית וקבוצה משנית",149,מדד מחירי תשומה בבנייה למסחר ולמשרדים,ca
800640,חומרים,TRUE,1/16/2012,4/27/2026,"מדד מחירי תשומה בבנייה למסחר ולמשרדים (ללא מע""מ), לפי קבוצה ראשית וקבוצה משנית",149,מדד מחירי תשומה בבנייה למסחר ולמשרדים,ca
800650,ציוד שכור,TRUE,1/16/2012,4/27/2026,"מדד מחירי תשומה בבנייה למסחר ולמשרדים (ללא מע""מ), לפי קבוצה ראשית וקבוצה משנית",149,מדד מחירי תשומה בבנייה למסחר ולמשרדים,ca
800660,שכר עבודה,TRUE,1/16/2012,4/27/2026,"מדד מחירי תשומה בבנייה למסחר ולמשרדים (ללא מע""מ), לפי קבוצה ראשית וקבוצה משנית",149,מדד מחירי תשומה בבנייה למסחר ולמשרדים,ca
800670,ריצוף וחיפוי,TRUE,1/16/2012,4/27/2026,"מדד מחירי תשומה בבנייה למסחר ולמשרדים (ללא מע""מ), לפי קבוצה ראשית וקבוצה משנית",149,מדד מחירי תשומה בבנייה למסחר ולמשרדים,ca
800680,חומרים,TRUE,1/16/2012,4/27/2026,"מדד מחירי תשומה בבנייה למסחר ולמשרדים (ללא מע""מ), לפי קבוצה ראשית וקבוצה משנית",149,מדד מחירי תשומה בבנייה למסחר ולמשרדים,ca
800690,אבן,TRUE,1/16/2012,4/27/2026,"מדד מחירי תשומה בבנייה למסחר ולמשרדים (ללא מע""מ), לפי קבוצה ראשית וקבוצה משנית",149,מדד מחירי תשומה בבנייה למסחר ולמשרדים,ca
800700,אריחי גרניט פורצלן,TRUE,1/16/2012,4/27/2026,"מדד מחירי תשומה בבנייה למסחר ולמשרדים (ללא מע""מ), לפי קבוצה ראשית וקבוצה משנית",149,מדד מחירי תשומה בבנייה למסחר ולמשרדים,ca
800710,דבקים לריצוף וחיפוי,TRUE,1/16/2012,4/27/2026,"מדד מחירי תשומה בבנייה למסחר ולמשרדים (ללא מע""מ), לפי קבוצה ראשית וקבוצה משנית",149,מדד מחירי תשומה בבנייה למסחר ולמשרדים,ca
800720,חומרים ומוצרים שונים,TRUE,1/16/2012,4/27/2026,"מדד מחירי תשומה בבנייה למסחר ולמשרדים (ללא מע""מ), לפי קבוצה ראשית וקבוצה משנית",149,מדד מחירי תשומה בבנייה למסחר ולמשרדים,ca
800730,שכר עבודה,TRUE,1/16/2012,4/27/2026,"מדד מחירי תשומה בבנייה למסחר ולמשרדים (ללא מע""מ), לפי קבוצה ראשית וקבוצה משנית",149,מדד מחירי תשומה בבנייה למסחר ולמשרדים,ca
800740,צבע,TRUE,1/16/2012,4/27/2026,"מדד מחירי תשומה בבנייה למסחר ולמשרדים (ללא מע""מ), לפי קבוצה ראשית וקבוצה משנית",149,מדד מחירי תשומה בבנייה למסחר ולמשרדים,ca
800750,צבעים,TRUE,1/16/2012,4/27/2026,"מדד מחירי תשומה בבנייה למסחר ולמשרדים (ללא מע""מ), לפי קבוצה ראשית וקבוצה משנית",149,מדד מחירי תשומה בבנייה למסחר ולמשרדים,ca
800760,שכר עבודה,TRUE,1/16/2012,4/27/2026,"מדד מחירי תשומה בבנייה למסחר ולמשרדים (ללא מע""מ), לפי קבוצה ראשית וקבוצה משנית",149,מדד מחירי תשומה בבנייה למסחר ולמשרדים,ca
800770,אלומיניום,TRUE,1/16/2012,4/27/2026,"מדד מחירי תשומה בבנייה למסחר ולמשרדים (ללא מע""מ), לפי קבוצה ראשית וקבוצה משנית",149,מדד מחירי תשומה בבנייה למסחר ולמשרדים,ca
800780,חומרים,TRUE,1/16/2012,4/27/2026,"מדד מחירי תשומה בבנייה למסחר ולמשרדים (ללא מע""מ), לפי קבוצה ראשית וקבוצה משנית",149,מדד מחירי תשומה בבנייה למסחר ולמשרדים,ca
800790,חלונות ודלתות מאלומיניום ואביזריהם,TRUE,1/16/2012,4/27/2026,"מדד מחירי תשומה בבנייה למסחר ולמשרדים (ללא מע""מ), לפי קבוצה ראשית וקבוצה משנית",149,מדד מחירי תשומה בבנייה למסחר ולמשרדים,ca
800800,זכוכית,TRUE,1/16/2012,4/27/2026,"מדד מחירי תשומה בבנייה למסחר ולמשרדים (ללא מע""מ), לפי קבוצה ראשית וקבוצה משנית",149,מדד מחירי תשומה בבנייה למסחר ולמשרדים,ca
800810,קירות מסך,TRUE,1/16/2012,4/27/2026,"מדד מחירי תשומה בבנייה למסחר ולמשרדים (ללא מע""מ), לפי קבוצה ראשית וקבוצה משנית",149,מדד מחירי תשומה בבנייה למסחר ולמשרדים,ca
800820,ציוד להרכבת אלומיניום,TRUE,1/16/2012,4/27/2026,"מדד מחירי תשומה בבנייה למסחר ולמשרדים (ללא מע""מ), לפי קבוצה ראשית וקבוצה משנית",149,מדד מחירי תשומה בבנייה למסחר ולמשרדים,ca
800830,שכר עבודה,TRUE,1/16/2012,4/27/2026,"מדד מחירי תשומה בבנייה למסחר ולמשרדים (ללא מע""מ), לפי קבוצה ראשית וקבוצה משנית",149,מדד מחירי תשומה בבנייה למסחר ולמשרדים,ca
800840,אבן,TRUE,1/16/2012,4/27/2026,"מדד מחירי תשומה בבנייה למסחר ולמשרדים (ללא מע""מ), לפי קבוצה ראשית וקבוצה משנית",149,מדד מחירי תשומה בבנייה למסחר ולמשרדים,ca
800850,חומרים,TRUE,1/16/2012,4/27/2026,"מדד מחירי תשומה בבנייה למסחר ולמשרדים (ללא מע""מ), לפי קבוצה ראשית וקבוצה משנית",149,מדד מחירי תשומה בבנייה למסחר ולמשרדים,ca
800860,אבן חיפוי,TRUE,1/16/2012,4/27/2026,"מדד מחירי תשומה בבנייה למסחר ולמשרדים (ללא מע""מ), לפי קבוצה ראשית וקבוצה משנית",149,מדד מחירי תשומה בבנייה למסחר ולמשרדים,ca
800870,רשתות ואביזרי עזר שונים,TRUE,1/16/2012,4/27/2026,"מדד מחירי תשומה בבנייה למסחר ולמשרדים (ללא מע""מ), לפי קבוצה ראשית וקבוצה משנית",149,מדד מחירי תשומה בבנייה למסחר ולמשרדים,ca
800880,חומרי איטום שונים,TRUE,1/16/2012,4/27/2026,"מדד מחירי תשומה בבנייה למסחר ולמשרדים (ללא מע""מ), לפי קבוצה ראשית וקבוצה משנית",149,מדד מחירי תשומה בבנייה למסחר ולמשרדים,ca
800890,שכר עבודה,TRUE,1/16/2012,4/27/2026,"מדד מחירי תשומה בבנייה למסחר ולמשרדים (ללא מע""מ), לפי קבוצה ראשית וקבוצה משנית",149,מדד מחירי תשומה בבנייה למסחר ולמשרדים,ca
800900,מיזוג אויר,TRUE,1/16/2012,4/27/2026,"מדד מחירי תשומה בבנייה למסחר ולמשרדים (ללא מע""מ), לפי קבוצה ראשית וקבוצה משנית",149,מדד מחירי תשומה בבנייה למסחר ולמשרדים,ca
800910,חומרים,TRUE,1/16/2012,4/27/2026,"מדד מחירי תשומה בבנייה למסחר ולמשרדים (ללא מע""מ), לפי קבוצה ראשית וקבוצה משנית",149,מדד מחירי תשומה בבנייה למסחר ולמשרדים,ca
800920,סוגי מערכות מיזוג אויר,TRUE,1/16/2012,4/27/2026,"מדד מחירי תשומה בבנייה למסחר ולמשרדים (ללא מע""מ), לפי קבוצה ראשית וקבוצה משנית",149,מדד מחירי תשומה בבנייה למסחר ולמשרדים,ca
800930,מערכת קירור במים-יחידות עיבוי,TRUE,1/16/2012,4/27/2026,"מדד מחירי תשומה בבנייה למסחר ולמשרדים (ללא מע""מ), לפי קבוצה ראשית וקבוצה משנית",149,מדד מחירי תשומה בבנייה למסחר ולמשרדים,ca
800940,צנרת  ותעלות,TRUE,1/16/2012,4/27/2026,"מדד מחירי תשומה בבנייה למסחר ולמשרדים (ללא מע""מ), לפי קבוצה ראשית וקבוצה משנית",149,מדד מחירי תשומה בבנייה למסחר ולמשרדים,ca
800950,מערכת פיזור אוויר,TRUE,1/16/2012,4/27/2026,"מדד מחירי תשומה בבנייה למסחר ולמשרדים (ללא מע""מ), לפי קבוצה ראשית וקבוצה משנית",149,מדד מחירי תשומה בבנייה למסחר ולמשרדים,ca
800960,מערכת CO לגילוי גז,TRUE,1/16/2012,4/27/2026,"מדד מחירי תשומה בבנייה למסחר ולמשרדים (ללא מע""מ), לפי קבוצה ראשית וקבוצה משנית",149,מדד מחירי תשומה בבנייה למסחר ולמשרדים,ca
800970,מערכת בקרה,TRUE,1/16/2012,4/27/2026,"מדד מחירי תשומה בבנייה למסחר ולמשרדים (ללא מע""מ), לפי קבוצה ראשית וקבוצה משנית",149,מדד מחירי תשומה בבנייה למסחר ולמשרדים,ca
800980,אויר צח - יחידת טיפול אויר,TRUE,1/16/2012,4/27/2026,"מדד מחירי תשומה בבנייה למסחר ולמשרדים (ללא מע""מ), לפי קבוצה ראשית וקבוצה משנית",149,מדד מחירי תשומה בבנייה למסחר ולמשרדים,ca
800990,מערכת שחרור עשן כולל הרכבה,TRUE,1/16/2012,4/27/2026,"מדד מחירי תשומה בבנייה למסחר ולמשרדים (ללא מע""מ), לפי קבוצה ראשית וקבוצה משנית",149,מדד מחירי תשומה בבנייה למסחר ולמשרדים,ca
801000,מערכת ניפוח חדרי מדרגות כולל הרכבה,TRUE,1/16/2012,4/27/2026,"מדד מחירי תשומה בבנייה למסחר ולמשרדים (ללא מע""מ), לפי קבוצה ראשית וקבוצה משנית",149,מדד מחירי תשומה בבנייה למסחר ולמשרדים,ca
801010,מערכת מניית אנרגיה,TRUE,1/16/2012,4/27/2026,"מדד מחירי תשומה בבנייה למסחר ולמשרדים (ללא מע""מ), לפי קבוצה ראשית וקבוצה משנית",149,מדד מחירי תשומה בבנייה למסחר ולמשרדים,ca
801020,חומרי עזר למיזוג אויר,TRUE,1/16/2012,4/27/2026,"מדד מחירי תשומה בבנייה למסחר ולמשרדים (ללא מע""מ), לפי קבוצה ראשית וקבוצה משנית",149,מדד מחירי תשומה בבנייה למסחר ולמשרדים,ca
801030,שכר עבודה,TRUE,1/16/2012,4/27/2026,"מדד מחירי תשומה בבנייה למסחר ולמשרדים (ללא מע""מ), לפי קבוצה ראשית וקבוצה משנית",149,מדד מחירי תשומה בבנייה למסחר ולמשרדים,ca
801040,מעליות ודרגנועים,TRUE,1/16/2012,4/27/2026,"מדד מחירי תשומה בבנייה למסחר ולמשרדים (ללא מע""מ), לפי קבוצה ראשית וקבוצה משנית",149,מדד מחירי תשומה בבנייה למסחר ולמשרדים,ca
801050,מעליות,TRUE,1/16/2012,4/27/2026,"מדד מחירי תשומה בבנייה למסחר ולמשרדים (ללא מע""מ), לפי קבוצה ראשית וקבוצה משנית",149,מדד מחירי תשומה בבנייה למסחר ולמשרדים,ca
801060,דרגנועים,TRUE,1/16/2012,4/27/2026,"מדד מחירי תשומה בבנייה למסחר ולמשרדים (ללא מע""מ), לפי קבוצה ראשית וקבוצה משנית",149,מדד מחירי תשומה בבנייה למסחר ולמשרדים,ca
801070,מסגרות חרש,TRUE,1/16/2012,4/27/2026,"מדד מחירי תשומה בבנייה למסחר ולמשרדים (ללא מע""מ), לפי קבוצה ראשית וקבוצה משנית",149,מדד מחירי תשומה בבנייה למסחר ולמשרדים,ca
801080,חומרים והרכבה,TRUE,1/16/2012,4/27/2026,"מדד מחירי תשומה בבנייה למסחר ולמשרדים (ללא מע""מ), לפי קבוצה ראשית וקבוצה משנית",149,מדד מחירי תשומה בבנייה למסחר ולמשרדים,ca
801090,רכיבים מתועשים,TRUE,1/16/2012,4/27/2026,"מדד מחירי תשומה בבנייה למסחר ולמשרדים (ללא מע""מ), לפי קבוצה ראשית וקבוצה משנית",149,מדד מחירי תשומה בבנייה למסחר ולמשרדים,ca
801100,חומרים,TRUE,1/16/2012,4/27/2026,"מדד מחירי תשומה בבנייה למסחר ולמשרדים (ללא מע""מ), לפי קבוצה ראשית וקבוצה משנית",149,מדד מחירי תשומה בבנייה למסחר ולמשרדים,ca
801110,גבס ואביזריו,TRUE,1/16/2012,4/27/2026,"מדד מחירי תשומה בבנייה למסחר ולמשרדים (ללא מע""מ), לפי קבוצה ראשית וקבוצה משנית",149,מדד מחירי תשומה בבנייה למסחר ולמשרדים,ca
801120,תקרות שונות,TRUE,1/16/2012,4/27/2026,"מדד מחירי תשומה בבנייה למסחר ולמשרדים (ללא מע""מ), לפי קבוצה ראשית וקבוצה משנית",149,מדד מחירי תשומה בבנייה למסחר ולמשרדים,ca
801130,שכר עבודה,TRUE,1/16/2012,4/27/2026,"מדד מחירי תשומה בבנייה למסחר ולמשרדים (ללא מע""מ), לפי קבוצה ראשית וקבוצה משנית",149,מדד מחירי תשומה בבנייה למסחר ולמשרדים,ca
801140,תקורה,TRUE,1/16/2012,4/27/2026,"מדד מחירי תשומה בבנייה למסחר ולמשרדים (ללא מע""מ), לפי קבוצה ראשית וקבוצה משנית",149,מדד מחירי תשומה בבנייה למסחר ולמשרדים,ca
801150,ציוד שכור,TRUE,1/16/2012,4/27/2026,"מדד מחירי תשומה בבנייה למסחר ולמשרדים (ללא מע""מ), לפי קבוצה ראשית וקבוצה משנית",149,מדד מחירי תשומה בבנייה למסחר ולמשרדים,ca
801160,סולר,TRUE,1/16/2012,4/27/2026,"מדד מחירי תשומה בבנייה למסחר ולמשרדים (ללא מע""מ), לפי קבוצה ראשית וקבוצה משנית",149,מדד מחירי תשומה בבנייה למסחר ולמשרדים,ca
801170,אחזקת משרדים והוצאות אחרות,TRUE,1/16/2012,4/27/2026,"מדד מחירי תשומה בבנייה למסחר ולמשרדים (ללא מע""מ), לפי קבוצה ראשית וקבוצה משנית",149,מדד מחירי תשומה בבנייה למסחר ולמשרדים,ca
801180,"קב""מ פינוי פסולת",TRUE,1/16/2012,4/27/2026,"מדד מחירי תשומה בבנייה למסחר ולמשרדים (ללא מע""מ), לפי קבוצה ראשית וקבוצה משנית",149,מדד מחירי תשומה בבנייה למסחר ולמשרדים,ca
801190,שירותי שמירה,TRUE,1/16/2012,4/27/2026,"מדד מחירי תשומה בבנייה למסחר ולמשרדים (ללא מע""מ), לפי קבוצה ראשית וקבוצה משנית",149,מדד מחירי תשומה בבנייה למסחר ולמשרדים,ca
801200,שכר עבודה,TRUE,1/16/2012,4/27/2026,"מדד מחירי תשומה בבנייה למסחר ולמשרדים (ללא מע""מ), לפי קבוצה ראשית וקבוצה משנית",149,מדד מחירי תשומה בבנייה למסחר ולמשרדים,ca
800010,מדד מחירי תשומה בבנייה למבני מסחר ומשרדים - כללי,TRUE,1/16/2012,4/27/2026,"מדד מחירי תשומה בבנייה למסחר ולמשרדים (ללא מע""מ), לפי פרקי עבודה",150,מדד מחירי תשומה בבנייה למסחר ולמשרדים,ca
800020,עפר,TRUE,1/16/2012,4/27/2026,"מדד מחירי תשומה בבנייה למסחר ולמשרדים (ללא מע""מ), לפי פרקי עבודה",150,מדד מחירי תשומה בבנייה למסחר ולמשרדים,ca
800060,בטון,TRUE,1/16/2012,4/27/2026,"מדד מחירי תשומה בבנייה למסחר ולמשרדים (ללא מע""מ), לפי פרקי עבודה",150,מדד מחירי תשומה בבנייה למסחר ולמשרדים,ca
800190,רכיבים טרומיים,TRUE,1/16/2012,4/27/2026,"מדד מחירי תשומה בבנייה למסחר ולמשרדים (ללא מע""מ), לפי פרקי עבודה",150,מדד מחירי תשומה בבנייה למסחר ולמשרדים,ca
800220,בנייה,TRUE,1/16/2012,4/27/2026,"מדד מחירי תשומה בבנייה למסחר ולמשרדים (ללא מע""מ), לפי פרקי עבודה",150,מדד מחירי תשומה בבנייה למסחר ולמשרדים,ca
800270,איטום,TRUE,1/16/2012,4/27/2026,"מדד מחירי תשומה בבנייה למסחר ולמשרדים (ללא מע""מ), לפי פרקי עבודה",150,מדד מחירי תשומה בבנייה למסחר ולמשרדים,ca
800340,נגרות ומסגרות,TRUE,1/16/2012,4/27/2026,"מדד מחירי תשומה בבנייה למסחר ולמשרדים (ללא מע""מ), לפי פרקי עבודה",150,מדד מחירי תשומה בבנייה למסחר ולמשרדים,ca
800390,תברואה,TRUE,1/16/2012,4/27/2026,"מדד מחירי תשומה בבנייה למסחר ולמשרדים (ללא מע""מ), לפי פרקי עבודה",150,מדד מחירי תשומה בבנייה למסחר ולמשרדים,ca
800490,חשמל,TRUE,1/16/2012,4/27/2026,"מדד מחירי תשומה בבנייה למסחר ולמשרדים (ללא מע""מ), לפי פרקי עבודה",150,מדד מחירי תשומה בבנייה למסחר ולמשרדים,ca
800630,טיח,TRUE,1/16/2012,4/27/2026,"מדד מחירי תשומה בבנייה למסחר ולמשרדים (ללא מע""מ), לפי פרקי עבודה",150,מדד מחירי תשומה בבנייה למסחר ולמשרדים,ca
800670,ריצוף וחיפוי,TRUE,1/16/2012,4/27/2026,"מדד מחירי תשומה בבנייה למסחר ולמשרדים (ללא מע""מ), לפי פרקי עבודה",150,מדד מחירי תשומה בבנייה למסחר ולמשרדים,ca
800740,צבע,TRUE,1/16/2012,4/27/2026,"מדד מחירי תשומה בבנייה למסחר ולמשרדים (ללא מע""מ), לפי פרקי עבודה",150,מדד מחירי תשומה בבנייה למסחר ולמשרדים,ca
800770,אלומיניום,TRUE,1/16/2012,4/27/2026,"מדד מחירי תשומה בבנייה למסחר ולמשרדים (ללא מע""מ), לפי פרקי עבודה",150,מדד מחירי תשומה בבנייה למסחר ולמשרדים,ca
800840,אבן,TRUE,1/16/2012,4/27/2026,"מדד מחירי תשומה בבנייה למסחר ולמשרדים (ללא מע""מ), לפי פרקי עבודה",150,מדד מחירי תשומה בבנייה למסחר ולמשרדים,ca
800900,מיזוג אויר,TRUE,1/16/2012,4/27/2026,"מדד מחירי תשומה בבנייה למסחר ולמשרדים (ללא מע""מ), לפי פרקי עבודה",150,מדד מחירי תשומה בבנייה למסחר ולמשרדים,ca
801040,מעליות ודרגנועים,TRUE,1/16/2012,4/27/2026,"מדד מחירי תשומה בבנייה למסחר ולמשרדים (ללא מע""מ), לפי פרקי עבודה",150,מדד מחירי תשומה בבנייה למסחר ולמשרדים,ca
801070,מסגרות חרש,TRUE,1/16/2012,4/27/2026,"מדד מחירי תשומה בבנייה למסחר ולמשרדים (ללא מע""מ), לפי פרקי עבודה",150,מדד מחירי תשומה בבנייה למסחר ולמשרדים,ca
801090,רכיבים מתועשים,TRUE,1/16/2012,4/27/2026,"מדד מחירי תשומה בבנייה למסחר ולמשרדים (ללא מע""מ), לפי פרקי עבודה",150,מדד מחירי תשומה בבנייה למסחר ולמשרדים,ca
801140,תקורה,TRUE,1/16/2012,4/27/2026,"מדד מחירי תשומה בבנייה למסחר ולמשרדים (ללא מע""מ), לפי פרקי עבודה",150,מדד מחירי תשומה בבנייה למסחר ולמשרדים,ca
800010,מדד מחירי תשומה בבנייה למבני מסחר ומשרדים - כללי,TRUE,1/16/2012,4/27/2026,"מדד מחירי תשומה בבנייה למסחר ולמשרדים, לפי פרקי עבודה",150,מדד מחירי תשומה בבנייה למסחר ולמשרדים,ca
800020,עפר,TRUE,1/16/2012,4/27/2026,"מדד מחירי תשומה בבנייה למסחר ולמשרדים, לפי פרקי עבודה",150,מדד מחירי תשומה בבנייה למסחר ולמשרדים,ca
800060,בטון,TRUE,1/16/2012,4/27/2026,"מדד מחירי תשומה בבנייה למסחר ולמשרדים, לפי פרקי עבודה",150,מדד מחירי תשומה בבנייה למסחר ולמשרדים,ca
800190,רכיבים טרומיים,TRUE,1/16/2012,4/27/2026,"מדד מחירי תשומה בבנייה למסחר ולמשרדים, לפי פרקי עבודה",150,מדד מחירי תשומה בבנייה למסחר ולמשרדים,ca
800220,בנייה,TRUE,1/16/2012,4/27/2026,"מדד מחירי תשומה בבנייה למסחר ולמשרדים, לפי פרקי עבודה",150,מדד מחירי תשומה בבנייה למסחר ולמשרדים,ca
800270,איטום,TRUE,1/16/2012,4/27/2026,"מדד מחירי תשומה בבנייה למסחר ולמשרדים, לפי פרקי עבודה",150,מדד מחירי תשומה בבנייה למסחר ולמשרדים,ca
800340,נגרות ומסגרות,TRUE,1/16/2012,4/27/2026,"מדד מחירי תשומה בבנייה למסחר ולמשרדים, לפי פרקי עבודה",150,מדד מחירי תשומה בבנייה למסחר ולמשרדים,ca
800390,תברואה,TRUE,1/16/2012,4/27/2026,"מדד מחירי תשומה בבנייה למסחר ולמשרדים, לפי פרקי עבודה",150,מדד מחירי תשומה בבנייה למסחר ולמשרדים,ca
800490,חשמל,TRUE,1/16/2012,4/27/2026,"מדד מחירי תשומה בבנייה למסחר ולמשרדים, לפי פרקי עבודה",150,מדד מחירי תשומה בבנייה למסחר ולמשרדים,ca
800630,טיח,TRUE,1/16/2012,4/27/2026,"מדד מחירי תשומה בבנייה למסחר ולמשרדים, לפי פרקי עבודה",150,מדד מחירי תשומה בבנייה למסחר ולמשרדים,ca
800670,ריצוף וחיפוי,TRUE,1/16/2012,4/27/2026,"מדד מחירי תשומה בבנייה למסחר ולמשרדים, לפי פרקי עבודה",150,מדד מחירי תשומה בבנייה למסחר ולמשרדים,ca
800740,צבע,TRUE,1/16/2012,4/27/2026,"מדד מחירי תשומה בבנייה למסחר ולמשרדים, לפי פרקי עבודה",150,מדד מחירי תשומה בבנייה למסחר ולמשרדים,ca
800770,אלומיניום,TRUE,1/16/2012,4/27/2026,"מדד מחירי תשומה בבנייה למסחר ולמשרדים, לפי פרקי עבודה",150,מדד מחירי תשומה בבנייה למסחר ולמשרדים,ca
800840,אבן,TRUE,1/16/2012,4/27/2026,"מדד מחירי תשומה בבנייה למסחר ולמשרדים, לפי פרקי עבודה",150,מדד מחירי תשומה בבנייה למסחר ולמשרדים,ca
800900,מיזוג אויר,TRUE,1/16/2012,4/27/2026,"מדד מחירי תשומה בבנייה למסחר ולמשרדים, לפי פרקי עבודה",150,מדד מחירי תשומה בבנייה למסחר ולמשרדים,ca
801040,מעליות ודרגנועים,TRUE,1/16/2012,4/27/2026,"מדד מחירי תשומה בבנייה למסחר ולמשרדים, לפי פרקי עבודה",150,מדד מחירי תשומה בבנייה למסחר ולמשרדים,ca
801070,מסגרות חרש,TRUE,1/16/2012,4/27/2026,"מדד מחירי תשומה בבנייה למסחר ולמשרדים, לפי פרקי עבודה",150,מדד מחירי תשומה בבנייה למסחר ולמשרדים,ca
801090,רכיבים מתועשים,TRUE,1/16/2012,4/27/2026,"מדד מחירי תשומה בבנייה למסחר ולמשרדים, לפי פרקי עבודה",150,מדד מחירי תשומה בבנייה למסחר ולמשרדים,ca
801140,תקורה,TRUE,1/16/2012,4/27/2026,"מדד מחירי תשומה בבנייה למסחר ולמשרדים, לפי פרקי עבודה",150,מדד מחירי תשומה בבנייה למסחר ולמשרדים,ca
800010,מדד מחירי תשומה בבנייה למבני מסחר ומשרדים - כללי,TRUE,1/16/2012,4/27/2026,"מדד מחירי תשומה בבנייה למסחר ולמשרדים, לפי קבוצה ראשית",151,מדד מחירי תשומה בבנייה למסחר ולמשרדים,ca
802010,המדד ללא שכר עבודה,TRUE,1/16/2012,4/27/2026,"מדד מחירי תשומה בבנייה למסחר ולמשרדים, לפי קבוצה ראשית",151,מדד מחירי תשומה בבנייה למסחר ולמשרדים,ca
802020,חומרים ומוצרים - סך כולל,TRUE,1/16/2012,4/27/2026,"מדד מחירי תשומה בבנייה למסחר ולמשרדים, לפי קבוצה ראשית",151,מדד מחירי תשומה בבנייה למסחר ולמשרדים,ca
802030,שכירת ציוד,TRUE,1/16/2012,4/27/2026,"מדד מחירי תשומה בבנייה למסחר ולמשרדים, לפי קבוצה ראשית",151,מדד מחירי תשומה בבנייה למסחר ולמשרדים,ca
802040,שכר עבודה,TRUE,1/16/2012,4/27/2026,"מדד מחירי תשומה בבנייה למסחר ולמשרדים, לפי קבוצה ראשית",151,מדד מחירי תשומה בבנייה למסחר ולמשרדים,ca
802050,שונות,TRUE,1/16/2012,4/27/2026,"מדד מחירי תשומה בבנייה למסחר ולמשרדים, לפי קבוצה ראשית",151,מדד מחירי תשומה בבנייה למסחר ולמשרדים,ca
240010,מדד מחירי תשומה בסלילה וגישור - כללי,TRUE,1/16/1966,4/27/2026,"מדד מחירי תשומה בסלילה וגישור (ללא מע""מ), לפי קבוצות ראשיות וקבוצות משניות",53,מדד מחירי תשומה בסלילה וגישור,d
240015,המדד ללא גישור,TRUE,1/16/2010,4/27/2026,"מדד מחירי תשומה בסלילה וגישור (ללא מע""מ), לפי קבוצות ראשיות וקבוצות משניות",53,מדד מחירי תשומה בסלילה וגישור,d
240020,חומרים - סך הכל,TRUE,1/16/1983,4/27/2026,"מדד מחירי תשומה בסלילה וגישור (ללא מע""מ), לפי קבוצות ראשיות וקבוצות משניות",53,מדד מחירי תשומה בסלילה וגישור,d
240030,חומרי מחצבה,TRUE,1/16/1983,4/27/2026,"מדד מחירי תשומה בסלילה וגישור (ללא מע""מ), לפי קבוצות ראשיות וקבוצות משניות",53,מדד מחירי תשומה בסלילה וגישור,d
240132,"מצע א', מצע ב', מצע ג' - סך הכל",TRUE,2/16/1996,4/27/2026,"מדד מחירי תשומה בסלילה וגישור (ללא מע""מ), לפי קבוצות ראשיות וקבוצות משניות",53,מדד מחירי תשומה בסלילה וגישור,d
240140,"אגו""מ - אגרגטים גרוסים ומודרגים",TRUE,1/16/1983,4/27/2026,"מדד מחירי תשומה בסלילה וגישור (ללא מע""מ), לפי קבוצות ראשיות וקבוצות משניות",53,מדד מחירי תשומה בסלילה וגישור,d
240150,חול לסוגיו,TRUE,1/16/1983,4/27/2026,"מדד מחירי תשומה בסלילה וגישור (ללא מע""מ), לפי קבוצות ראשיות וקבוצות משניות",53,מדד מחירי תשומה בסלילה וגישור,d
240190,חומרי מחצבה אחרים,TRUE,1/16/1983,4/27/2026,"מדד מחירי תשומה בסלילה וגישור (ללא מע""מ), לפי קבוצות ראשיות וקבוצות משניות",53,מדד מחירי תשומה בסלילה וגישור,d
240200,הובלה שכורה של חומרי מחצבה,TRUE,1/16/1983,4/27/2026,"מדד מחירי תשומה בסלילה וגישור (ללא מע""מ), לפי קבוצות ראשיות וקבוצות משניות",53,מדד מחירי תשומה בסלילה וגישור,d
240220,תערובות אספלט,TRUE,1/16/1983,4/27/2026,"מדד מחירי תשומה בסלילה וגישור (ללא מע""מ), לפי קבוצות ראשיות וקבוצות משניות",53,מדד מחירי תשומה בסלילה וגישור,d
240255,מלט ובטון,TRUE,1/16/2010,4/27/2026,"מדד מחירי תשומה בסלילה וגישור (ללא מע""מ), לפי קבוצות ראשיות וקבוצות משניות",53,מדד מחירי תשומה בסלילה וגישור,d
240260,צמנט שחור,TRUE,1/16/1983,4/27/2026,"מדד מחירי תשומה בסלילה וגישור (ללא מע""מ), לפי קבוצות ראשיות וקבוצות משניות",53,מדד מחירי תשומה בסלילה וגישור,d
240270,בטון מובא לסוגיו,TRUE,1/16/1983,4/27/2026,"מדד מחירי תשומה בסלילה וגישור (ללא מע""מ), לפי קבוצות ראשיות וקבוצות משניות",53,מדד מחירי תשומה בסלילה וגישור,d
240280,"אבני שפה, ריצוף ותיחום",TRUE,1/16/1983,4/27/2026,"מדד מחירי תשומה בסלילה וגישור (ללא מע""מ), לפי קבוצות ראשיות וקבוצות משניות",53,מדד מחירי תשומה בסלילה וגישור,d
240281,אבני שפה ותיחום,TRUE,1/16/2010,4/27/2026,"מדד מחירי תשומה בסלילה וגישור (ללא מע""מ), לפי קבוצות ראשיות וקבוצות משניות",53,מדד מחירי תשומה בסלילה וגישור,d
240282,אבני ריצוף,TRUE,1/16/2010,4/27/2026,"מדד מחירי תשומה בסלילה וגישור (ללא מע""מ), לפי קבוצות ראשיות וקבוצות משניות",53,מדד מחירי תשומה בסלילה וגישור,d
240283,תאי בקרה ושוחות,TRUE,1/16/2010,4/27/2026,"מדד מחירי תשומה בסלילה וגישור (ללא מע""מ), לפי קבוצות ראשיות וקבוצות משניות",53,מדד מחירי תשומה בסלילה וגישור,d
240284,קורות ומקטעים לגשרים,TRUE,1/16/2010,4/27/2026,"מדד מחירי תשומה בסלילה וגישור (ללא מע""מ), לפי קבוצות ראשיות וקבוצות משניות",53,מדד מחירי תשומה בסלילה וגישור,d
240285,יריעות וחומרי איטום,TRUE,1/16/2010,4/27/2026,"מדד מחירי תשומה בסלילה וגישור (ללא מע""מ), לפי קבוצות ראשיות וקבוצות משניות",53,מדד מחירי תשומה בסלילה וגישור,d
240286,יריעות ביטומניות,TRUE,1/16/2010,4/27/2026,"מדד מחירי תשומה בסלילה וגישור (ללא מע""מ), לפי קבוצות ראשיות וקבוצות משניות",53,מדד מחירי תשומה בסלילה וגישור,d
240287,יריעות HDPE,TRUE,1/16/2010,4/27/2026,"מדד מחירי תשומה בסלילה וגישור (ללא מע""מ), לפי קבוצות ראשיות וקבוצות משניות",53,מדד מחירי תשומה בסלילה וגישור,d
240288,חומרי איטום,TRUE,1/16/2010,4/27/2026,"מדד מחירי תשומה בסלילה וגישור (ללא מע""מ), לפי קבוצות ראשיות וקבוצות משניות",53,מדד מחירי תשומה בסלילה וגישור,d
240289,יריעות שריון קרקע,TRUE,1/16/2010,4/27/2026,"מדד מחירי תשומה בסלילה וגישור (ללא מע""מ), לפי קבוצות ראשיות וקבוצות משניות",53,מדד מחירי תשומה בסלילה וגישור,d
240291,צינורות שונים,TRUE,1/16/2010,4/27/2026,"מדד מחירי תשומה בסלילה וגישור (ללא מע""מ), לפי קבוצות ראשיות וקבוצות משניות",53,מדד מחירי תשומה בסלילה וגישור,d
240292,צינורות ניקוז,TRUE,1/16/2010,4/27/2026,"מדד מחירי תשומה בסלילה וגישור (ללא מע""מ), לפי קבוצות ראשיות וקבוצות משניות",53,מדד מחירי תשומה בסלילה וגישור,d
240293,צינורות ביוב,TRUE,1/16/2010,4/27/2026,"מדד מחירי תשומה בסלילה וגישור (ללא מע""מ), לפי קבוצות ראשיות וקבוצות משניות",53,מדד מחירי תשומה בסלילה וגישור,d
240294,צינורות אספקת מים,TRUE,1/16/2010,4/27/2026,"מדד מחירי תשומה בסלילה וגישור (ללא מע""מ), לפי קבוצות ראשיות וקבוצות משניות",53,מדד מחירי תשומה בסלילה וגישור,d
240700,מוטות ורשתות פלדה ואביזרי מתכת שונים,TRUE,1/16/2010,4/27/2026,"מדד מחירי תשומה בסלילה וגישור (ללא מע""מ), לפי קבוצות ראשיות וקבוצות משניות",53,מדד מחירי תשומה בסלילה וגישור,d
240710,חומרים ומוצרים לסימון,TRUE,1/16/2010,4/27/2026,"מדד מחירי תשומה בסלילה וגישור (ללא מע""מ), לפי קבוצות ראשיות וקבוצות משניות",53,מדד מחירי תשומה בסלילה וגישור,d
240711,צבעים,TRUE,1/16/2010,4/27/2026,"מדד מחירי תשומה בסלילה וגישור (ללא מע""מ), לפי קבוצות ראשיות וקבוצות משניות",53,מדד מחירי תשומה בסלילה וגישור,d
240712,אביזרי סימון שונים,TRUE,1/16/2010,4/27/2026,"מדד מחירי תשומה בסלילה וגישור (ללא מע""מ), לפי קבוצות ראשיות וקבוצות משניות",53,מדד מחירי תשומה בסלילה וגישור,d
240720,שלטים ותמרורים,TRUE,1/16/2010,4/27/2026,"מדד מחירי תשומה בסלילה וגישור (ללא מע""מ), לפי קבוצות ראשיות וקבוצות משניות",53,מדד מחירי תשומה בסלילה וגישור,d
240730,מעקה בטיחות,TRUE,1/16/2010,4/27/2026,"מדד מחירי תשומה בסלילה וגישור (ללא מע""מ), לפי קבוצות ראשיות וקבוצות משניות",53,מדד מחירי תשומה בסלילה וגישור,d
240740,אביזרים לתאורת כביש ותשתית חשמל,TRUE,1/16/2010,4/27/2026,"מדד מחירי תשומה בסלילה וגישור (ללא מע""מ), לפי קבוצות ראשיות וקבוצות משניות",53,מדד מחירי תשומה בסלילה וגישור,d
240741,אביזרי תאורת כביש,TRUE,1/16/2010,4/27/2026,"מדד מחירי תשומה בסלילה וגישור (ללא מע""מ), לפי קבוצות ראשיות וקבוצות משניות",53,מדד מחירי תשומה בסלילה וגישור,d
240742,רמזורים,TRUE,1/16/2010,4/27/2026,"מדד מחירי תשומה בסלילה וגישור (ללא מע""מ), לפי קבוצות ראשיות וקבוצות משניות",53,מדד מחירי תשומה בסלילה וגישור,d
240750,מוצרים לפיתוח נופי,TRUE,1/16/2010,4/27/2026,"מדד מחירי תשומה בסלילה וגישור (ללא מע""מ), לפי קבוצות ראשיות וקבוצות משניות",53,מדד מחירי תשומה בסלילה וגישור,d
240320,שכירת ציוד,TRUE,1/16/1983,4/27/2026,"מדד מחירי תשומה בסלילה וגישור (ללא מע""מ), לפי קבוצות ראשיות וקבוצות משניות",53,מדד מחירי תשומה בסלילה וגישור,d
240355,שכירת מעמיסים מחפרים ומחפרונים,TRUE,1/16/2010,4/27/2026,"מדד מחירי תשומה בסלילה וגישור (ללא מע""מ), לפי קבוצות ראשיות וקבוצות משניות",53,מדד מחירי תשומה בסלילה וגישור,d
240360,שכירת מקרצפת ומפלסת,TRUE,1/16/2010,4/27/2026,"מדד מחירי תשומה בסלילה וגישור (ללא מע""מ), לפי קבוצות ראשיות וקבוצות משניות",53,מדד מחירי תשומה בסלילה וגישור,d
240370,שכירת מכבשים,TRUE,1/16/1983,4/27/2026,"מדד מחירי תשומה בסלילה וגישור (ללא מע""מ), לפי קבוצות ראשיות וקבוצות משניות",53,מדד מחירי תשומה בסלילה וגישור,d
240371,שכירת משאיות,TRUE,1/16/2010,4/27/2026,"מדד מחירי תשומה בסלילה וגישור (ללא מע""מ), לפי קבוצות ראשיות וקבוצות משניות",53,מדד מחירי תשומה בסלילה וגישור,d
240372,שכירת מכונת קידוח,TRUE,1/16/2010,4/27/2026,"מדד מחירי תשומה בסלילה וגישור (ללא מע""מ), לפי קבוצות ראשיות וקבוצות משניות",53,מדד מחירי תשומה בסלילה וגישור,d
240373,ציוד קל,TRUE,1/16/2010,4/27/2026,"מדד מחירי תשומה בסלילה וגישור (ללא מע""מ), לפי קבוצות ראשיות וקבוצות משניות",53,מדד מחירי תשומה בסלילה וגישור,d
240374,ציוד אחר,TRUE,1/16/2010,4/27/2026,"מדד מחירי תשומה בסלילה וגישור (ללא מע""מ), לפי קבוצות ראשיות וקבוצות משניות",53,מדד מחירי תשומה בסלילה וגישור,d
240390,שירותי מטמנה,TRUE,1/16/2010,4/27/2026,"מדד מחירי תשומה בסלילה וגישור (ללא מע""מ), לפי קבוצות ראשיות וקבוצות משניות",53,מדד מחירי תשומה בסלילה וגישור,d
240800,שכר עבודה,TRUE,1/16/2010,4/27/2026,"מדד מחירי תשומה בסלילה וגישור (ללא מע""מ), לפי קבוצות ראשיות וקבוצות משניות",53,מדד מחירי תשומה בסלילה וגישור,d
242010,עבודות הכנה ופירוק,TRUE,1/16/2010,4/27/2026,"מדד מחירי תשומה בסלילה וגישור (ללא מע""מ), לפי פרקי עבודה",127,מדד מחירי תשומה בסלילה וגישור,d
242020,עבודות פירוק,TRUE,1/16/2010,4/27/2026,"מדד מחירי תשומה בסלילה וגישור (ללא מע""מ), לפי פרקי עבודה",127,מדד מחירי תשומה בסלילה וגישור,d
242030,עקירה  וכריתת  עצים,TRUE,1/16/2010,4/27/2026,"מדד מחירי תשומה בסלילה וגישור (ללא מע""מ), לפי פרקי עבודה",127,מדד מחירי תשומה בסלילה וגישור,d
242040,עבודות חישוף,TRUE,1/16/2010,4/27/2026,"מדד מחירי תשומה בסלילה וגישור (ללא מע""מ), לפי פרקי עבודה",127,מדד מחירי תשומה בסלילה וגישור,d
242050,עבודות  קרצוף,TRUE,1/16/2010,4/27/2026,"מדד מחירי תשומה בסלילה וגישור (ללא מע""מ), לפי פרקי עבודה",127,מדד מחירי תשומה בסלילה וגישור,d
242110,עבודות עפר,TRUE,1/16/2010,4/27/2026,"מדד מחירי תשומה בסלילה וגישור (ללא מע""מ), לפי פרקי עבודה",127,מדד מחירי תשומה בסלילה וגישור,d
242120,חפירה וחציבה,TRUE,1/16/2010,4/27/2026,"מדד מחירי תשומה בסלילה וגישור (ללא מע""מ), לפי פרקי עבודה",127,מדד מחירי תשומה בסלילה וגישור,d
242130,עבודות  הידוק,TRUE,1/16/2010,4/27/2026,"מדד מחירי תשומה בסלילה וגישור (ללא מע""מ), לפי פרקי עבודה",127,מדד מחירי תשומה בסלילה וגישור,d
242140,עבודות  מילוי,TRUE,1/16/2010,4/27/2026,"מדד מחירי תשומה בסלילה וגישור (ללא מע""מ), לפי פרקי עבודה",127,מדד מחירי תשומה בסלילה וגישור,d
242210,"עבודות מצע ואגו""מ",TRUE,1/16/2010,4/27/2026,"מדד מחירי תשומה בסלילה וגישור (ללא מע""מ), לפי פרקי עבודה",127,מדד מחירי תשומה בסלילה וגישור,d
242220,עבודות מצע,TRUE,1/16/2010,4/27/2026,"מדד מחירי תשומה בסלילה וגישור (ללא מע""מ), לפי פרקי עבודה",127,מדד מחירי תשומה בסלילה וגישור,d
242230,"עבודות אגו""מ",TRUE,1/16/2010,4/27/2026,"מדד מחירי תשומה בסלילה וגישור (ללא מע""מ), לפי פרקי עבודה",127,מדד מחירי תשומה בסלילה וגישור,d
242310,שכבות אספלטיות,TRUE,1/16/2010,4/27/2026,"מדד מחירי תשומה בסלילה וגישור (ללא מע""מ), לפי פרקי עבודה",127,מדד מחירי תשומה בסלילה וגישור,d
242320,"ריבוד באספלט מסוג תא""צ",TRUE,1/16/2010,4/27/2026,"מדד מחירי תשומה בסלילה וגישור (ללא מע""מ), לפי פרקי עבודה",127,מדד מחירי תשומה בסלילה וגישור,d
242330,"ריבוד באספלט מסוג תא""מ",TRUE,1/16/2010,4/27/2026,"מדד מחירי תשומה בסלילה וגישור (ללא מע""מ), לפי פרקי עבודה",127,מדד מחירי תשומה בסלילה וגישור,d
242340,"ריבוד באספלט מסוג תאמ""א",TRUE,1/16/2010,4/27/2026,"מדד מחירי תשומה בסלילה וגישור (ללא מע""מ), לפי פרקי עבודה",127,מדד מחירי תשומה בסלילה וגישור,d
242350,ריבוד באספלט למדרכות,TRUE,1/16/2010,4/27/2026,"מדד מחירי תשומה בסלילה וגישור (ללא מע""מ), לפי פרקי עבודה",127,מדד מחירי תשומה בסלילה וגישור,d
242410,עבודות ניקוז,TRUE,1/16/2010,4/27/2026,"מדד מחירי תשומה בסלילה וגישור (ללא מע""מ), לפי פרקי עבודה",127,מדד מחירי תשומה בסלילה וגישור,d
242420,צינורות ניקוז טרומיים,TRUE,1/16/2010,4/27/2026,"מדד מחירי תשומה בסלילה וגישור (ללא מע""מ), לפי פרקי עבודה",127,מדד מחירי תשומה בסלילה וגישור,d
242430,מתקנים  למערכות ניקוז,TRUE,1/16/2010,4/27/2026,"מדד מחירי תשומה בסלילה וגישור (ללא מע""מ), לפי פרקי עבודה",127,מדד מחירי תשומה בסלילה וגישור,d
242440,דיפון תעלות פתוחות,TRUE,1/16/2010,4/27/2026,"מדד מחירי תשומה בסלילה וגישור (ללא מע""מ), לפי פרקי עבודה",127,מדד מחירי תשומה בסלילה וגישור,d
242510,עבודות סימון,TRUE,1/16/2010,4/27/2026,"מדד מחירי תשומה בסלילה וגישור (ללא מע""מ), לפי פרקי עבודה",127,מדד מחירי תשומה בסלילה וגישור,d
242520,סימון כבישים בצבע חד רכיבי,TRUE,1/16/2010,4/27/2026,"מדד מחירי תשומה בסלילה וגישור (ללא מע""מ), לפי פרקי עבודה",127,מדד מחירי תשומה בסלילה וגישור,d
242530,סימון כבישים בצבע דו רכיבי,TRUE,1/16/2010,4/27/2026,"מדד מחירי תשומה בסלילה וגישור (ללא מע""מ), לפי פרקי עבודה",127,מדד מחירי תשומה בסלילה וגישור,d
242540,עיני חתול,TRUE,1/16/2010,4/27/2026,"מדד מחירי תשומה בסלילה וגישור (ללא מע""מ), לפי פרקי עבודה",127,מדד מחירי תשומה בסלילה וגישור,d
242610,עבודות שילוט ותמרור,TRUE,1/16/2010,4/27/2026,"מדד מחירי תשומה בסלילה וגישור (ללא מע""מ), לפי פרקי עבודה",127,מדד מחירי תשומה בסלילה וגישור,d
242620,התקנת  תמרורים,TRUE,1/16/2010,4/27/2026,"מדד מחירי תשומה בסלילה וגישור (ללא מע""מ), לפי פרקי עבודה",127,מדד מחירי תשומה בסלילה וגישור,d
242630,התקנת  שלטים,TRUE,1/16/2010,4/27/2026,"מדד מחירי תשומה בסלילה וגישור (ללא מע""מ), לפי פרקי עבודה",127,מדד מחירי תשומה בסלילה וגישור,d
242710,מעקות וגדרות בטיחות,TRUE,1/16/2010,4/27/2026,"מדד מחירי תשומה בסלילה וגישור (ללא מע""מ), לפי פרקי עבודה",127,מדד מחירי תשומה בסלילה וגישור,d
242720,התקנת  מעקות פלדה,TRUE,1/16/2010,4/27/2026,"מדד מחירי תשומה בסלילה וגישור (ללא מע""מ), לפי פרקי עבודה",127,מדד מחירי תשומה בסלילה וגישור,d
242730,התקנת  מעקות בטון,TRUE,1/16/2010,4/27/2026,"מדד מחירי תשומה בסלילה וגישור (ללא מע""מ), לפי פרקי עבודה",127,מדד מחירי תשומה בסלילה וגישור,d
242810,עבודות ריצוף,TRUE,1/16/2010,4/27/2026,"מדד מחירי תשומה בסלילה וגישור (ללא מע""מ), לפי פרקי עבודה",127,מדד מחירי תשומה בסלילה וגישור,d
242820,אבני  שפה ותיחום,TRUE,1/16/2010,4/27/2026,"מדד מחירי תשומה בסלילה וגישור (ללא מע""מ), לפי פרקי עבודה",127,מדד מחירי תשומה בסלילה וגישור,d
242830,עבודות ריצוף,TRUE,1/16/2010,4/27/2026,"מדד מחירי תשומה בסלילה וגישור (ללא מע""מ), לפי פרקי עבודה",127,מדד מחירי תשומה בסלילה וגישור,d
242910,עבודות ביסוס עמוק,TRUE,1/16/2010,4/27/2026,"מדד מחירי תשומה בסלילה וגישור (ללא מע""מ), לפי פרקי עבודה",127,מדד מחירי תשומה בסלילה וגישור,d
242920,כלונסאות  קדוחים,TRUE,1/16/2010,4/27/2026,"מדד מחירי תשומה בסלילה וגישור (ללא מע""מ), לפי פרקי עבודה",127,מדד מחירי תשומה בסלילה וגישור,d
242930,כלונסאות עם שימוש בתרחיף בנטונייט,TRUE,1/16/2010,4/27/2026,"מדד מחירי תשומה בסלילה וגישור (ללא מע""מ), לפי פרקי עבודה",127,מדד מחירי תשומה בסלילה וגישור,d
242940,כלונסאות קדוחים  בשיטת ההקשה,TRUE,1/16/2010,4/27/2026,"מדד מחירי תשומה בסלילה וגישור (ללא מע""מ), לפי פרקי עבודה",127,מדד מחירי תשומה בסלילה וגישור,d
242950,קירות ביסוס  (סלארי),TRUE,1/16/2010,4/27/2026,"מדד מחירי תשומה בסלילה וגישור (ללא מע""מ), לפי פרקי עבודה",127,מדד מחירי תשומה בסלילה וגישור,d
242960,ברזל זיון כלונסאות,TRUE,1/16/2010,4/27/2026,"מדד מחירי תשומה בסלילה וגישור (ללא מע""מ), לפי פרקי עבודה",127,מדד מחירי תשומה בסלילה וגישור,d
243010,עבודות גישור,TRUE,1/16/2010,4/27/2026,"מדד מחירי תשומה בסלילה וגישור (ללא מע""מ), לפי פרקי עבודה",127,מדד מחירי תשומה בסלילה וגישור,d
243020,אלמנטים יצוקים  באתר,TRUE,1/16/2010,4/27/2026,"מדד מחירי תשומה בסלילה וגישור (ללא מע""מ), לפי פרקי עבודה",127,מדד מחירי תשומה בסלילה וגישור,d
243030,אלמנטים  טרומיים/ דרוכים,TRUE,1/16/2010,4/27/2026,"מדד מחירי תשומה בסלילה וגישור (ללא מע""מ), לפי פרקי עבודה",127,מדד מחירי תשומה בסלילה וגישור,d
243040,ברזל גשרים,TRUE,1/16/2010,4/27/2026,"מדד מחירי תשומה בסלילה וגישור (ללא מע""מ), לפי פרקי עבודה",127,מדד מחירי תשומה בסלילה וגישור,d
243110,עבודות בטון,TRUE,1/16/2010,4/27/2026,"מדד מחירי תשומה בסלילה וגישור (ללא מע""מ), לפי פרקי עבודה",127,מדד מחירי תשומה בסלילה וגישור,d
243120,בטון יצוק  באתר - אופקי,TRUE,1/16/2010,4/27/2026,"מדד מחירי תשומה בסלילה וגישור (ללא מע""מ), לפי פרקי עבודה",127,מדד מחירי תשומה בסלילה וגישור,d
243130,בטון יצוק  באתר - אנכי,TRUE,1/16/2010,4/27/2026,"מדד מחירי תשומה בסלילה וגישור (ללא מע""מ), לפי פרקי עבודה",127,מדד מחירי תשומה בסלילה וגישור,d
243140,מוטות ורשתות ברזל,TRUE,1/16/2010,4/27/2026,"מדד מחירי תשומה בסלילה וגישור (ללא מע""מ), לפי פרקי עבודה",127,מדד מחירי תשומה בסלילה וגישור,d
243210,עבודות איטום,TRUE,1/16/2010,4/27/2026,"מדד מחירי תשומה בסלילה וגישור (ללא מע""מ), לפי פרקי עבודה",127,מדד מחירי תשומה בסלילה וגישור,d
243220,איטום בטון,TRUE,1/16/2010,4/27/2026,"מדד מחירי תשומה בסלילה וגישור (ללא מע""מ), לפי פרקי עבודה",127,מדד מחירי תשומה בסלילה וגישור,d
243230,איטום קרקע,TRUE,1/16/2010,4/27/2026,"מדד מחירי תשומה בסלילה וגישור (ללא מע""מ), לפי פרקי עבודה",127,מדד מחירי תשומה בסלילה וגישור,d
243310,עבודות גינון ופיתוח נופי,TRUE,1/16/2010,4/27/2026,"מדד מחירי תשומה בסלילה וגישור (ללא מע""מ), לפי פרקי עבודה",127,מדד מחירי תשומה בסלילה וגישור,d
243320,חיפוי  באדמה,TRUE,1/16/2010,4/27/2026,"מדד מחירי תשומה בסלילה וגישור (ללא מע""מ), לפי פרקי עבודה",127,מדד מחירי תשומה בסלילה וגישור,d
243330,מערכת השקיה,TRUE,1/16/2010,4/27/2026,"מדד מחירי תשומה בסלילה וגישור (ללא מע""מ), לפי פרקי עבודה",127,מדד מחירי תשומה בסלילה וגישור,d
243340,בניית מסלעה,TRUE,1/16/2010,4/27/2026,"מדד מחירי תשומה בסלילה וגישור (ללא מע""מ), לפי פרקי עבודה",127,מדד מחירי תשומה בסלילה וגישור,d
243350,צמחיה,TRUE,1/16/2010,4/27/2026,"מדד מחירי תשומה בסלילה וגישור (ללא מע""מ), לפי פרקי עבודה",127,מדד מחירי תשומה בסלילה וגישור,d
243410,עבודות תאורה ורמזורים,TRUE,1/16/2010,4/27/2026,"מדד מחירי תשומה בסלילה וגישור (ללא מע""מ), לפי פרקי עבודה",127,מדד מחירי תשומה בסלילה וגישור,d
243420,תשתית  לעמודי תאורה,TRUE,1/16/2010,4/27/2026,"מדד מחירי תשומה בסלילה וגישור (ללא מע""מ), לפי פרקי עבודה",127,מדד מחירי תשומה בסלילה וגישור,d
243430,יסודות רדודים  לעמודי תאורה,TRUE,1/16/2010,4/27/2026,"מדד מחירי תשומה בסלילה וגישור (ללא מע""מ), לפי פרקי עבודה",127,מדד מחירי תשומה בסלילה וגישור,d
243440,עמודי  תאורה ורמזורים,TRUE,1/16/2010,4/27/2026,"מדד מחירי תשומה בסלילה וגישור (ללא מע""מ), לפי פרקי עבודה",127,מדד מחירי תשומה בסלילה וגישור,d
243450,גופי תאורה,TRUE,1/16/2010,4/27/2026,"מדד מחירי תשומה בסלילה וגישור (ללא מע""מ), לפי פרקי עבודה",127,מדד מחירי תשומה בסלילה וגישור,d
243460,פנסי רמזורים,TRUE,1/16/2010,4/27/2026,"מדד מחירי תשומה בסלילה וגישור (ללא מע""מ), לפי פרקי עבודה",127,מדד מחירי תשומה בסלילה וגישור,d
243510,מערכות אספקת מים,TRUE,1/16/2010,4/27/2026,"מדד מחירי תשומה בסלילה וגישור (ללא מע""מ), לפי פרקי עבודה",127,מדד מחירי תשומה בסלילה וגישור,d
243520,קווי מים,TRUE,1/16/2010,4/27/2026,"מדד מחירי תשומה בסלילה וגישור (ללא מע""מ), לפי פרקי עבודה",127,מדד מחירי תשומה בסלילה וגישור,d
243530,מתקני מים,TRUE,1/16/2010,4/27/2026,"מדד מחירי תשומה בסלילה וגישור (ללא מע""מ), לפי פרקי עבודה",127,מדד מחירי תשומה בסלילה וגישור,d
243610,מערכות ביוב,TRUE,1/16/2010,4/27/2026,"מדד מחירי תשומה בסלילה וגישור (ללא מע""מ), לפי פרקי עבודה",127,מדד מחירי תשומה בסלילה וגישור,d
243620,קווי ביוב,TRUE,1/16/2010,4/27/2026,"מדד מחירי תשומה בסלילה וגישור (ללא מע""מ), לפי פרקי עבודה",127,מדד מחירי תשומה בסלילה וגישור,d
243630,מתקני ביוב,TRUE,1/16/2010,4/27/2026,"מדד מחירי תשומה בסלילה וגישור (ללא מע""מ), לפי פרקי עבודה",127,מדד מחירי תשומה בסלילה וגישור,d
243710,מבנה פלדה ומסגרות חרש,TRUE,1/16/2010,4/27/2026,"מדד מחירי תשומה בסלילה וגישור (ללא מע""מ), לפי פרקי עבודה",127,מדד מחירי תשומה בסלילה וגישור,d
243720,גשרי שילוט,TRUE,1/16/2010,4/27/2026,"מדד מחירי תשומה בסלילה וגישור (ללא מע""מ), לפי פרקי עבודה",127,מדד מחירי תשומה בסלילה וגישור,d
243730,קונסטרוקצית פלדה,TRUE,1/16/2010,4/27/2026,"מדד מחירי תשומה בסלילה וגישור (ללא מע""מ), לפי פרקי עבודה",127,מדד מחירי תשומה בסלילה וגישור,d
243810,עבודות רג'י,TRUE,1/16/2010,4/27/2026,"מדד מחירי תשומה בסלילה וגישור (ללא מע""מ), לפי פרקי עבודה",127,מדד מחירי תשומה בסלילה וגישור,d
243820,כוח אדם,TRUE,1/16/2010,4/27/2026,"מדד מחירי תשומה בסלילה וגישור (ללא מע""מ), לפי פרקי עבודה",127,מדד מחירי תשומה בסלילה וגישור,d
243830,ציוד,TRUE,1/16/2010,4/27/2026,"מדד מחירי תשומה בסלילה וגישור (ללא מע""מ), לפי פרקי עבודה",127,מדד מחירי תשומה בסלילה וגישור,d
243910,קירות תמך מקרקע משוריינת,TRUE,1/16/2010,4/27/2026,"מדד מחירי תשומה בסלילה וגישור (ללא מע""מ), לפי פרקי עבודה",127,מדד מחירי תשומה בסלילה וגישור,d
243920,קיר מקרקע משוריינת,TRUE,1/16/2010,4/27/2026,"מדד מחירי תשומה בסלילה וגישור (ללא מע""מ), לפי פרקי עבודה",127,מדד מחירי תשומה בסלילה וגישור,d
240160,עדש,TRUE,1/16/1983,4/27/2026,"מדד מחירים של תשומות נבחרות בסלילה וגישור (ללא מע""מ)",128,מדד מחירי תשומה בסלילה וגישור,d
240170,סומסום,TRUE,1/16/1983,4/27/2026,"מדד מחירים של תשומות נבחרות בסלילה וגישור (ללא מע""מ)",128,מדד מחירי תשומה בסלילה וגישור,d
240230,ביטומן לכבישים,TRUE,1/16/1983,4/27/2026,"מדד מחירים של תשומות נבחרות בסלילה וגישור (ללא מע""מ)",128,מדד מחירי תשומה בסלילה וגישור,d
240240,חומרי נפץ,TRUE,1/16/1983,4/27/2026,"מדד מחירים של תשומות נבחרות בסלילה וגישור (ללא מע""מ)",128,מדד מחירי תשומה בסלילה וגישור,d
240245,בדיקות תקן,TRUE,1/16/2010,4/27/2026,"מדד מחירים של תשומות נבחרות בסלילה וגישור (ללא מע""מ)",128,מדד מחירי תשומה בסלילה וגישור,d
240246,"בטון אספלט בזלתי מסוג תא""מ 19",TRUE,1/16/2010,4/27/2026,"מדד מחירים של תשומות נבחרות בסלילה וגישור (ללא מע""מ)",128,מדד מחירי תשומה בסלילה וגישור,d
260010,מדד מחירי תשומה בענף החקלאות - כללי,TRUE,10/16/1976,4/27/2026,"מדד מחירי תשומה בענף החקלאות (ללא מע""מ), לפי קבוצות ראשיות וקבוצות משניות",55,מדד מחירי תשומה בחקלאות,e
260020,המדד ללא שכר של עובדים בחקלאות,TRUE,1/16/1983,4/27/2026,"מדד מחירי תשומה בענף החקלאות (ללא מע""מ), לפי קבוצות ראשיות וקבוצות משניות",55,מדד מחירי תשומה בחקלאות,e
261010,תשומות בגידולים צמחיים,TRUE,1/16/1987,4/27/2026,"מדד מחירי תשומה בענף החקלאות (ללא מע""מ), לפי קבוצות ראשיות וקבוצות משניות",55,מדד מחירי תשומה בחקלאות,e
261020,תשומות בבעלי חיים,TRUE,1/16/1987,4/27/2026,"מדד מחירי תשומה בענף החקלאות (ללא מע""מ), לפי קבוצות ראשיות וקבוצות משניות",55,מדד מחירי תשומה בחקלאות,e
260030,מספוא לבעלי חיים,TRUE,1/16/1983,4/27/2026,"מדד מחירי תשומה בענף החקלאות (ללא מע""מ), לפי קבוצות ראשיות וקבוצות משניות",55,מדד מחירי תשומה בחקלאות,e
260040,תערובות,TRUE,1/16/1983,4/27/2026,"מדד מחירי תשומה בענף החקלאות (ללא מע""מ), לפי קבוצות ראשיות וקבוצות משניות",55,מדד מחירי תשומה בחקלאות,e
260050,תערובות לעופות,TRUE,1/16/1983,4/27/2026,"מדד מחירי תשומה בענף החקלאות (ללא מע""מ), לפי קבוצות ראשיות וקבוצות משניות",55,מדד מחירי תשומה בחקלאות,e
260060,תערובות לבקר,TRUE,1/16/1983,4/27/2026,"מדד מחירי תשומה בענף החקלאות (ללא מע""מ), לפי קבוצות ראשיות וקבוצות משניות",55,מדד מחירי תשומה בחקלאות,e
260070,תערובות לצאן ולבעלי חיים אחרים,TRUE,1/16/1983,4/27/2026,"מדד מחירי תשומה בענף החקלאות (ללא מע""מ), לפי קבוצות ראשיות וקבוצות משניות",55,מדד מחירי תשומה בחקלאות,e
260075,בליל מספוא לבקר,TRUE,1/16/2001,4/27/2026,"מדד מחירי תשומה בענף החקלאות (ללא מע""מ), לפי קבוצות ראשיות וקבוצות משניות",55,מדד מחירי תשומה בחקלאות,e
260076,בליל למספוא לרפת חלב,TRUE,1/16/2021,4/27/2026,"מדד מחירי תשומה בענף החקלאות (ללא מע""מ), לפי קבוצות ראשיות וקבוצות משניות",55,מדד מחירי תשומה בחקלאות,e
260078,בליל למספוא לרפת פיטום,TRUE,1/16/2021,4/27/2026,"מדד מחירי תשומה בענף החקלאות (ללא מע""מ), לפי קבוצות ראשיות וקבוצות משניות",55,מדד מחירי תשומה בחקלאות,e
260087,מספוא גס לבעלי חיים,TRUE,1/16/2021,4/27/2026,"מדד מחירי תשומה בענף החקלאות (ללא מע""מ), לפי קבוצות ראשיות וקבוצות משניות",55,מדד מחירי תשומה בחקלאות,e
260085,"חומרים בהאבסה ישירה (גרעינים, שחת, קש וכו')",TRUE,1/16/2001,4/27/2026,"מדד מחירי תשומה בענף החקלאות (ללא מע""מ), לפי קבוצות ראשיות וקבוצות משניות",55,מדד מחירי תשומה בחקלאות,e
260100,אפרוחים,TRUE,1/16/1983,4/27/2026,"מדד מחירי תשומה בענף החקלאות (ללא מע""מ), לפי קבוצות ראשיות וקבוצות משניות",55,מדד מחירי תשומה בחקלאות,e
260110,"זרעים, פקעות ושתילים",TRUE,1/16/1983,4/27/2026,"מדד מחירי תשומה בענף החקלאות (ללא מע""מ), לפי קבוצות ראשיות וקבוצות משניות",55,מדד מחירי תשומה בחקלאות,e
260120,זרעים לירקות וגידולי שדה,TRUE,1/16/1983,4/27/2026,"מדד מחירי תשומה בענף החקלאות (ללא מע""מ), לפי קבוצות ראשיות וקבוצות משניות",55,מדד מחירי תשומה בחקלאות,e
260125,שתילים,TRUE,1/16/2021,4/27/2026,"מדד מחירי תשומה בענף החקלאות (ללא מע""מ), לפי קבוצות ראשיות וקבוצות משניות",55,מדד מחירי תשומה בחקלאות,e
260140,שתילי מטעים,TRUE,1/16/1983,4/27/2026,"מדד מחירי תשומה בענף החקלאות (ללא מע""מ), לפי קבוצות ראשיות וקבוצות משניות",55,מדד מחירי תשומה בחקלאות,e
260145,שתילים אחרים,TRUE,1/16/2021,4/27/2026,"מדד מחירי תשומה בענף החקלאות (ללא מע""מ), לפי קבוצות ראשיות וקבוצות משניות",55,מדד מחירי תשומה בחקלאות,e
260150,דשנים וזבלים,TRUE,1/16/1983,4/27/2026,"מדד מחירי תשומה בענף החקלאות (ללא מע""מ), לפי קבוצות ראשיות וקבוצות משניות",55,מדד מחירי תשומה בחקלאות,e
260160,דשנים,TRUE,1/16/1983,4/27/2026,"מדד מחירי תשומה בענף החקלאות (ללא מע""מ), לפי קבוצות ראשיות וקבוצות משניות",55,מדד מחירי תשומה בחקלאות,e
260170,דשנים חנקניים,TRUE,1/16/1983,4/27/2026,"מדד מחירי תשומה בענף החקלאות (ללא מע""מ), לפי קבוצות ראשיות וקבוצות משניות",55,מדד מחירי תשומה בחקלאות,e
260180,דשנים זרחניים,TRUE,1/16/1983,4/27/2026,"מדד מחירי תשומה בענף החקלאות (ללא מע""מ), לפי קבוצות ראשיות וקבוצות משניות",55,מדד מחירי תשומה בחקלאות,e
260190,דשנים אשלגניים,TRUE,1/16/1983,4/27/2026,"מדד מחירי תשומה בענף החקלאות (ללא מע""מ), לפי קבוצות ראשיות וקבוצות משניות",55,מדד מחירי תשומה בחקלאות,e
260200,דשנים מורכבים,TRUE,1/16/1983,4/27/2026,"מדד מחירי תשומה בענף החקלאות (ללא מע""מ), לפי קבוצות ראשיות וקבוצות משניות",55,מדד מחירי תשומה בחקלאות,e
260210,דשנים אורגניים,TRUE,1/16/1983,4/27/2026,"מדד מחירי תשומה בענף החקלאות (ללא מע""מ), לפי קבוצות ראשיות וקבוצות משניות",55,מדד מחירי תשומה בחקלאות,e
260220,זבלים,TRUE,1/16/1983,4/27/2026,"מדד מחירי תשומה בענף החקלאות (ללא מע""מ), לפי קבוצות ראשיות וקבוצות משניות",55,מדד מחירי תשומה בחקלאות,e
260230,חומרי הדברה,TRUE,1/16/1983,4/27/2026,"מדד מחירי תשומה בענף החקלאות (ללא מע""מ), לפי קבוצות ראשיות וקבוצות משניות",55,מדד מחירי תשומה בחקלאות,e
260240,קוטלי עשבים,TRUE,1/16/1983,4/27/2026,"מדד מחירי תשומה בענף החקלאות (ללא מע""מ), לפי קבוצות ראשיות וקבוצות משניות",55,מדד מחירי תשומה בחקלאות,e
260250,קוטלי פטריות וחיידקים,TRUE,1/16/1983,4/27/2026,"מדד מחירי תשומה בענף החקלאות (ללא מע""מ), לפי קבוצות ראשיות וקבוצות משניות",55,מדד מחירי תשומה בחקלאות,e
260260,קוטלי חרקים ואקריות,TRUE,1/16/1983,4/27/2026,"מדד מחירי תשומה בענף החקלאות (ללא מע""מ), לפי קבוצות ראשיות וקבוצות משניות",55,מדד מחירי תשומה בחקלאות,e
260270,חומרים אחרים,TRUE,1/16/1983,4/27/2026,"מדד מחירי תשומה בענף החקלאות (ללא מע""מ), לפי קבוצות ראשיות וקבוצות משניות",55,מדד מחירי תשומה בחקלאות,e
260280,מים,TRUE,1/16/1983,4/27/2026,"מדד מחירי תשומה בענף החקלאות (ללא מע""מ), לפי קבוצות ראשיות וקבוצות משניות",55,מדד מחירי תשומה בחקלאות,e
260290,"דלק, שמנים וחשמל",TRUE,1/16/1983,4/27/2026,"מדד מחירי תשומה בענף החקלאות (ללא מע""מ), לפי קבוצות ראשיות וקבוצות משניות",55,מדד מחירי תשומה בחקלאות,e
260300,דלק,TRUE,1/16/1983,4/27/2026,"מדד מחירי תשומה בענף החקלאות (ללא מע""מ), לפי קבוצות ראשיות וקבוצות משניות",55,מדד מחירי תשומה בחקלאות,e
260310,שמני מנוע וסיכה,TRUE,1/16/1983,4/27/2026,"מדד מחירי תשומה בענף החקלאות (ללא מע""מ), לפי קבוצות ראשיות וקבוצות משניות",55,מדד מחירי תשומה בחקלאות,e
260320,חשמל,TRUE,1/16/1983,4/27/2026,"מדד מחירי תשומה בענף החקלאות (ללא מע""מ), לפי קבוצות ראשיות וקבוצות משניות",55,מדד מחירי תשומה בחקלאות,e
260330,חומרי אריזה ואריזות,TRUE,1/16/1983,4/27/2026,"מדד מחירי תשומה בענף החקלאות (ללא מע""מ), לפי קבוצות ראשיות וקבוצות משניות",55,מדד מחירי תשומה בחקלאות,e
260340,חומרי בנייה למבנים חקלאיים וכיסויים פלסטיים,TRUE,1/16/1983,4/27/2026,"מדד מחירי תשומה בענף החקלאות (ללא מע""מ), לפי קבוצות ראשיות וקבוצות משניות",55,מדד מחירי תשומה בחקלאות,e
260599,מיכון,TRUE,1/16/2021,4/27/2026,"מדד מחירי תשומה בענף החקלאות (ללא מע""מ), לפי קבוצות ראשיות וקבוצות משניות",55,מדד מחירי תשומה בחקלאות,e
260600,טרקטור,TRUE,1/16/2021,4/27/2026,"מדד מחירי תשומה בענף החקלאות (ללא מע""מ), לפי קבוצות ראשיות וקבוצות משניות",55,מדד מחירי תשומה בחקלאות,e
260700,מיכון בגידול מטעים,TRUE,1/16/2021,4/27/2026,"מדד מחירי תשומה בענף החקלאות (ללא מע""מ), לפי קבוצות ראשיות וקבוצות משניות",55,מדד מחירי תשומה בחקלאות,e
260800,"מיכון גד""ש, ירקות ותפוחי אדמה",TRUE,1/16/2021,4/27/2026,"מדד מחירי תשומה בענף החקלאות (ללא מע""מ), לפי קבוצות ראשיות וקבוצות משניות",55,מדד מחירי תשומה בחקלאות,e
260900,ציוד,TRUE,1/16/2021,4/27/2026,"מדד מחירי תשומה בענף החקלאות (ללא מע""מ), לפי קבוצות ראשיות וקבוצות משניות",55,מדד מחירי תשומה בחקלאות,e
260390,ציוד השקיה,TRUE,1/16/1983,4/27/2026,"מדד מחירי תשומה בענף החקלאות (ללא מע""מ), לפי קבוצות ראשיות וקבוצות משניות",55,מדד מחירי תשומה בחקלאות,e
260400,מכונות וציוד במבנים לבעלי חיים,TRUE,1/16/1983,4/27/2026,"מדד מחירי תשומה בענף החקלאות (ללא מע""מ), לפי קבוצות ראשיות וקבוצות משניות",55,מדד מחירי תשומה בחקלאות,e
260950,רכב וחלפים,TRUE,1/16/2021,4/27/2026,"מדד מחירי תשומה בענף החקלאות (ללא מע""מ), לפי קבוצות ראשיות וקבוצות משניות",55,מדד מחירי תשומה בחקלאות,e
260500,הובלה שכורה,TRUE,1/16/1983,4/27/2026,"מדד מחירי תשומה בענף החקלאות (ללא מע""מ), לפי קבוצות ראשיות וקבוצות משניות",55,מדד מחירי תשומה בחקלאות,e
260510,שירותים וטרינריים ותרופות,TRUE,1/16/1983,4/27/2026,"מדד מחירי תשומה בענף החקלאות (ללא מע""מ), לפי קבוצות ראשיות וקבוצות משניות",55,מדד מחירי תשומה בחקלאות,e
260520,ביטוח,TRUE,1/16/1983,4/27/2026,"מדד מחירי תשומה בענף החקלאות (ללא מע""מ), לפי קבוצות ראשיות וקבוצות משניות",55,מדד מחירי תשומה בחקלאות,e
260530,מסים ואגרות,TRUE,1/16/1983,4/27/2026,"מדד מחירי תשומה בענף החקלאות (ללא מע""מ), לפי קבוצות ראשיות וקבוצות משניות",55,מדד מחירי תשומה בחקלאות,e
260540,דמי חכירה,TRUE,1/16/1983,4/27/2026,"מדד מחירי תשומה בענף החקלאות (ללא מע""מ), לפי קבוצות ראשיות וקבוצות משניות",55,מדד מחירי תשומה בחקלאות,e
260550,"שונות (הנהלת חשבונות, שירותי מחשב, צורכי משרד וכו')",TRUE,1/16/1983,4/27/2026,"מדד מחירי תשומה בענף החקלאות (ללא מע""מ), לפי קבוצות ראשיות וקבוצות משניות",55,מדד מחירי תשומה בחקלאות,e
260450,עלות עבודה שכירה,TRUE,1/16/1983,4/27/2026,"מדד מחירי תשומה בענף החקלאות (ללא מע""מ), לפי קבוצות ראשיות וקבוצות משניות",55,מדד מחירי תשומה בחקלאות,e
270010,תערובת לתרנגולות פיטום,TRUE,1/16/1987,4/27/2026,"מדד מחירים של תשומות נבחרות בענף החקלאות (ללא מע""מ)",56,מדד מחירי תשומה בחקלאות,e
270020,תערובת לתרנגולות הטלה,TRUE,1/16/1987,4/27/2026,"מדד מחירים של תשומות נבחרות בענף החקלאות (ללא מע""מ)",56,מדד מחירי תשומה בחקלאות,e
270030,תערובת לתרנגולות רבייה,TRUE,1/16/1987,4/27/2026,"מדד מחירים של תשומות נבחרות בענף החקלאות (ללא מע""מ)",56,מדד מחירי תשומה בחקלאות,e
270040,תערובת לתרנגולות גידול,TRUE,1/16/1987,4/27/2026,"מדד מחירים של תשומות נבחרות בענף החקלאות (ללא מע""מ)",56,מדד מחירי תשומה בחקלאות,e
270050,תערובת להודיים,TRUE,1/16/1987,4/27/2026,"מדד מחירים של תשומות נבחרות בענף החקלאות (ללא מע""מ)",56,מדד מחירי תשומה בחקלאות,e
270130,סולר,TRUE,1/16/1987,4/27/2026,"מדד מחירים של תשומות נבחרות בענף החקלאות (ללא מע""מ)",56,מדד מחירי תשומה בחקלאות,e
270140,בנזין,TRUE,1/16/1987,4/27/2026,"מדד מחירים של תשומות נבחרות בענף החקלאות (ללא מע""מ)",56,מדד מחירי תשומה בחקלאות,e
270193,מערכת שלדית,TRUE,1/16/2001,4/27/2026,"מדד מחירים של תשומות נבחרות בענף החקלאות (ללא מע""מ)",56,מדד מחירי תשומה בחקלאות,e
270197,רשת קבועה,TRUE,1/16/2001,4/27/2026,"מדד מחירים של תשומות נבחרות בענף החקלאות (ללא מע""מ)",56,מדד מחירי תשומה בחקלאות,e
270200,"חלקים ממתכת, חלקים חשמליים וכו'",TRUE,1/16/1987,4/27/2026,"מדד מחירים של תשומות נבחרות בענף החקלאות (ללא מע""מ)",56,מדד מחירי תשומה בחקלאות,e
270250,מסים מוניציפליים,TRUE,1/16/1987,4/27/2026,"מדד מחירים של תשומות נבחרות בענף החקלאות (ללא מע""מ)",56,מדד מחירי תשומה בחקלאות,e
270260,מסים לארגונים,TRUE,1/16/1987,4/27/2026,"מדד מחירים של תשומות נבחרות בענף החקלאות (ללא מע""מ)",56,מדד מחירי תשומה בחקלאות,e
260440,כלי עבודה ומכשירים,TRUE,1/16/1983,4/27/2026,"מדד מחירים של תשומות נבחרות בענף החקלאות (ללא מע""מ)",56,מדד מחירי תשומה בחקלאות,e
260010,מדד מחירי תשומה בענף החקלאות - כללי,TRUE,10/16/1976,4/27/2026,מדד מחירי תשומה בגידולים צמחיים ובבעלי חיים,173,מדד מחירי תשומה בחקלאות,e
261010,תשומות בגידולים צמחיים,TRUE,1/16/1987,4/27/2026,מדד מחירי תשומה בגידולים צמחיים ובבעלי חיים,173,מדד מחירי תשומה בחקלאות,e
400010,"זרעים, פקעות ושתילים",TRUE,1/16/2021,4/27/2026,מדד מחירי תשומה בגידולים צמחיים ובבעלי חיים,173,מדד מחירי תשומה בחקלאות,e
400020,דשנים וזבלים,TRUE,1/16/2021,4/27/2026,מדד מחירי תשומה בגידולים צמחיים ובבעלי חיים,173,מדד מחירי תשומה בחקלאות,e
400030,חומרי הדברה,TRUE,1/16/2021,4/27/2026,מדד מחירי תשומה בגידולים צמחיים ובבעלי חיים,173,מדד מחירי תשומה בחקלאות,e
400040,מים,TRUE,1/16/2021,4/27/2026,מדד מחירי תשומה בגידולים צמחיים ובבעלי חיים,173,מדד מחירי תשומה בחקלאות,e
400050,דלק שמנים וחשמל,TRUE,1/16/2021,4/27/2026,מדד מחירי תשומה בגידולים צמחיים ובבעלי חיים,173,מדד מחירי תשומה בחקלאות,e
400060,חומרי אריזה ואריזות,TRUE,1/16/2021,4/27/2026,מדד מחירי תשומה בגידולים צמחיים ובבעלי חיים,173,מדד מחירי תשומה בחקלאות,e
400070,חומרי בנייה למבנים חקלאיים וכיסויים פלסטיים,TRUE,1/16/2021,4/27/2026,מדד מחירי תשומה בגידולים צמחיים ובבעלי חיים,173,מדד מחירי תשומה בחקלאות,e
400080,מיכון,TRUE,1/16/2021,4/27/2026,מדד מחירי תשומה בגידולים צמחיים ובבעלי חיים,173,מדד מחירי תשומה בחקלאות,e
400090,ציוד,TRUE,1/16/2021,4/27/2026,מדד מחירי תשומה בגידולים צמחיים ובבעלי חיים,173,מדד מחירי תשומה בחקלאות,e
400100,רכב וחלפים,TRUE,1/16/2021,4/27/2026,מדד מחירי תשומה בגידולים צמחיים ובבעלי חיים,173,מדד מחירי תשומה בחקלאות,e
400110,הובלה שכורה,TRUE,1/16/2021,4/27/2026,מדד מחירי תשומה בגידולים צמחיים ובבעלי חיים,173,מדד מחירי תשומה בחקלאות,e
400120,ביטוח,TRUE,1/16/2021,4/27/2026,מדד מחירי תשומה בגידולים צמחיים ובבעלי חיים,173,מדד מחירי תשומה בחקלאות,e
400130,מיסים אגרות ורשיונות,TRUE,1/16/2021,4/27/2026,מדד מחירי תשומה בגידולים צמחיים ובבעלי חיים,173,מדד מחירי תשומה בחקלאות,e
400140,חכירת קרקע,TRUE,1/16/2021,4/27/2026,מדד מחירי תשומה בגידולים צמחיים ובבעלי חיים,173,מדד מחירי תשומה בחקלאות,e
400150,שונות,TRUE,1/16/2021,4/27/2026,מדד מחירי תשומה בגידולים צמחיים ובבעלי חיים,173,מדד מחירי תשומה בחקלאות,e
400160,עלות עבודה שכירה,TRUE,1/16/2021,4/27/2026,מדד מחירי תשומה בגידולים צמחיים ובבעלי חיים,173,מדד מחירי תשומה בחקלאות,e
261020,תשומות בבעלי חיים,TRUE,1/16/1987,4/27/2026,מדד מחירי תשומה בגידולים צמחיים ובבעלי חיים,173,מדד מחירי תשומה בחקלאות,e
400170,מספוא לבעלי חיים,TRUE,1/16/2021,4/27/2026,מדד מחירי תשומה בגידולים צמחיים ובבעלי חיים,173,מדד מחירי תשומה בחקלאות,e
400180,אפרוחים,TRUE,1/16/2021,4/27/2026,מדד מחירי תשומה בגידולים צמחיים ובבעלי חיים,173,מדד מחירי תשומה בחקלאות,e
400190,מים,TRUE,1/16/2021,4/27/2026,מדד מחירי תשומה בגידולים צמחיים ובבעלי חיים,173,מדד מחירי תשומה בחקלאות,e
400200,דלק שמנים וחשמל,TRUE,1/16/2021,4/27/2026,מדד מחירי תשומה בגידולים צמחיים ובבעלי חיים,173,מדד מחירי תשומה בחקלאות,e
400210,חומרי אריזה ואריזות,TRUE,1/16/2021,4/27/2026,מדד מחירי תשומה בגידולים צמחיים ובבעלי חיים,173,מדד מחירי תשומה בחקלאות,e
400220,חומרי בנייה למבנים חקלאיים,TRUE,1/16/2021,4/27/2026,מדד מחירי תשומה בגידולים צמחיים ובבעלי חיים,173,מדד מחירי תשומה בחקלאות,e
400230,ציוד,TRUE,1/16/2021,4/27/2026,מדד מחירי תשומה בגידולים צמחיים ובבעלי חיים,173,מדד מחירי תשומה בחקלאות,e
400240,רכב וחלפים,TRUE,1/16/2021,4/27/2026,מדד מחירי תשומה בגידולים צמחיים ובבעלי חיים,173,מדד מחירי תשומה בחקלאות,e
400250,הובלה שכורה,TRUE,1/16/2021,4/27/2026,מדד מחירי תשומה בגידולים צמחיים ובבעלי חיים,173,מדד מחירי תשומה בחקלאות,e
400260,שירותים וטרינריים ותרופות,TRUE,1/16/2021,4/27/2026,מדד מחירי תשומה בגידולים צמחיים ובבעלי חיים,173,מדד מחירי תשומה בחקלאות,e
400270,ביטוח,TRUE,1/16/2021,4/27/2026,מדד מחירי תשומה בגידולים צמחיים ובבעלי חיים,173,מדד מחירי תשומה בחקלאות,e
400280,מיסים אגרות,TRUE,1/16/2021,4/27/2026,מדד מחירי תשומה בגידולים צמחיים ובבעלי חיים,173,מדד מחירי תשומה בחקלאות,e
400290,חכירת קרקע,TRUE,1/16/2021,4/27/2026,מדד מחירי תשומה בגידולים צמחיים ובבעלי חיים,173,מדד מחירי תשומה בחקלאות,e
400300,שונות,TRUE,1/16/2021,4/27/2026,מדד מחירי תשומה בגידולים צמחיים ובבעלי חיים,173,מדד מחירי תשומה בחקלאות,e
400310,עלות עבודה שכירה,TRUE,1/16/2021,4/27/2026,מדד מחירי תשומה בגידולים צמחיים ובבעלי חיים,173,מדד מחירי תשומה בחקלאות,e
440010,מדד מחירי תשומה באוטובוסים - כללי (ללא שירותי דיור),TRUE,1/16/2005,4/27/2026,"מדד מחירי תשומה באוטובוסים של כלל האוכלוסייה, לפי קבוצה ראשית וקבוצה משנית",58,מדד מחירי תשומה באוטובוסים,f
440070,המדד ללא התמורה למשרות שכיר,TRUE,2/16/2007,4/27/2026,"מדד מחירי תשומה באוטובוסים של כלל האוכלוסייה, לפי קבוצה ראשית וקבוצה משנית",58,מדד מחירי תשומה באוטובוסים,f
440080,התמורה למשרות שכיר,TRUE,1/16/2005,4/27/2026,"מדד מחירי תשומה באוטובוסים של כלל האוכלוסייה, לפי קבוצה ראשית וקבוצה משנית",58,מדד מחירי תשומה באוטובוסים,f
440090,נהגים,TRUE,1/16/2005,4/27/2026,"מדד מחירי תשומה באוטובוסים של כלל האוכלוסייה, לפי קבוצה ראשית וקבוצה משנית",58,מדד מחירי תשומה באוטובוסים,f
440100,עובדי מנהל,TRUE,1/16/2005,4/27/2026,"מדד מחירי תשומה באוטובוסים של כלל האוכלוסייה, לפי קבוצה ראשית וקבוצה משנית",58,מדד מחירי תשומה באוטובוסים,f
440110,עובדי מוסך ושירותים,TRUE,1/16/2005,4/27/2026,"מדד מחירי תשומה באוטובוסים של כלל האוכלוסייה, לפי קבוצה ראשית וקבוצה משנית",58,מדד מחירי תשומה באוטובוסים,f
440140,"אנרגיה, שמנים ונוזלי קירור",TRUE,1/16/2005,4/27/2026,"מדד מחירי תשומה באוטובוסים של כלל האוכלוסייה, לפי קבוצה ראשית וקבוצה משנית",58,מדד מחירי תשומה באוטובוסים,f
440145,אנרגיה,TRUE,1/16/2020,4/27/2026,"מדד מחירי תשומה באוטובוסים של כלל האוכלוסייה, לפי קבוצה ראשית וקבוצה משנית",58,מדד מחירי תשומה באוטובוסים,f
440150,דלק,TRUE,1/16/2005,4/27/2026,"מדד מחירי תשומה באוטובוסים של כלל האוכלוסייה, לפי קבוצה ראשית וקבוצה משנית",58,מדד מחירי תשומה באוטובוסים,f
440155,אחר,TRUE,1/16/2020,4/27/2026,"מדד מחירי תשומה באוטובוסים של כלל האוכלוסייה, לפי קבוצה ראשית וקבוצה משנית",58,מדד מחירי תשומה באוטובוסים,f
440160,"שמנים, אוריאה ונוזלי קירור",TRUE,1/16/2005,4/27/2026,"מדד מחירי תשומה באוטובוסים של כלל האוכלוסייה, לפי קבוצה ראשית וקבוצה משנית",58,מדד מחירי תשומה באוטובוסים,f
440170,רכב,TRUE,1/16/2005,4/27/2026,"מדד מחירי תשומה באוטובוסים של כלל האוכלוסייה, לפי קבוצה ראשית וקבוצה משנית",58,מדד מחירי תשומה באוטובוסים,f
440180,אחזקת אוטובוסים,TRUE,1/16/2005,4/27/2026,"מדד מחירי תשומה באוטובוסים של כלל האוכלוסייה, לפי קבוצה ראשית וקבוצה משנית",58,מדד מחירי תשומה באוטובוסים,f
440200,חלפים (ללא צמיגים),TRUE,1/16/2005,4/27/2026,"מדד מחירי תשומה באוטובוסים של כלל האוכלוסייה, לפי קבוצה ראשית וקבוצה משנית",58,מדד מחירי תשומה באוטובוסים,f
440210,צמיגים,TRUE,1/16/2005,4/27/2026,"מדד מחירי תשומה באוטובוסים של כלל האוכלוסייה, לפי קבוצה ראשית וקבוצה משנית",58,מדד מחירי תשומה באוטובוסים,f
440220,תיקוני רכב,TRUE,1/16/2005,4/27/2026,"מדד מחירי תשומה באוטובוסים של כלל האוכלוסייה, לפי קבוצה ראשית וקבוצה משנית",58,מדד מחירי תשומה באוטובוסים,f
440260,אחזקת מבנים והוצאות משרד,TRUE,1/16/2005,4/27/2026,"מדד מחירי תשומה באוטובוסים של כלל האוכלוסייה, לפי קבוצה ראשית וקבוצה משנית",58,מדד מחירי תשומה באוטובוסים,f
440270,אחזקת מבנים,TRUE,1/16/2005,4/27/2026,"מדד מחירי תשומה באוטובוסים של כלל האוכלוסייה, לפי קבוצה ראשית וקבוצה משנית",58,מדד מחירי תשומה באוטובוסים,f
440275,שמירה וניקיון,TRUE,2/16/2007,4/27/2026,"מדד מחירי תשומה באוטובוסים של כלל האוכלוסייה, לפי קבוצה ראשית וקבוצה משנית",58,מדד מחירי תשומה באוטובוסים,f
440280,חשמל ומים,TRUE,1/16/2005,4/27/2026,"מדד מחירי תשומה באוטובוסים של כלל האוכלוסייה, לפי קבוצה ראשית וקבוצה משנית",58,מדד מחירי תשומה באוטובוסים,f
440290,תקשורת לסוגיה,TRUE,1/16/2005,4/27/2026,"מדד מחירי תשומה באוטובוסים של כלל האוכלוסייה, לפי קבוצה ראשית וקבוצה משנית",58,מדד מחירי תשומה באוטובוסים,f
440300,הוצאות משרדיות ונוספות,TRUE,1/16/2005,4/27/2026,"מדד מחירי תשומה באוטובוסים של כלל האוכלוסייה, לפי קבוצה ראשית וקבוצה משנית",58,מדד מחירי תשומה באוטובוסים,f
440330,"מסים, אגרות, רשיונות וביטוח",TRUE,1/16/2005,4/27/2026,"מדד מחירי תשומה באוטובוסים של כלל האוכלוסייה, לפי קבוצה ראשית וקבוצה משנית",58,מדד מחירי תשומה באוטובוסים,f
440335,"מיסים, אגרות ורשיונות",TRUE,1/16/2020,4/27/2026,"מדד מחירי תשומה באוטובוסים של כלל האוכלוסייה, לפי קבוצה ראשית וקבוצה משנית",58,מדד מחירי תשומה באוטובוסים,f
440340,מסים,TRUE,1/16/2005,4/27/2026,"מדד מחירי תשומה באוטובוסים של כלל האוכלוסייה, לפי קבוצה ראשית וקבוצה משנית",58,מדד מחירי תשומה באוטובוסים,f
440350,אגרות ורשיונות,TRUE,1/16/2005,4/27/2026,"מדד מחירי תשומה באוטובוסים של כלל האוכלוסייה, לפי קבוצה ראשית וקבוצה משנית",58,מדד מחירי תשומה באוטובוסים,f
440360,ביטוח,TRUE,1/16/2005,4/27/2026,"מדד מחירי תשומה באוטובוסים של כלל האוכלוסייה, לפי קבוצה ראשית וקבוצה משנית",58,מדד מחירי תשומה באוטובוסים,f
440370,"שונות (הנהח""ש, הוצאות משפטיות וכדו')",TRUE,1/16/2005,4/27/2026,"מדד מחירי תשומה באוטובוסים של כלל האוכלוסייה, לפי קבוצה ראשית וקבוצה משנית",58,מדד מחירי תשומה באוטובוסים,f
451010,מדד מחירי תשומה באוטובוסים בקווים קבועים  (ללא שירותי דיור),TRUE,1/16/2020,4/27/2026,מדד מחירי תשומה באוטובוסים בקווים קבועים  לפי קבוצה ראשית וקבוצה משנית,171,מדד מחירי תשומה באוטובוסים,f
451020,המדד ללא התמורה למשרות שכיר,TRUE,1/16/2020,4/27/2026,מדד מחירי תשומה באוטובוסים בקווים קבועים  לפי קבוצה ראשית וקבוצה משנית,171,מדד מחירי תשומה באוטובוסים,f
451030,התמורה למשרות שכיר,TRUE,1/16/2020,4/27/2026,מדד מחירי תשומה באוטובוסים בקווים קבועים  לפי קבוצה ראשית וקבוצה משנית,171,מדד מחירי תשומה באוטובוסים,f
451040,נהגים,TRUE,1/16/2020,4/27/2026,מדד מחירי תשומה באוטובוסים בקווים קבועים  לפי קבוצה ראשית וקבוצה משנית,171,מדד מחירי תשומה באוטובוסים,f
451050,עובדי מנהלה,TRUE,1/16/2020,4/27/2026,מדד מחירי תשומה באוטובוסים בקווים קבועים  לפי קבוצה ראשית וקבוצה משנית,171,מדד מחירי תשומה באוטובוסים,f
451060,עובדי מוסך ושירותים,TRUE,1/16/2020,4/27/2026,מדד מחירי תשומה באוטובוסים בקווים קבועים  לפי קבוצה ראשית וקבוצה משנית,171,מדד מחירי תשומה באוטובוסים,f
451070,"אנרגיה, שמנים ונוזלי קרור",TRUE,1/16/2020,4/27/2026,מדד מחירי תשומה באוטובוסים בקווים קבועים  לפי קבוצה ראשית וקבוצה משנית,171,מדד מחירי תשומה באוטובוסים,f
451080,אנרגיה,TRUE,1/16/2020,4/27/2026,מדד מחירי תשומה באוטובוסים בקווים קבועים  לפי קבוצה ראשית וקבוצה משנית,171,מדד מחירי תשומה באוטובוסים,f
451090,דלק,TRUE,1/16/2020,4/27/2026,מדד מחירי תשומה באוטובוסים בקווים קבועים  לפי קבוצה ראשית וקבוצה משנית,171,מדד מחירי תשומה באוטובוסים,f
451100,אחר,TRUE,1/16/2020,4/27/2026,מדד מחירי תשומה באוטובוסים בקווים קבועים  לפי קבוצה ראשית וקבוצה משנית,171,מדד מחירי תשומה באוטובוסים,f
451110,"שמנים, אוריאה ונוזלי קרור",TRUE,1/16/2020,4/27/2026,מדד מחירי תשומה באוטובוסים בקווים קבועים  לפי קבוצה ראשית וקבוצה משנית,171,מדד מחירי תשומה באוטובוסים,f
451120,רכב,TRUE,1/16/2020,4/27/2026,מדד מחירי תשומה באוטובוסים בקווים קבועים  לפי קבוצה ראשית וקבוצה משנית,171,מדד מחירי תשומה באוטובוסים,f
451130,אחזקת אוטובוסים,TRUE,1/16/2020,4/27/2026,מדד מחירי תשומה באוטובוסים בקווים קבועים  לפי קבוצה ראשית וקבוצה משנית,171,מדד מחירי תשומה באוטובוסים,f
451140,חלפים ללא צמיגים,TRUE,1/16/2020,4/27/2026,מדד מחירי תשומה באוטובוסים בקווים קבועים  לפי קבוצה ראשית וקבוצה משנית,171,מדד מחירי תשומה באוטובוסים,f
451150,צמיגים,TRUE,1/16/2020,4/27/2026,מדד מחירי תשומה באוטובוסים בקווים קבועים  לפי קבוצה ראשית וקבוצה משנית,171,מדד מחירי תשומה באוטובוסים,f
451160,תיקוני רכב,TRUE,1/16/2020,4/27/2026,מדד מחירי תשומה באוטובוסים בקווים קבועים  לפי קבוצה ראשית וקבוצה משנית,171,מדד מחירי תשומה באוטובוסים,f
451170,אחזקת מבנים והוצאות משרד,TRUE,1/16/2020,4/27/2026,מדד מחירי תשומה באוטובוסים בקווים קבועים  לפי קבוצה ראשית וקבוצה משנית,171,מדד מחירי תשומה באוטובוסים,f
451180,אחזקת מבנים,TRUE,1/16/2020,4/27/2026,מדד מחירי תשומה באוטובוסים בקווים קבועים  לפי קבוצה ראשית וקבוצה משנית,171,מדד מחירי תשומה באוטובוסים,f
451190,שמירה ונקיון,TRUE,1/16/2020,4/27/2026,מדד מחירי תשומה באוטובוסים בקווים קבועים  לפי קבוצה ראשית וקבוצה משנית,171,מדד מחירי תשומה באוטובוסים,f
451200,חשמל ומים,TRUE,1/16/2020,4/27/2026,מדד מחירי תשומה באוטובוסים בקווים קבועים  לפי קבוצה ראשית וקבוצה משנית,171,מדד מחירי תשומה באוטובוסים,f
451210,תקשורת לסוגיה,TRUE,1/16/2020,4/27/2026,מדד מחירי תשומה באוטובוסים בקווים קבועים  לפי קבוצה ראשית וקבוצה משנית,171,מדד מחירי תשומה באוטובוסים,f
451220,הוצאות משרדיות נוספות,TRUE,1/16/2020,4/27/2026,מדד מחירי תשומה באוטובוסים בקווים קבועים  לפי קבוצה ראשית וקבוצה משנית,171,מדד מחירי תשומה באוטובוסים,f
451230,"מיסים, אגרות, רישיונות ובטוח",TRUE,1/16/2020,4/27/2026,מדד מחירי תשומה באוטובוסים בקווים קבועים  לפי קבוצה ראשית וקבוצה משנית,171,מדד מחירי תשומה באוטובוסים,f
451240,מיסים אגרות ורשיונות,TRUE,1/16/2020,4/27/2026,מדד מחירי תשומה באוטובוסים בקווים קבועים  לפי קבוצה ראשית וקבוצה משנית,171,מדד מחירי תשומה באוטובוסים,f
451250,מיסים,TRUE,1/16/2020,4/27/2026,מדד מחירי תשומה באוטובוסים בקווים קבועים  לפי קבוצה ראשית וקבוצה משנית,171,מדד מחירי תשומה באוטובוסים,f
451260,אגרות ורישיונות,TRUE,1/16/2020,4/27/2026,מדד מחירי תשומה באוטובוסים בקווים קבועים  לפי קבוצה ראשית וקבוצה משנית,171,מדד מחירי תשומה באוטובוסים,f
451270,ביטוח,TRUE,1/16/2020,4/27/2026,מדד מחירי תשומה באוטובוסים בקווים קבועים  לפי קבוצה ראשית וקבוצה משנית,171,מדד מחירי תשומה באוטובוסים,f
451280,"שונות (הנהח""ש, הוצאות משפטיות וכדו')",TRUE,1/16/2020,4/27/2026,מדד מחירי תשומה באוטובוסים בקווים קבועים  לפי קבוצה ראשית וקבוצה משנית,171,מדד מחירי תשומה באוטובוסים,f
432010,מדד מחירי תשומה באוטובוסים זעירים ציבוריים - כללי (ללא שירותי דיור וללא התמורה למשרות שכיר),TRUE,1/16/2008,4/27/2026,מדד מחירי תשומה באוטובוסים זעירים ציבוריים אחוז שינוי חודשי ושנתי,115,מדד מחירי תשומה באוטובוסים זעירים ציבוריים,fa
432005,מדד מחירי תשומה באוטובוסים זעירים ציבוריים - כללי (ללא שירותי דיור),TRUE,5/16/2020,4/27/2026,מדד מחירי תשומה באוטובוסים זעירים ציבוריים אחוז שינוי חודשי ושנתי,115,מדד מחירי תשומה באוטובוסים זעירים ציבוריים,fa
432005,מדד מחירי תשומה באוטובוסים זעירים ציבוריים - כללי (ללא שירותי דיור),TRUE,5/16/2020,4/27/2026,"מדד מחירי תשומה באוטובוסים זעירים ציבוריים, לפי קבוצה ראשית וקבוצה משנית",116,מדד מחירי תשומה באוטובוסים זעירים ציבוריים,fa
432010,מדד מחירי תשומה באוטובוסים זעירים ציבוריים - כללי (ללא שירותי דיור וללא התמורה למשרות שכיר),TRUE,1/16/2008,4/27/2026,"מדד מחירי תשומה באוטובוסים זעירים ציבוריים, לפי קבוצה ראשית וקבוצה משנית",116,מדד מחירי תשומה באוטובוסים זעירים ציבוריים,fa
432030,מדד מחירי תשומה באוטובוסים זעירים ציבוריים - ללא דלקים,TRUE,1/16/2008,4/27/2026,"מדד מחירי תשומה באוטובוסים זעירים ציבוריים, לפי קבוצה ראשית וקבוצה משנית",116,מדד מחירי תשומה באוטובוסים זעירים ציבוריים,fa
432100,התמורה למשרות שכיר,TRUE,5/16/2020,4/27/2026,"מדד מחירי תשומה באוטובוסים זעירים ציבוריים, לפי קבוצה ראשית וקבוצה משנית",116,מדד מחירי תשומה באוטובוסים זעירים ציבוריים,fa
432110,נהגים,TRUE,5/16/2020,4/27/2026,"מדד מחירי תשומה באוטובוסים זעירים ציבוריים, לפי קבוצה ראשית וקבוצה משנית",116,מדד מחירי תשומה באוטובוסים זעירים ציבוריים,fa
432140,"דלק, שמנים ונוזלי קירור",TRUE,1/16/2008,4/27/2026,"מדד מחירי תשומה באוטובוסים זעירים ציבוריים, לפי קבוצה ראשית וקבוצה משנית",116,מדד מחירי תשומה באוטובוסים זעירים ציבוריים,fa
432150,דלק,TRUE,1/16/2008,4/27/2026,"מדד מחירי תשומה באוטובוסים זעירים ציבוריים, לפי קבוצה ראשית וקבוצה משנית",116,מדד מחירי תשומה באוטובוסים זעירים ציבוריים,fa
432160,"שמנים, אוריאה ונוזלי קירור",TRUE,1/16/2008,4/27/2026,"מדד מחירי תשומה באוטובוסים זעירים ציבוריים, לפי קבוצה ראשית וקבוצה משנית",116,מדד מחירי תשומה באוטובוסים זעירים ציבוריים,fa
432170,רכב,TRUE,1/16/2008,4/27/2026,"מדד מחירי תשומה באוטובוסים זעירים ציבוריים, לפי קבוצה ראשית וקבוצה משנית",116,מדד מחירי תשומה באוטובוסים זעירים ציבוריים,fa
432180,אחזקת אוטובוסים,TRUE,1/16/2008,4/27/2026,"מדד מחירי תשומה באוטובוסים זעירים ציבוריים, לפי קבוצה ראשית וקבוצה משנית",116,מדד מחירי תשומה באוטובוסים זעירים ציבוריים,fa
432200,חלפים ללא צמיגים,TRUE,1/16/2008,4/27/2026,"מדד מחירי תשומה באוטובוסים זעירים ציבוריים, לפי קבוצה ראשית וקבוצה משנית",116,מדד מחירי תשומה באוטובוסים זעירים ציבוריים,fa
432210,צמיגים,TRUE,1/16/2008,4/27/2026,"מדד מחירי תשומה באוטובוסים זעירים ציבוריים, לפי קבוצה ראשית וקבוצה משנית",116,מדד מחירי תשומה באוטובוסים זעירים ציבוריים,fa
432350,אגרות ורשיונות,TRUE,1/16/2008,4/27/2026,"מדד מחירי תשומה באוטובוסים זעירים ציבוריים, לפי קבוצה ראשית וקבוצה משנית",116,מדד מחירי תשומה באוטובוסים זעירים ציבוריים,fa
432360,ביטוח,TRUE,1/16/2008,4/27/2026,"מדד מחירי תשומה באוטובוסים זעירים ציבוריים, לפי קבוצה ראשית וקבוצה משנית",116,מדד מחירי תשומה באוטובוסים זעירים ציבוריים,fa
432370,"שונות (הנהלת חשבונות, הוצאות משפטיות וכו')",TRUE,1/16/2008,4/27/2026,"מדד מחירי תשומה באוטובוסים זעירים ציבוריים, לפי קבוצה ראשית וקבוצה משנית",116,מדד מחירי תשומה באוטובוסים זעירים ציבוריים,fa
