Code	Name	Monthly	From	To	Subject
120010	מדד המחירים לצרכן - כללי	true	1951-09-16	2026-04-27	"מדד המחירים לצרכן (כולל מע""מ), לפי קבוצות צריכה ראשיות"
120020	המדד ללא ירקות ופירות	true	1983-01-16	2026-04-27	"מדד המחירים לצרכן (כולל מע""מ), לפי קבוצות צריכה ראשיות"
110040	המדד ללא דיור	true	1983-01-16	2026-04-27	"מדד המחירים לצרכן (כולל מע""מ), לפי קבוצות צריכה ראשיות"
120030	המדד ללא ירקות ופירות וללא דיור	true	1983-01-16	2026-04-27	"מדד המחירים לצרכן (כולל מע""מ), לפי קבוצות צריכה ראשיות"
110045	המדד ללא אנרגיה	true	2007-01-16	2026-04-27	"מדד המחירים לצרכן (כולל מע""מ), לפי קבוצות צריכה ראשיות"
110050	מזון כולל ירקות ופירות	true	1983-01-16	2026-04-27	"מדד המחירים לצרכן (כולל מע""מ), לפי קבוצות צריכה ראשיות"
120050	מזון ללא ירקות ופירות	true	1983-01-16	2026-04-27	"מדד המחירים לצרכן (כולל מע""מ), לפי קבוצות צריכה ראשיות"
120040	ירקות ופירות	true	1983-01-16	2026-04-27	"מדד המחירים לצרכן (כולל מע""מ), לפי קבוצות צריכה ראשיות"
120450	דיור	true	1983-01-16	2026-04-27	"מדד המחירים לצרכן (כולל מע""מ), לפי קבוצות צריכה ראשיות"
120520	תחזוקת הדירה	true	1983-01-16	2026-04-27	"מדד המחירים לצרכן (כולל מע""מ), לפי קבוצות צריכה ראשיות"
120660	ריהוט וציוד לבית	true	1983-01-16	2026-04-27	"מדד המחירים לצרכן (כולל מע""מ), לפי קבוצות צריכה ראשיות"
120850	הלבשה והנעלה	true	1983-01-16	2026-04-27	"מדד המחירים לצרכן (כולל מע""מ), לפי קבוצות צריכה ראשיות"
121230	בריאות	true	1983-01-16	2026-04-27	"מדד המחירים לצרכן (כולל מע""מ), לפי קבוצות צריכה ראשיות"
121050	חינוך, תרבות ובידור	true	1983-01-16	2026-04-27	"מדד המחירים לצרכן (כולל מע""מ), לפי קבוצות צריכה ראשיות"
121320	תחבורה ותקשורת	true	1983-01-16	2026-04-27	"מדד המחירים לצרכן (כולל מע""מ), לפי קבוצות צריכה ראשיות"
121430	שונות	true	1983-01-16	2026-04-27	"מדד המחירים לצרכן (כולל מע""מ), לפי קבוצות צריכה ראשיות"
120060	לחם, דגנים ומוצרי בצק	true	1983-01-16	2026-04-27	"מדד המחירים לצרכן (כולל מע""מ), לפי קבוצות צריכה ראשיות וקבוצות משניות"
120070	לחם	true	1983-01-16	2026-04-27	"מדד המחירים לצרכן (כולל מע""מ), לפי קבוצות צריכה ראשיות וקבוצות משניות"
120080	ביסקוויטים, עוגות וכדומה	true	1983-01-16	2026-04-27	"מדד המחירים לצרכן (כולל מע""מ), לפי קבוצות צריכה ראשיות וקבוצות משניות"
120090	קמח	true	1983-01-16	2026-04-27	"מדד המחירים לצרכן (כולל מע""מ), לפי קבוצות צריכה ראשיות וקבוצות משניות"
120100	מוצרי בצק	true	1983-01-16	2026-04-27	"מדד המחירים לצרכן (כולל מע""מ), לפי קבוצות צריכה ראשיות וקבוצות משניות"
120110	קטניות ומוצרי דגן	true	1983-01-16	2026-04-27	"מדד המחירים לצרכן (כולל מע""מ), לפי קבוצות צריכה ראשיות וקבוצות משניות"
120130	בשר, עופות, דגים ומוצריהם	true	1983-01-16	2026-04-27	"מדד המחירים לצרכן (כולל מע""מ), לפי קבוצות צריכה ראשיות וקבוצות משניות"
120140	בשר בקר	true	1983-01-16	2026-04-27	"מדד המחירים לצרכן (כולל מע""מ), לפי קבוצות צריכה ראשיות וקבוצות משניות"
120150	בשר בהמה אחר:  כבש וחזיר	true	1983-01-16	2026-04-27	"מדד המחירים לצרכן (כולל מע""מ), לפי קבוצות צריכה ראשיות וקבוצות משניות"
120160	עופות	true	1983-01-16	2026-04-27	"מדד המחירים לצרכן (כולל מע""מ), לפי קבוצות צריכה ראשיות וקבוצות משניות"
120170	בשר משומר ומעובד	true	1983-01-16	2026-04-27	"מדד המחירים לצרכן (כולל מע""מ), לפי קבוצות צריכה ראשיות וקבוצות משניות"
120180	דגים	true	1983-01-16	2026-04-27	"מדד המחירים לצרכן (כולל מע""מ), לפי קבוצות צריכה ראשיות וקבוצות משניות"
120190	שימורי דגים ודגים מעובדים	true	1983-01-16	2026-04-27	"מדד המחירים לצרכן (כולל מע""מ), לפי קבוצות צריכה ראשיות וקבוצות משניות"
120200	שמנים ומרגרינה	true	1983-01-16	2026-04-27	"מדד המחירים לצרכן (כולל מע""מ), לפי קבוצות צריכה ראשיות וקבוצות משניות"
120210	שמנים	true	1983-01-16	2026-04-27	"מדד המחירים לצרכן (כולל מע""מ), לפי קבוצות צריכה ראשיות וקבוצות משניות"
120220	מרגרינה	true	1983-01-16	2026-04-27	"מדד המחירים לצרכן (כולל מע""מ), לפי קבוצות צריכה ראשיות וקבוצות משניות"
120230	חלב ומוצרי חלב	true	1983-01-16	2026-04-27	"מדד המחירים לצרכן (כולל מע""מ), לפי קבוצות צריכה ראשיות וקבוצות משניות"
120240	חלב	true	1983-01-16	2026-04-27	"מדד המחירים לצרכן (כולל מע""מ), לפי קבוצות צריכה ראשיות וקבוצות משניות"
120250	לבן, יוגורט ומעדני חלב	true	1983-01-16	2026-04-27	"מדד המחירים לצרכן (כולל מע""מ), לפי קבוצות צריכה ראשיות וקבוצות משניות"
120260	שמנת	true	1983-01-16	2026-04-27	"מדד המחירים לצרכן (כולל מע""מ), לפי קבוצות צריכה ראשיות וקבוצות משניות"
120270	חמאה	true	1983-01-16	2026-04-27	"מדד המחירים לצרכן (כולל מע""מ), לפי קבוצות צריכה ראשיות וקבוצות משניות"
120280	גבינה	true	1983-01-16	2026-04-27	"מדד המחירים לצרכן (כולל מע""מ), לפי קבוצות צריכה ראשיות וקבוצות משניות"
120285	גלידות	true	1988-01-16	2026-04-27	"מדד המחירים לצרכן (כולל מע""מ), לפי קבוצות צריכה ראשיות וקבוצות משניות"
120120	ביצים	true	1983-01-16	2026-04-27	"מדד המחירים לצרכן (כולל מע""מ), לפי קבוצות צריכה ראשיות וקבוצות משניות"
120370	סוכר, ריבה וממתקים	true	1983-01-16	2026-04-27	"מדד המחירים לצרכן (כולל מע""מ), לפי קבוצות צריכה ראשיות וקבוצות משניות"
120380	סוכר ותחליפיו	true	1983-01-16	2026-04-27	"מדד המחירים לצרכן (כולל מע""מ), לפי קבוצות צריכה ראשיות וקבוצות משניות"
120390	ריבה, דבש וכדומה	true	1983-01-16	2026-04-27	"מדד המחירים לצרכן (כולל מע""מ), לפי קבוצות צריכה ראשיות וקבוצות משניות"
120400	ממתקים ושוקולד	true	1983-01-16	2026-04-27	"מדד המחירים לצרכן (כולל מע""מ), לפי קבוצות צריכה ראשיות וקבוצות משניות"
120340	משקאות	true	1983-01-16	2026-04-27	"מדד המחירים לצרכן (כולל מע""מ), לפי קבוצות צריכה ראשיות וקבוצות משניות"
120350	משקאות קלים	true	1983-01-16	2026-04-27	"מדד המחירים לצרכן (כולל מע""מ), לפי קבוצות צריכה ראשיות וקבוצות משניות"
120360	משקאות אלכוהולים	true	1983-01-16	2026-04-27	"מדד המחירים לצרכן (כולל מע""מ), לפי קבוצות צריכה ראשיות וקבוצות משניות"
120290	מוצרי מזון שונים	true	1983-01-16	2026-04-27	"מדד המחירים לצרכן (כולל מע""מ), לפי קבוצות צריכה ראשיות וקבוצות משניות"
120300	תבלינים, רטבים, מוצרים לעוגה ומזון לתינוקות	true	1983-01-16	2026-04-27	"מדד המחירים לצרכן (כולל מע""מ), לפי קבוצות צריכה ראשיות וקבוצות משניות"
120310	תה	true	1983-01-16	2026-04-27	"מדד המחירים לצרכן (כולל מע""מ), לפי קבוצות צריכה ראשיות וקבוצות משניות"
120320	קפה	true	1983-01-16	2026-04-27	"מדד המחירים לצרכן (כולל מע""מ), לפי קבוצות צריכה ראשיות וקבוצות משניות"
120330	קקאו	true	1983-01-16	2026-04-27	"מדד המחירים לצרכן (כולל מע""מ), לפי קבוצות צריכה ראשיות וקבוצות משניות"
150315	סלטים מוכנים	true	1994-01-16	2026-04-27	"מדד המחירים לצרכן (כולל מע""מ), לפי קבוצות צריכה ראשיות וקבוצות משניות"
120410	ארוחות מחוץ לבית	true	1983-01-16	2026-04-27	"מדד המחירים לצרכן (כולל מע""מ), לפי קבוצות צריכה ראשיות וקבוצות משניות"
120420	ארוחות בעבודה	true	1983-01-16	2026-04-27	"מדד המחירים לצרכן (כולל מע""מ), לפי קבוצות צריכה ראשיות וקבוצות משניות"
120430	ארוחות במסעדות ובבתי קפה	true	1983-01-16	2026-04-27	"מדד המחירים לצרכן (כולל מע""מ), לפי קבוצות צריכה ראשיות וקבוצות משניות"
120440	מצרכים בקיוסקים ובחנויות נוחות	true	1983-01-16	2026-04-27	"מדד המחירים לצרכן (כולל מע""מ), לפי קבוצות צריכה ראשיות וקבוצות משניות"
120042	ירקות טריים	true	1983-01-16	2026-04-27	"מדד המחירים לצרכן (כולל מע""מ), לפי קבוצות צריכה ראשיות וקבוצות משניות"
120043	פירות טריים	true	1983-01-16	2026-04-27	"מדד המחירים לצרכן (כולל מע""מ), לפי קבוצות צריכה ראשיות וקבוצות משניות"
120046	ירקות קפואים, כבושים ומשומרים	true	1987-01-16	2026-04-27	"מדד המחירים לצרכן (כולל מע""מ), לפי קבוצות צריכה ראשיות וקבוצות משניות"
120047	פירות יבשים, משומרים וקפואים	true	1987-01-16	2026-04-27	"מדד המחירים לצרכן (כולל מע""מ), לפי קבוצות צריכה ראשיות וקבוצות משניות"
120490	שירותי דיור בבעלות הדיירים	true	1983-01-16	2026-04-27	"מדד המחירים לצרכן (כולל מע""מ), לפי קבוצות צריכה ראשיות וקבוצות משניות"
120460	שכר דירה פרטי, ציבורי ושכירות ארוכת טווח בפיקוח ממשלתי	true	1983-01-16	2026-04-27	"מדד המחירים לצרכן (כולל מע""מ), לפי קבוצות צריכה ראשיות וקבוצות משניות"
120510	הוצאות דיור אחרות, כגון תיווך, עריכת חוזים וביטוח	true	1983-01-16	2026-04-27	"מדד המחירים לצרכן (כולל מע""מ), לפי קבוצות צריכה ראשיות וקבוצות משניות"
120580	חשמל, גז, מים וכדומה	true	1983-01-16	2026-04-27	"מדד המחירים לצרכן (כולל מע""מ), לפי קבוצות צריכה ראשיות וקבוצות משניות"
120590	חשמל לצריכה ביתית	true	1983-01-16	2026-04-27	"מדד המחירים לצרכן (כולל מע""מ), לפי קבוצות צריכה ראשיות וקבוצות משניות"
120600	גז לצריכה ביתית	true	1983-01-16	2026-04-27	"מדד המחירים לצרכן (כולל מע""מ), לפי קבוצות צריכה ראשיות וקבוצות משניות"
120610	נפט וסולר לחימום הדירה	true	1983-01-16	2026-04-27	"מדד המחירים לצרכן (כולל מע""מ), לפי קבוצות צריכה ראשיות וקבוצות משניות"
120620	שירותי מים וביוב לצריכה ביתית	true	1983-01-16	2026-04-27	"מדד המחירים לצרכן (כולל מע""מ), לפי קבוצות צריכה ראשיות וקבוצות משניות"
120550	תחזוקה ושיפור הבית	true	1983-01-16	2026-04-27	"מדד המחירים לצרכן (כולל מע""מ), לפי קבוצות צריכה ראשיות וקבוצות משניות"
120560	צביעה, סיוד וכדומה	true	1983-01-16	2026-04-27	"מדד המחירים לצרכן (כולל מע""מ), לפי קבוצות צריכה ראשיות וקבוצות משניות"
120570	תיקונים, שיפוצים ותחזוקת הדירה	true	1983-01-16	2026-04-27	"מדד המחירים לצרכן (כולל מע""מ), לפי קבוצות צריכה ראשיות וקבוצות משניות"
120630	חומרים ומוצרים לתחזוקת משק הבית	true	1983-01-16	2026-04-27	"מדד המחירים לצרכן (כולל מע""מ), לפי קבוצות צריכה ראשיות וקבוצות משניות"
120780	כלים שונים לנקיון ותחזוקת הבית	true	1983-01-16	2026-04-27	"מדד המחירים לצרכן (כולל מע""מ), לפי קבוצות צריכה ראשיות וקבוצות משניות"
120640	חומרי כביסה, ניקוי והדברה	true	1983-01-16	2026-04-27	"מדד המחירים לצרכן (כולל מע""מ), לפי קבוצות צריכה ראשיות וקבוצות משניות"
120650	צורכי משק בית אחרים	true	1983-01-16	2026-04-27	"מדד המחירים לצרכן (כולל מע""מ), לפי קבוצות צריכה ראשיות וקבוצות משניות"
120530	מסים עירוניים	true	1983-01-16	2026-04-27	"מדד המחירים לצרכן (כולל מע""מ), לפי קבוצות צריכה ראשיות וקבוצות משניות"
120540	עזרה בבית	true	1983-01-16	2026-04-27	"מדד המחירים לצרכן (כולל מע""מ), לפי קבוצות צריכה ראשיות וקבוצות משניות"
120670	ריהוט	true	1983-01-16	2026-04-27	"מדד המחירים לצרכן (כולל מע""מ), לפי קבוצות צריכה ראשיות וקבוצות משניות"
120680	ארונות, מזנונים, כונניות, שידות וכדומה	true	1983-01-16	2026-04-27	"מדד המחירים לצרכן (כולל מע""מ), לפי קבוצות צריכה ראשיות וקבוצות משניות"
120690	ספות, כורסאות, מיטות ומזרנים	true	1983-01-16	2026-04-27	"מדד המחירים לצרכן (כולל מע""מ), לפי קבוצות צריכה ראשיות וקבוצות משניות"
120700	שולחנות, כסאות ופינות אוכל	true	1983-01-16	2026-04-27	"מדד המחירים לצרכן (כולל מע""מ), לפי קבוצות צריכה ראשיות וקבוצות משניות"
120704	ריהוט וציוד לתינוק	true	1999-01-16	2026-04-27	"מדד המחירים לצרכן (כולל מע""מ), לפי קבוצות צריכה ראשיות וקבוצות משניות"
120706	ריהוט לגן ולמרפסת	true	1999-01-16	2026-04-27	"מדד המחירים לצרכן (כולל מע""מ), לפי קבוצות צריכה ראשיות וקבוצות משניות"
120810	ציוד חשמלי לבית	true	1983-01-16	2026-04-27	"מדד המחירים לצרכן (כולל מע""מ), לפי קבוצות צריכה ראשיות וקבוצות משניות"
120815	ציוד חשמלי גדול	true	1999-01-16	2026-04-27	"מדד המחירים לצרכן (כולל מע""מ), לפי קבוצות צריכה ראשיות וקבוצות משניות"
120840	ציוד חשמלי אחר למטבח ולבית כגון מיקרוגל ושואב אבק	true	1983-01-16	2026-04-27	"מדד המחירים לצרכן (כולל מע""מ), לפי קבוצות צריכה ראשיות וקבוצות משניות"
120844	ציוד חשמלי לחימום וקירור הבית	true	1999-01-16	2026-04-27	"מדד המחירים לצרכן (כולל מע""מ), לפי קבוצות צריכה ראשיות וקבוצות משניות"
120846	שירות תיקונים למוצרי חשמל ביתיים	true	1999-01-16	2026-04-27	"מדד המחירים לצרכן (כולל מע""מ), לפי קבוצות צריכה ראשיות וקבוצות משניות"
120750	כלי אוכל, בישול ואפייה	true	1983-01-16	2026-04-27	"מדד המחירים לצרכן (כולל מע""מ), לפי קבוצות צריכה ראשיות וקבוצות משניות"
120790	כלי אוכל	true	1983-01-16	2026-04-27	"מדד המחירים לצרכן (כולל מע""מ), לפי קבוצות צריכה ראשיות וקבוצות משניות"
120800	כלי בישול ואפייה	true	1983-01-16	2026-04-27	"מדד המחירים לצרכן (כולל מע""מ), לפי קבוצות צריכה ראשיות וקבוצות משניות"
120720	כלי מיטה וחפצי קישוט לבית	true	1983-01-16	2026-04-27	"מדד המחירים לצרכן (כולל מע""מ), לפי קבוצות צריכה ראשיות וקבוצות משניות"
120730	כלי מיטה ומגבות	true	1983-01-16	2026-04-27	"מדד המחירים לצרכן (כולל מע""מ), לפי קבוצות צריכה ראשיות וקבוצות משניות"
120740	חפצי קישוט לבית	true	1983-01-16	2026-04-27	"מדד המחירים לצרכן (כולל מע""מ), לפי קבוצות צריכה ראשיות וקבוצות משניות"
120860	הלבשה	true	1983-01-16	2026-04-27	"מדד המחירים לצרכן (כולל מע""מ), לפי קבוצות צריכה ראשיות וקבוצות משניות"
120870	הלבשה עליונה  לגברים	true	1983-01-16	2026-04-27	"מדד המחירים לצרכן (כולל מע""מ), לפי קבוצות צריכה ראשיות וקבוצות משניות"
120880	הלבשה עליונה  לנשים	true	1983-01-16	2026-04-27	"מדד המחירים לצרכן (כולל מע""מ), לפי קבוצות צריכה ראשיות וקבוצות משניות"
120890	הלבשה עליונה לילדים,  ילדות ותינוקות	true	1983-01-16	2026-04-27	"מדד המחירים לצרכן (כולל מע""מ), לפי קבוצות צריכה ראשיות וקבוצות משניות"
120900	הלבשה תחתונה  לגברים	true	1983-01-16	2026-04-27	"מדד המחירים לצרכן (כולל מע""מ), לפי קבוצות צריכה ראשיות וקבוצות משניות"
120910	הלבשה תחתונה  ובגדי שינה לנשים	true	1983-01-16	2026-04-27	"מדד המחירים לצרכן (כולל מע""מ), לפי קבוצות צריכה ראשיות וקבוצות משניות"
120920	הלבשה תחתונה ובגדי שינה לילדים/ות	true	1983-01-16	2026-04-27	"מדד המחירים לצרכן (כולל מע""מ), לפי קבוצות צריכה ראשיות וקבוצות משניות"
120930	גרביים לגבר	true	1983-01-16	2026-04-27	"מדד המחירים לצרכן (כולל מע""מ), לפי קבוצות צריכה ראשיות וקבוצות משניות"
120940	גרביים לאישה	true	1983-01-16	2026-04-27	"מדד המחירים לצרכן (כולל מע""מ), לפי קבוצות צריכה ראשיות וקבוצות משניות"
120950	גרביים לילדים, ילדות ותינוקות	true	1983-01-16	2026-04-27	"מדד המחירים לצרכן (כולל מע""מ), לפי קבוצות צריכה ראשיות וקבוצות משניות"
120960	צורכי הלבשה שונים	true	1983-01-16	2026-04-27	"מדד המחירים לצרכן (כולל מע""מ), לפי קבוצות צריכה ראשיות וקבוצות משניות"
120965	בגדי ספורט והתעמלות	true	2005-01-16	2026-04-27	"מדד המחירים לצרכן (כולל מע""מ), לפי קבוצות צריכה ראשיות וקבוצות משניות"
120970	בדים, שירותי תפירה וחומרי עזר	true	1983-01-16	2026-04-27	"מדד המחירים לצרכן (כולל מע""מ), לפי קבוצות צריכה ראשיות וקבוצות משניות"
120990	ניקוי בגדים וכביסה מחוץ לבית	true	1983-01-16	2026-04-27	"מדד המחירים לצרכן (כולל מע""מ), לפי קבוצות צריכה ראשיות וקבוצות משניות"
121000	הנעלה	true	1983-01-16	2026-04-27	"מדד המחירים לצרכן (כולל מע""מ), לפי קבוצות צריכה ראשיות וקבוצות משניות"
121010	הנעלה לגברים	true	1983-01-16	2026-04-27	"מדד המחירים לצרכן (כולל מע""מ), לפי קבוצות צריכה ראשיות וקבוצות משניות"
121020	הנעלה לנשים	true	1983-01-16	2026-04-27	"מדד המחירים לצרכן (כולל מע""מ), לפי קבוצות צריכה ראשיות וקבוצות משניות"
121030	הנעלה לילדים, ילדות ותינוקות	true	1983-01-16	2026-04-27	"מדד המחירים לצרכן (כולל מע""מ), לפי קבוצות צריכה ראשיות וקבוצות משניות"
121040	תיקוני נעליים	true	1983-01-16	2026-04-27	"מדד המחירים לצרכן (כולל מע""מ), לפי קבוצות צריכה ראשיות וקבוצות משניות"
121240	שירותים רפואיים	true	1983-01-16	2026-04-27	"מדד המחירים לצרכן (כולל מע""מ), לפי קבוצות צריכה ראשיות וקבוצות משניות"
121250	שירותי ביטוח  בריאות בקופות חולים  ובחברות ביטוח	true	1983-01-16	2026-04-27	"מדד המחירים לצרכן (כולל מע""מ), לפי קבוצות צריכה ראשיות וקבוצות משניות"
121260	שירות רפואי פרטי	true	1983-01-16	2026-04-27	"מדד המחירים לצרכן (כולל מע""מ), לפי קבוצות צריכה ראשיות וקבוצות משניות"
121270	ריפוי שיניים	true	1983-01-16	2026-04-27	"מדד המחירים לצרכן (כולל מע""מ), לפי קבוצות צריכה ראשיות וקבוצות משניות"
121280	תרופות ועזרים רפואיים	true	1983-01-16	2026-04-27	"מדד המחירים לצרכן (כולל מע""מ), לפי קבוצות צריכה ראשיות וקבוצות משניות"
121290	תרופות וצורכי רפואה שונים	true	1985-01-16	2026-04-27	"מדד המחירים לצרכן (כולל מע""מ), לפי קבוצות צריכה ראשיות וקבוצות משניות"
121300	משקפיים ומוצרי אופטיקה	true	1983-01-16	2026-04-27	"מדד המחירים לצרכן (כולל מע""מ), לפי קבוצות צריכה ראשיות וקבוצות משניות"
121060	שירותי חינוך	true	1983-01-16	2026-04-27	"מדד המחירים לצרכן (כולל מע""מ), לפי קבוצות צריכה ראשיות וקבוצות משניות"
121070	חינוך קדם יסודי	true	1983-01-16	2026-04-27	"מדד המחירים לצרכן (כולל מע""מ), לפי קבוצות צריכה ראשיות וקבוצות משניות"
121080	חינוך יסודי	true	1983-01-16	2026-04-27	"מדד המחירים לצרכן (כולל מע""מ), לפי קבוצות צריכה ראשיות וקבוצות משניות"
121090	חינוך על יסודי	true	1983-01-16	2026-04-27	"מדד המחירים לצרכן (כולל מע""מ), לפי קבוצות צריכה ראשיות וקבוצות משניות"
121100	חינוך גבוה, אקדמי	true	1983-01-16	2026-04-27	"מדד המחירים לצרכן (כולל מע""מ), לפי קבוצות צריכה ראשיות וקבוצות משניות"
121110	הכשרה מקצועית, קורסי העשרה  ופנאי וחינוך על תיכוני	true	1983-01-16	2026-04-27	"מדד המחירים לצרכן (כולל מע""מ), לפי קבוצות צריכה ראשיות וקבוצות משניות"
121120	ספרים וציוד לימודים	true	1983-01-16	2026-04-27	"מדד המחירים לצרכן (כולל מע""מ), לפי קבוצות צריכה ראשיות וקבוצות משניות"
121130	תרבות ובידור	true	1983-01-16	2026-04-27	"מדד המחירים לצרכן (כולל מע""מ), לפי קבוצות צריכה ראשיות וקבוצות משניות"
121140	עיתונים, שבועונים וירחונים	true	1983-01-16	2026-04-27	"מדד המחירים לצרכן (כולל מע""מ), לפי קבוצות צריכה ראשיות וקבוצות משניות"
121150	ספרי קריאה ועיון	true	1983-01-16	2026-04-27	"מדד המחירים לצרכן (כולל מע""מ), לפי קבוצות צריכה ראשיות וקבוצות משניות"
121160	צורכי דת	true	1983-01-16	2026-04-27	"מדד המחירים לצרכן (כולל מע""מ), לפי קבוצות צריכה ראשיות וקבוצות משניות"
121180	הצגות, קונצרטים,  מופעי ספורט,  קולנוע וכדומה	true	1983-01-16	2026-04-27	"מדד המחירים לצרכן (כולל מע""מ), לפי קבוצות צריכה ראשיות וקבוצות משניות"
121190	הארחה, נופש  וטיולים	true	1983-01-16	2026-04-27	"מדד המחירים לצרכן (כולל מע""מ), לפי קבוצות צריכה ראשיות וקבוצות משניות"
121200	מוצרי חשמל בידוריים	true	1983-01-16	2026-04-27	"מדד המחירים לצרכן (כולל מע""מ), לפי קבוצות צריכה ראשיות וקבוצות משניות"
121210	תחביבים	true	1983-01-16	2026-04-27	"מדד המחירים לצרכן (כולל מע""מ), לפי קבוצות צריכה ראשיות וקבוצות משניות"
121220	צעצועים לילדים ונוער	true	1983-01-16	2026-04-27	"מדד המחירים לצרכן (כולל מע""מ), לפי קבוצות צריכה ראשיות וקבוצות משניות"
121225	עריכת מסיבות ואירועים	true	1999-01-16	2026-04-27	"מדד המחירים לצרכן (כולל מע""מ), לפי קבוצות צריכה ראשיות וקבוצות משניות"
121330	תחבורה	true	1983-01-16	2026-04-27	"מדד המחירים לצרכן (כולל מע""מ), לפי קבוצות צריכה ראשיות וקבוצות משניות"
121335	נסיעה בתחבורה ציבורית	true	2003-01-16	2026-04-27	"מדד המחירים לצרכן (כולל מע""מ), לפי קבוצות צריכה ראשיות וקבוצות משניות"
121390	"הוצאות על נסיעות לחו""ל  וטיסות בארץ"	true	1983-01-16	2026-04-27	"מדד המחירים לצרכן (כולל מע""מ), לפי קבוצות צריכה ראשיות וקבוצות משניות"
121360	רכב פרטי ואחזקתו	true	1983-01-16	2026-04-27	"מדד המחירים לצרכן (כולל מע""מ), לפי קבוצות צריכה ראשיות וקבוצות משניות"
121370	שיעורי נהיגה, שכירת כלי תחבורה וכדומה	true	1983-01-16	2026-04-27	"מדד המחירים לצרכן (כולל מע""מ), לפי קבוצות צריכה ראשיות וקבוצות משניות"
121400	תקשורת	true	1983-01-16	2026-04-27	"מדד המחירים לצרכן (כולל מע""מ), לפי קבוצות צריכה ראשיות וקבוצות משניות"
121410	שירותי טלפון, אינטרנט,  טלוויזיה ומוצרי תקשורת	true	1983-01-16	2026-04-27	"מדד המחירים לצרכן (כולל מע""מ), לפי קבוצות צריכה ראשיות וקבוצות משניות"
121420	שירותי דואר	true	1983-01-16	2026-04-27	"מדד המחירים לצרכן (כולל מע""מ), לפי קבוצות צריכה ראשיות וקבוצות משניות"
121440	סיגריות וטבק	true	1983-01-16	2026-04-27	"מדד המחירים לצרכן (כולל מע""מ), לפי קבוצות צריכה ראשיות וקבוצות משניות"
121450	טיפולים אישיים ומוצרי קוסמטיקה	true	1983-01-16	2026-04-27	"מדד המחירים לצרכן (כולל מע""מ), לפי קבוצות צריכה ראשיות וקבוצות משניות"
121460	תספורת ומכון יופי	true	1983-01-16	2026-04-27	"מדד המחירים לצרכן (כולל מע""מ), לפי קבוצות צריכה ראשיות וקבוצות משניות"
121470	צורכי רחצה וקוסמטיקה	true	1983-01-16	2026-04-27	"מדד המחירים לצרכן (כולל מע""מ), לפי קבוצות צריכה ראשיות וקבוצות משניות"
121482	מוצרים ואביזרים לטיפול בתינוק	true	2014-01-16	2026-04-27	"מדד המחירים לצרכן (כולל מע""מ), לפי קבוצות צריכה ראשיות וקבוצות משניות"
121484	שירותים משפטיים, אגרות, קנסות ושירותי בנק	true	2022-01-16	2026-04-27	"מדד המחירים לצרכן (כולל מע""מ), לפי קבוצות צריכה ראשיות וקבוצות משניות"
121480	שירותים משפטיים	true	1983-01-16	2026-04-27	"מדד המחירים לצרכן (כולל מע""מ), לפי קבוצות צריכה ראשיות וקבוצות משניות"
121486	שירותים פיננסים ואחרים	true	2022-01-16	2026-04-27	"מדד המחירים לצרכן (כולל מע""מ), לפי קבוצות צריכה ראשיות וקבוצות משניות"
121487	מוצרים אישיים ומשלימים כגון: תכשיטים, שעונים ותיקים	true	2022-01-16	2026-04-27	"מדד המחירים לצרכן (כולל מע""מ), לפי קבוצות צריכה ראשיות וקבוצות משניות"
121489	תכשיטים שעונים ואביזרי אופנה	true	2022-01-16	2026-04-27	"מדד המחירים לצרכן (כולל מע""מ), לפי קבוצות צריכה ראשיות וקבוצות משניות"
121520	תיקים, מזוודות ,ילקוטים וארנקים	true	1983-01-16	2026-04-27	"מדד המחירים לצרכן (כולל מע""מ), לפי קבוצות צריכה ראשיות וקבוצות משניות"
130010	מדד המחירים לצרכן - כללי	true	1983-01-16	2026-04-27	"מדד המחירים לצרכן (כולל מע""מ), לפי ענפי משק"
130015	המדד ללא תוצרת חקלאית	true	1983-01-16	2026-04-27	"מדד המחירים לצרכן (כולל מע""מ), לפי ענפי משק"
130020	תוצרת חקלאית	true	1983-01-16	2026-04-27	"מדד המחירים לצרכן (כולל מע""מ), לפי ענפי משק"
130030	ירקות, פירות וגידולי שדה	true	1983-01-16	2026-04-27	"מדד המחירים לצרכן (כולל מע""מ), לפי ענפי משק"
130040	דגים ותוצרת בעלי חיים	true	1983-01-16	2026-04-27	"מדד המחירים לצרכן (כולל מע""מ), לפי ענפי משק"
130050	תוצרת תעשייתית	true	1983-01-16	2026-04-27	"מדד המחירים לצרכן (כולל מע""מ), לפי ענפי משק"
130060	מזון, משקאות וטבק	true	1983-01-16	2026-04-27	"מדד המחירים לצרכן (כולל מע""מ), לפי ענפי משק"
130070	חלב ומוצריו	true	1983-01-16	2026-04-27	"מדד המחירים לצרכן (כולל מע""מ), לפי ענפי משק"
130080	בשר ודגים משומרים וקפואים	true	1983-01-16	2026-04-27	"מדד המחירים לצרכן (כולל מע""מ), לפי ענפי משק"
130090	קמח, לחם, דברי מאפה ומוצרי בצק	true	1983-01-16	2026-04-27	"מדד המחירים לצרכן (כולל מע""מ), לפי ענפי משק"
130100	בשר ובשר עוף טרי	true	1983-01-16	2026-04-27	"מדד המחירים לצרכן (כולל מע""מ), לפי ענפי משק"
130110	יתר מזון וטבק	true	1983-01-16	2026-04-27	"מדד המחירים לצרכן (כולל מע""מ), לפי ענפי משק"
130120	עץ ומוצריו	true	1983-01-16	2026-04-27	"מדד המחירים לצרכן (כולל מע""מ), לפי ענפי משק"
130130	הלבשה ומוצרי טקסטיל	true	1983-01-16	2026-04-27	"מדד המחירים לצרכן (כולל מע""מ), לפי ענפי משק"
130140	הנעלה ומוצרי עור, גומי ופלסטיקה	true	1983-01-16	2026-04-27	"מדד המחירים לצרכן (כולל מע""מ), לפי ענפי משק"
130150	מוצרים כימיים ומוצרי נפט	true	1983-01-16	2026-04-27	"מדד המחירים לצרכן (כולל מע""מ), לפי ענפי משק"
130160	מוצרי מתכת, מכונות, כלי הובלה ומוצרי חשמל	true	1983-01-16	2026-04-27	"מדד המחירים לצרכן (כולל מע""מ), לפי ענפי משק"
130170	תעשיות שונות, ל.נ.מ.א.	true	1983-01-16	2026-04-27	"מדד המחירים לצרכן (כולל מע""מ), לפי ענפי משק"
130180	שירותי בנייה ודיור	true	1983-01-16	2026-04-27	"מדד המחירים לצרכן (כולל מע""מ), לפי ענפי משק"
130190	חשמל ומים	true	1983-01-16	2026-04-27	"מדד המחירים לצרכן (כולל מע""מ), לפי ענפי משק"
130200	תקשורת, נסיעות וכו'	true	1983-01-16	2026-04-27	"מדד המחירים לצרכן (כולל מע""מ), לפי ענפי משק"
130210	שירותים	true	1983-01-16	2026-04-27	"מדד המחירים לצרכן (כולל מע""מ), לפי ענפי משק"
130220	מסים וביטוח	true	1983-01-16	2026-04-27	"מדד המחירים לצרכן (כולל מע""מ), לפי ענפי משק"
130225	שירותים ציבוריים	true	1983-01-16	2026-04-27	"מדד המחירים לצרכן (כולל מע""מ), לפי ענפי משק"
130230	שירותי חינוך	true	1983-01-16	2026-04-27	"מדד המחירים לצרכן (כולל מע""מ), לפי ענפי משק"
130240	שירותי בריאות	true	1983-01-16	2026-04-27	"מדד המחירים לצרכן (כולל מע""מ), לפי ענפי משק"
130245	שירותים אישיים	true	1983-01-16	2026-04-27	"מדד המחירים לצרכן (כולל מע""מ), לפי ענפי משק"
130250	שירותי בידור	true	1983-01-16	2026-04-27	"מדד המחירים לצרכן (כולל מע""מ), לפי ענפי משק"
130260	שירותים אחרים	true	1983-01-16	2026-04-27	"מדד המחירים לצרכן (כולל מע""מ), לפי ענפי משק"
130270	שירותי הארחה	true	1983-01-16	2026-04-27	"מדד המחירים לצרכן (כולל מע""מ), לפי ענפי משק"
130280	שירותים עסקיים	true	1983-01-16	2026-04-27	"מדד המחירים לצרכן (כולל מע""מ), לפי ענפי משק"
140025	כיכר לחם	true	1999-01-16	2026-04-27	"מדד המחירים לצרכן (כולל מע""מ) של מוצרים ושירותים נבחרים"
140035	חטיפים מלוחים	true	1994-01-16	2026-04-27	"מדד המחירים לצרכן (כולל מע""מ) של מוצרים ושירותים נבחרים"
140040	עוגיות וביסקוויטים	true	1983-01-16	2026-04-27	"מדד המחירים לצרכן (כולל מע""מ) של מוצרים ושירותים נבחרים"
140045	עוגות מוכנות	true	2022-01-16	2026-04-27	"מדד המחירים לצרכן (כולל מע""מ) של מוצרים ושירותים נבחרים"
140037	קמח לבן	true	1999-01-16	2026-04-27	"מדד המחירים לצרכן (כולל מע""מ) של מוצרים ושירותים נבחרים"
140050	אטריות, ספגטי וכדומה	true	1983-01-16	2026-04-27	"מדד המחירים לצרכן (כולל מע""מ) של מוצרים ושירותים נבחרים"
140060	אורז יבש	true	1983-01-16	2026-04-27	"מדד המחירים לצרכן (כולל מע""מ) של מוצרים ושירותים נבחרים"
140085	דגני בוקר	true	2022-01-16	2026-04-27	"מדד המחירים לצרכן (כולל מע""מ) של מוצרים ושירותים נבחרים"
140090	בשר בקר טרי	true	1983-01-16	2026-04-27	"מדד המחירים לצרכן (כולל מע""מ) של מוצרים ושירותים נבחרים"
140120	עוף טרי	true	1983-01-16	2026-04-27	"מדד המחירים לצרכן (כולל מע""מ) של מוצרים ושירותים נבחרים"
140123	חזה עוף והודו	true	2022-01-16	2026-04-27	"מדד המחירים לצרכן (כולל מע""מ) של מוצרים ושירותים נבחרים"
140130	נקניק, פסטרמה ונקניקיות	true	1983-01-16	2026-04-27	"מדד המחירים לצרכן (כולל מע""מ) של מוצרים ושירותים נבחרים"
140134	דגים טריים	true	1999-01-16	2026-04-27	"מדד המחירים לצרכן (כולל מע""מ) של מוצרים ושירותים נבחרים"
140136	דגים קפואים	true	1999-01-16	2026-04-27	"מדד המחירים לצרכן (כולל מע""מ) של מוצרים ושירותים נבחרים"
140140	שמן	true	1983-01-16	2026-04-27	"מדד המחירים לצרכן (כולל מע""מ) של מוצרים ושירותים נבחרים"
140146	שמנת חמוצה	true	1999-01-16	2026-04-27	"מדד המחירים לצרכן (כולל מע""מ) של מוצרים ושירותים נבחרים"
140148	חמאה לסוגיה	true	1999-01-16	2026-04-27	"מדד המחירים לצרכן (כולל מע""מ) של מוצרים ושירותים נבחרים"
140070	גבינות לבנות למריחה	true	1983-01-16	2026-04-27	"מדד המחירים לצרכן (כולל מע""מ) של מוצרים ושירותים נבחרים"
140080	גבינה צהובה	true	1983-01-16	2026-04-27	"מדד המחירים לצרכן (כולל מע""מ) של מוצרים ושירותים נבחרים"
140075	סוכר	true	1999-01-16	2026-04-27	"מדד המחירים לצרכן (כולל מע""מ) של מוצרים ושירותים נבחרים"
140160	ריבות ומרקחות	true	1983-01-16	2026-04-27	"מדד המחירים לצרכן (כולל מע""מ) של מוצרים ושירותים נבחרים"
140170	דבש	true	1983-01-16	2026-04-27	"מדד המחירים לצרכן (כולל מע""מ) של מוצרים ושירותים נבחרים"
140180	סוכריות וממתקים שונים	true	1983-01-16	2026-04-27	"מדד המחירים לצרכן (כולל מע""מ) של מוצרים ושירותים נבחרים"
140190	שוקולד	true	1983-01-16	2026-04-27	"מדד המחירים לצרכן (כולל מע""מ) של מוצרים ושירותים נבחרים"
140193	מזון לתינוקות	true	2022-01-16	2026-04-27	"מדד המחירים לצרכן (כולל מע""מ) של מוצרים ושירותים נבחרים"
140195	משקאות קלים תוססים	true	1999-01-16	2026-04-27	"מדד המחירים לצרכן (כולל מע""מ) של מוצרים ושירותים נבחרים"
140210	יינות	true	1983-01-16	2026-04-27	"מדד המחירים לצרכן (כולל מע""מ) של מוצרים ושירותים נבחרים"
140220	בירה לבנה	true	1983-01-16	2026-04-27	"מדד המחירים לצרכן (כולל מע""מ) של מוצרים ושירותים נבחרים"
140150	קפה שחור	true	1983-01-16	2026-04-27	"מדד המחירים לצרכן (כולל מע""מ) של מוצרים ושירותים נבחרים"
140235	שכר דירה - בדירות עם זכאות לדמי מפתח	true	1983-01-16	2026-04-27	"מדד המחירים לצרכן (כולל מע""מ) של מוצרים ושירותים נבחרים"
140241	גז בבלונים	true	1999-01-16	2026-04-27	"מדד המחירים לצרכן (כולל מע""מ) של מוצרים ושירותים נבחרים"
140243	גז מרכזי	true	1999-01-16	2026-04-27	"מדד המחירים לצרכן (כולל מע""מ) של מוצרים ושירותים נבחרים"
140245	שירותי צביעה וסיוד	true	1999-01-16	2026-04-27	"מדד המחירים לצרכן (כולל מע""מ) של מוצרים ושירותים נבחרים"
140247	שירותי אינסטלציה	true	1999-01-16	2026-04-27	"מדד המחירים לצרכן (כולל מע""מ) של מוצרים ושירותים נבחרים"
140249	שירות תיקוני חשמל	true	1999-01-16	2026-04-27	"מדד המחירים לצרכן (כולל מע""מ) של מוצרים ושירותים נבחרים"
140251	הוצאות זגגות	true	1999-01-16	2026-04-27	"מדד המחירים לצרכן (כולל מע""מ) של מוצרים ושירותים נבחרים"
140253	אבקות ונוזלי כביסה	true	1999-01-16	2026-04-27	"מדד המחירים לצרכן (כולל מע""מ) של מוצרים ושירותים נבחרים"
140255	חומרים לניקוי ורחיצת כלים	true	1999-01-16	2026-04-27	"מדד המחירים לצרכן (כולל מע""מ) של מוצרים ושירותים נבחרים"
140257	מוצרי חיטוי והדברה	true	1999-01-16	2026-04-27	"מדד המחירים לצרכן (כולל מע""מ) של מוצרים ושירותים נבחרים"
140265	מקרר	true	1999-01-16	2026-04-27	"מדד המחירים לצרכן (כולל מע""מ) של מוצרים ושירותים נבחרים"
140275	מכונת כביסה ומייבש כביסה	true	1999-01-16	2026-04-27	"מדד המחירים לצרכן (כולל מע""מ) של מוצרים ושירותים נבחרים"
140280	תנור לבישול ואפייה	true	1983-01-16	2026-04-27	"מדד המחירים לצרכן (כולל מע""מ) של מוצרים ושירותים נבחרים"
140285	מדיח כלים	true	1999-01-16	2026-04-27	"מדד המחירים לצרכן (כולל מע""מ) של מוצרים ושירותים נבחרים"
140295	מזגן	true	1999-01-16	2026-04-27	"מדד המחירים לצרכן (כולל מע""מ) של מוצרים ושירותים נבחרים"
140297	כלים חד-פעמיים	true	2022-01-16	2026-04-27	"מדד המחירים לצרכן (כולל מע""מ) של מוצרים ושירותים נבחרים"
140320	פרחים וצמחים	true	1983-01-16	2026-04-27	"מדד המחירים לצרכן (כולל מע""מ) של מוצרים ושירותים נבחרים"
140340	מכנסיים	true	1983-01-16	2026-04-27	"מדד המחירים לצרכן (כולל מע""מ) של מוצרים ושירותים נבחרים"
140355	ז'קט ומעיל	true	2004-01-16	2026-04-27	"מדד המחירים לצרכן (כולל מע""מ) של מוצרים ושירותים נבחרים"
140370	חולצה	true	1983-01-16	2026-04-27	"מדד המחירים לצרכן (כולל מע""מ) של מוצרים ושירותים נבחרים"
140380	לבנים	true	1983-01-16	2026-04-27	"מדד המחירים לצרכן (כולל מע""מ) של מוצרים ושירותים נבחרים"
140400	שמלה	true	1983-01-16	2026-04-27	"מדד המחירים לצרכן (כולל מע""מ) של מוצרים ושירותים נבחרים"
140410	חצאית	true	1983-01-16	2026-04-27	"מדד המחירים לצרכן (כולל מע""מ) של מוצרים ושירותים נבחרים"
140413	מכנסיים לאישה	true	2023-01-16	2026-04-27	"מדד המחירים לצרכן (כולל מע""מ) של מוצרים ושירותים נבחרים"
140417	חולצה לאישה	true	2023-01-16	2026-04-27	"מדד המחירים לצרכן (כולל מע""מ) של מוצרים ושירותים נבחרים"
140420	סוודר ועליונית	true	1983-01-16	2026-04-27	"מדד המחירים לצרכן (כולל מע""מ) של מוצרים ושירותים נבחרים"
140430	ז'קט ומעיל	true	1983-01-16	2026-04-27	"מדד המחירים לצרכן (כולל מע""מ) של מוצרים ושירותים נבחרים"
140435	לבנים	true	1999-01-16	2026-04-27	"מדד המחירים לצרכן (כולל מע""מ) של מוצרים ושירותים נבחרים"
140436	חזיות	true	2004-01-16	2026-04-27	"מדד המחירים לצרכן (כולל מע""מ) של מוצרים ושירותים נבחרים"
140443	מכנסיים	true	1999-01-16	2026-04-27	"מדד המחירים לצרכן (כולל מע""מ) של מוצרים ושירותים נבחרים"
140446	חולצה	true	1999-01-16	2026-04-27	"מדד המחירים לצרכן (כולל מע""מ) של מוצרים ושירותים נבחרים"
140475	נעליים שלמות וחצאיות	true	2004-01-16	2026-04-27	"מדד המחירים לצרכן (כולל מע""מ) של מוצרים ושירותים נבחרים"
140478	נעלי התעמלות לגבר	true	2023-01-16	2026-04-27	"מדד המחירים לצרכן (כולל מע""מ) של מוצרים ושירותים נבחרים"
140480	נעלי בית	true	1983-01-16	2026-04-27	"מדד המחירים לצרכן (כולל מע""מ) של מוצרים ושירותים נבחרים"
140500	נעליים אחרות	true	1983-01-16	2026-04-27	"מדד המחירים לצרכן (כולל מע""מ) של מוצרים ושירותים נבחרים"
140505	נעלי התעמלות לאישה	true	2023-01-16	2026-04-27	"מדד המחירים לצרכן (כולל מע""מ) של מוצרים ושירותים נבחרים"
140510	סנדלים	true	1983-01-16	2026-04-27	"מדד המחירים לצרכן (כולל מע""מ) של מוצרים ושירותים נבחרים"
140520	נעלי בית	true	1983-01-16	2026-04-27	"מדד המחירים לצרכן (כולל מע""מ) של מוצרים ושירותים נבחרים"
140535	נעליים שלמות וחצאיות	true	2004-01-16	2026-04-27	"מדד המחירים לצרכן (כולל מע""מ) של מוצרים ושירותים נבחרים"
140537	נעלי התעמלות לילד/ה	true	2023-01-16	2026-04-27	"מדד המחירים לצרכן (כולל מע""מ) של מוצרים ושירותים נבחרים"
140550	סנדלים	true	1983-04-16	2026-04-27	"מדד המחירים לצרכן (כולל מע""מ) של מוצרים ושירותים נבחרים"
140553	טיפולי שיניים	true	2022-01-16	2026-04-27	"מדד המחירים לצרכן (כולל מע""מ) של מוצרים ושירותים נבחרים"
140556	תרופות ותכשירים ללא מרשם	true	2008-01-16	2026-04-27	"מדד המחירים לצרכן (כולל מע""מ) של מוצרים ושירותים נבחרים"
140557	תרופות עם מרשם	true	2008-01-16	2026-04-27	"מדד המחירים לצרכן (כולל מע""מ) של מוצרים ושירותים נבחרים"
140585	כלי כתיבה וציוד משרדי	true	2024-01-16	2026-04-27	"מדד המחירים לצרכן (כולל מע""מ) של מוצרים ושירותים נבחרים"
140621	מנוי למועדוני ספורט, שיעורי סטודיו וקבוצות כושר	true	2008-01-16	2026-04-27	"מדד המחירים לצרכן (כולל מע""מ) של מוצרים ושירותים נבחרים"
140622	כרטיס כניסה לקולנוע	true	1983-01-16	2026-04-27	"מדד המחירים לצרכן (כולל מע""מ) של מוצרים ושירותים נבחרים"
140623	ציוד ואביזרי ספורט	true	2009-01-16	2026-04-27	"מדד המחירים לצרכן (כולל מע""מ) של מוצרים ושירותים נבחרים"
140625	מלונות ובתי הארחה	true	1993-01-16	2026-04-27	"מדד המחירים לצרכן (כולל מע""מ) של מוצרים ושירותים נבחרים"
140665	נסיעה באוטובוס	true	1985-01-16	2026-04-27	"מדד המחירים לצרכן (כולל מע""מ) של מוצרים ושירותים נבחרים"
140675	נסיעה במונית	true	1985-01-16	2026-04-27	"מדד המחירים לצרכן (כולל מע""מ) של מוצרים ושירותים נבחרים"
140680	נסיעה ברכבת	true	1983-01-16	2026-04-27	"מדד המחירים לצרכן (כולל מע""מ) של מוצרים ושירותים נבחרים"
140685	"נסיעה לחו""ל"	true	2017-01-16	2026-04-27	"מדד המחירים לצרכן (כולל מע""מ) של מוצרים ושירותים נבחרים"
140704	מכוניות חדשות (2)	true	2022-01-16	2026-04-27	"מדד המחירים לצרכן (כולל מע""מ) של מוצרים ושירותים נבחרים"
140705	מכוניות משומשות (2)	true	2022-01-16	2026-04-27	"מדד המחירים לצרכן (כולל מע""מ) של מוצרים ושירותים נבחרים"
140707	אופניים ואחזקתם	true	1999-01-16	2026-04-27	"מדד המחירים לצרכן (כולל מע""מ) של מוצרים ושירותים נבחרים"
140710	רישיונות ואגרות	true	1983-01-16	2026-04-27	"מדד המחירים לצרכן (כולל מע""מ) של מוצרים ושירותים נבחרים"
140720	ביטוח רכב	true	1983-01-16	2026-04-27	"מדד המחירים לצרכן (כולל מע""מ) של מוצרים ושירותים נבחרים"
140690	דלק, הטענה ושמנים לכלי רכב	true	1983-01-16	2026-04-27	"מדד המחירים לצרכן (כולל מע""מ) של מוצרים ושירותים נבחרים"
140725	תיקונים וחלפים לרכב	true	1999-01-16	2026-04-27	"מדד המחירים לצרכן (כולל מע""מ) של מוצרים ושירותים נבחרים"
140727	אבזור וטיפוח הרכב	true	2000-08-16	2026-04-27	"מדד המחירים לצרכן (כולל מע""מ) של מוצרים ושירותים נבחרים"
140735	שיעורי נהיגה	true	2022-01-16	2026-04-27	"מדד המחירים לצרכן (כולל מע""מ) של מוצרים ושירותים נבחרים"
140645	מוצרים ותיקונים לטלפון	true	2022-01-16	2026-04-27	"מדד המחירים לצרכן (כולל מע""מ) של מוצרים ושירותים נבחרים"
140635	שירותי טלוויזיה רב-ערוצית (3)	true	1994-01-16	2026-04-27	"מדד המחירים לצרכן (כולל מע""מ) של מוצרים ושירותים נבחרים"
140637	מנוי לשירותי האינטרנט הביתי	true	1999-01-16	2026-04-27	"מדד המחירים לצרכן (כולל מע""מ) של מוצרים ושירותים נבחרים"
140740	טיפולי שיער ותספורת	true	1983-01-16	2026-04-27	"מדד המחירים לצרכן (כולל מע""מ) של מוצרים ושירותים נבחרים"
140743	מוצרי טואלטיקה ורחצה	true	2009-01-16	2026-04-27	"מדד המחירים לצרכן (כולל מע""מ) של מוצרים ושירותים נבחרים"
140780	שירותי בנק	true	1994-01-16	2026-04-27	"מדד המחירים לצרכן (כולל מע""מ) של מוצרים ושירותים נבחרים"
140755	תכשיטים	true	2022-01-16	2026-04-27	"מדד המחירים לצרכן (כולל מע""מ) של מוצרים ושירותים נבחרים"
140770	שעוני יד	true	1983-01-16	2026-04-27	"מדד המחירים לצרכן (כולל מע""מ) של מוצרים ושירותים נבחרים"
140800	מדד מחירים לשירותי הסעדה לארגונים (ללא שכר עבודה) (5)	true	2025-01-16	2026-04-27	"מדד המחירים לצרכן (כולל מע""מ) של מוצרים ושירותים נבחרים"
150119	תפוחי אדמה	true	2024-01-16	2026-04-27	"מדד המחירים לצרכן של ירקות ופירות נבחרים (אין מע""מ, מלבד שימורי ירקות ואחר)"
150050	עגבניות	true	1983-01-16	2026-04-27	"מדד המחירים לצרכן של ירקות ופירות נבחרים (אין מע""מ, מלבד שימורי ירקות ואחר)"
150060	מלפפונים	true	1983-01-16	2026-04-27	"מדד המחירים לצרכן של ירקות ופירות נבחרים (אין מע""מ, מלבד שימורי ירקות ואחר)"
150035	בצל יבש וירוק	true	2007-01-16	2026-04-27	"מדד המחירים לצרכן של ירקות ופירות נבחרים (אין מע""מ, מלבד שימורי ירקות ואחר)"
150040	פלפלים	true	1983-01-16	2026-04-27	"מדד המחירים לצרכן של ירקות ופירות נבחרים (אין מע""מ, מלבד שימורי ירקות ואחר)"
150110	קישואים	true	1983-01-16	2026-04-27	"מדד המחירים לצרכן של ירקות ופירות נבחרים (אין מע""מ, מלבד שימורי ירקות ואחר)"
150020	גזר	true	1983-01-16	2026-04-27	"מדד המחירים לצרכן של ירקות ופירות נבחרים (אין מע""מ, מלבד שימורי ירקות ואחר)"
150010	שעועית	true	1983-04-16	2026-04-27	"מדד המחירים לצרכן של ירקות ופירות נבחרים (אין מע""מ, מלבד שימורי ירקות ואחר)"
150070	חסה	true	1983-01-16	2026-04-27	"מדד המחירים לצרכן של ירקות ופירות נבחרים (אין מע""מ, מלבד שימורי ירקות ואחר)"
150100	חצילים	true	1983-01-16	2026-04-27	"מדד המחירים לצרכן של ירקות ופירות נבחרים (אין מע""מ, מלבד שימורי ירקות ואחר)"
150080	כרוב	true	1983-01-16	2026-04-27	"מדד המחירים לצרכן של ירקות ופירות נבחרים (אין מע""מ, מלבד שימורי ירקות ואחר)"
150090	כרובית	true	1983-01-16	2026-04-27	"מדד המחירים לצרכן של ירקות ופירות נבחרים (אין מע""מ, מלבד שימורי ירקות ואחר)"
150210	תפוח עץ	true	1983-01-16	2026-04-27	"מדד המחירים לצרכן של ירקות ופירות נבחרים (אין מע""מ, מלבד שימורי ירקות ואחר)"
150170	בננות	true	1983-01-16	2026-04-27	"מדד המחירים לצרכן של ירקות ופירות נבחרים (אין מע""מ, מלבד שימורי ירקות ואחר)"
150130	תפוזים	true	1983-01-16	2026-04-27	"מדד המחירים לצרכן של ירקות ופירות נבחרים (אין מע""מ, מלבד שימורי ירקות ואחר)"
150145	קלמנטינות	true	2005-01-16	2026-04-27	"מדד המחירים לצרכן של ירקות ופירות נבחרים (אין מע""מ, מלבד שימורי ירקות ואחר)"
150150	אשכוליות	true	1983-01-16	2026-04-27	"מדד המחירים לצרכן של ירקות ופירות נבחרים (אין מע""מ, מלבד שימורי ירקות ואחר)"
150160	לימונים	true	1983-01-16	2026-04-27	"מדד המחירים לצרכן של ירקות ופירות נבחרים (אין מע""מ, מלבד שימורי ירקות ואחר)"
150250	ענבים	true	1983-06-16	2026-04-27	"מדד המחירים לצרכן של ירקות ופירות נבחרים (אין מע""מ, מלבד שימורי ירקות ואחר)"
150200	אבטיחים	true	1983-05-16	2026-04-27	"מדד המחירים לצרכן של ירקות ופירות נבחרים (אין מע""מ, מלבד שימורי ירקות ואחר)"
150190	מלונים	true	1983-05-16	2026-04-27	"מדד המחירים לצרכן של ירקות ופירות נבחרים (אין מע""מ, מלבד שימורי ירקות ואחר)"
150230	אפרסקים	true	1983-05-16	2026-04-27	"מדד המחירים לצרכן של ירקות ופירות נבחרים (אין מע""מ, מלבד שימורי ירקות ואחר)"
150240	שזיפים	true	1983-06-16	2026-04-27	"מדד המחירים לצרכן של ירקות ופירות נבחרים (אין מע""מ, מלבד שימורי ירקות ואחר)"
150220	אגסים	true	1983-01-16	2026-04-27	"מדד המחירים לצרכן של ירקות ופירות נבחרים (אין מע""מ, מלבד שימורי ירקות ואחר)"
150260	אבוקדו	true	1983-01-16	2026-04-27	"מדד המחירים לצרכן של ירקות ופירות נבחרים (אין מע""מ, מלבד שימורי ירקות ואחר)"
150265	פירות אחרים (משמש, אפרסמון, מנגו)	true	1988-01-16	2026-04-27	"מדד המחירים לצרכן של ירקות ופירות נבחרים (אין מע""מ, מלבד שימורי ירקות ואחר)"
150280	רסק ושימורי עגבניות	true	1983-01-16	2026-04-27	"מדד המחירים לצרכן של ירקות ופירות נבחרים (אין מע""מ, מלבד שימורי ירקות ואחר)"
150270	מלפפונים כבושים	true	1983-01-16	2026-04-27	"מדד המחירים לצרכן של ירקות ופירות נבחרים (אין מע""מ, מלבד שימורי ירקות ואחר)"
150310	זיתים	true	1983-01-16	2026-04-27	"מדד המחירים לצרכן של ירקות ופירות נבחרים (אין מע""מ, מלבד שימורי ירקות ואחר)"
150330	גרעינים לפיצוח	true	1983-01-16	2026-04-27	"מדד המחירים לצרכן של ירקות ופירות נבחרים (אין מע""מ, מלבד שימורי ירקות ואחר)"
150320	בוטנים	true	1983-01-16	2026-04-27	"מדד המחירים לצרכן של ירקות ופירות נבחרים (אין מע""מ, מלבד שימורי ירקות ואחר)"
150340	אגוזים ופיסטוקים	true	1992-01-16	2026-04-27	"מדד המחירים לצרכן של ירקות ופירות נבחרים (אין מע""מ, מלבד שימורי ירקות ואחר)"
150350	שקדים	true	1992-01-16	2026-04-27	"מדד המחירים לצרכן של ירקות ופירות נבחרים (אין מע""מ, מלבד שימורי ירקות ואחר)"
150370	פירות יבשים	true	1992-01-16	2026-04-27	"מדד המחירים לצרכן של ירקות ופירות נבחרים (אין מע""מ, מלבד שימורי ירקות ואחר)"
40010	מחירי דירות	true	1994-01-16	2026-04-27	מדד מחירי דירות
60000	ירושלים	true	2017-10-16	2026-04-27	מדד מחירי דירות לפי מחוזות
60100	צפון	true	2017-10-16	2026-04-27	מדד מחירי דירות לפי מחוזות
60200	חיפה	true	2017-10-16	2026-04-27	מדד מחירי דירות לפי מחוזות
60300	מרכז	true	2017-10-16	2026-04-27	מדד מחירי דירות לפי מחוזות
60400	תל אביב	true	2017-10-16	2026-04-27	מדד מחירי דירות לפי מחוזות
60500	דרום	true	2017-10-16	2026-04-27	מדד מחירי דירות לפי מחוזות
70000	מדד מחירי דירות חדשות	true	2017-10-16	2026-04-27	מדד מחירי דירות חדשות
170010	B,C מדד מחירי תפוקת התעשייה וכרייה וחציבה	true	1995-01-16	2026-04-27	"מדד המחירים הסיטוניים של תפוקת התעשייה ליעדים מקומיים (כולל מע""מ), לפי ענף ראשי מקובץ, במתכונת ""הסיווג האחיד של ענפי הכלכלה - 2011"""
170020	מדד מחירי תפוקת התעשייה וכרייה וחציבה (ללא דלקים)	true	1978-01-16	2026-04-27	"מדד המחירים הסיטוניים של תפוקת התעשייה ליעדים מקומיים (כולל מע""מ), לפי ענף ראשי מקובץ, במתכונת ""הסיווג האחיד של ענפי הכלכלה - 2011"""
180010	B כרייה וחציבה	true	1983-01-16	2026-04-27	"מדד המחירים הסיטוניים של תפוקת התעשייה ליעדים מקומיים (כולל מע""מ), לפי ענף ראשי מקובץ, במתכונת ""הסיווג האחיד של ענפי הכלכלה - 2011"""
180015	הפקת נפט גולמי וגז טבעי ופעילויות עזר לכרייה וחציבה	true	2013-01-16	2026-04-27	"מדד המחירים הסיטוניים של תפוקת התעשייה ליעדים מקומיים (כולל מע""מ), לפי ענף ראשי מקובץ, במתכונת ""הסיווג האחיד של ענפי הכלכלה - 2011"""
180025	סוגים אחרים של כרייה וחציבה	true	2013-01-16	2026-04-27	"מדד המחירים הסיטוניים של תפוקת התעשייה ליעדים מקומיים (כולל מע""מ), לפי ענף ראשי מקובץ, במתכונת ""הסיווג האחיד של ענפי הכלכלה - 2011"""
170030	C   מדד מחירי תפוקת התעשייה	true	2013-01-16	2026-04-27	"מדד המחירים הסיטוניים של תפוקת התעשייה ליעדים מקומיים (כולל מע""מ), לפי ענף ראשי מקובץ, במתכונת ""הסיווג האחיד של ענפי הכלכלה - 2011"""
170050	מדד מחירי תפוקת התעשייה (ללא דלקים)	true	2013-01-16	2026-04-27	"מדד המחירים הסיטוניים של תפוקת התעשייה ליעדים מקומיים (כולל מע""מ), לפי ענף ראשי מקובץ, במתכונת ""הסיווג האחיד של ענפי הכלכלה - 2011"""
180070	ייצור מוצרי מזון	true	1995-01-16	2026-04-27	"מדד המחירים הסיטוניים של תפוקת התעשייה ליעדים מקומיים (כולל מע""מ), לפי ענף ראשי מקובץ, במתכונת ""הסיווג האחיד של ענפי הכלכלה - 2011"""
180235	ייצור משקאות	true	2013-01-16	2026-04-27	"מדד המחירים הסיטוניים של תפוקת התעשייה ליעדים מקומיים (כולל מע""מ), לפי ענף ראשי מקובץ, במתכונת ""הסיווג האחיד של ענפי הכלכלה - 2011"""
180260	ייצור מוצרי טבק	true	1983-01-16	2026-04-27	"מדד המחירים הסיטוניים של תפוקת התעשייה ליעדים מקומיים (כולל מע""מ), לפי ענף ראשי מקובץ, במתכונת ""הסיווג האחיד של ענפי הכלכלה - 2011"""
180280	ייצור  טקסטיל	true	1995-01-16	2026-04-27	"מדד המחירים הסיטוניים של תפוקת התעשייה ליעדים מקומיים (כולל מע""מ), לפי ענף ראשי מקובץ, במתכונת ""הסיווג האחיד של ענפי הכלכלה - 2011"""
180370	ייצור מוצרי הלבשה	true	1995-01-16	2026-04-27	"מדד המחירים הסיטוניים של תפוקת התעשייה ליעדים מקומיים (כולל מע""מ), לפי ענף ראשי מקובץ, במתכונת ""הסיווג האחיד של ענפי הכלכלה - 2011"""
180420	ייצור ועיבוד של מוצרי עור ואביזרים נילווים	true	1995-01-16	2026-04-27	"מדד המחירים הסיטוניים של תפוקת התעשייה ליעדים מקומיים (כולל מע""מ), לפי ענף ראשי מקובץ, במתכונת ""הסיווג האחיד של ענפי הכלכלה - 2011"""
180475	ייצור מוצרי עץ, פרט לרהיטים	true	2013-01-16	2026-04-27	"מדד המחירים הסיטוניים של תפוקת התעשייה ליעדים מקומיים (כולל מע""מ), לפי ענף ראשי מקובץ, במתכונת ""הסיווג האחיד של ענפי הכלכלה - 2011"""
180510	ייצור נייר ומוצריו	true	1983-01-16	2026-04-27	"מדד המחירים הסיטוניים של תפוקת התעשייה ליעדים מקומיים (כולל מע""מ), לפי ענף ראשי מקובץ, במתכונת ""הסיווג האחיד של ענפי הכלכלה - 2011"""
180575	הדפסה	true	2013-01-16	2026-04-27	"מדד המחירים הסיטוניים של תפוקת התעשייה ליעדים מקומיים (כולל מע""מ), לפי ענף ראשי מקובץ, במתכונת ""הסיווג האחיד של ענפי הכלכלה - 2011"""
180610	ייצור מוצרי נפט מזוקק	true	1995-01-16	2026-04-27	"מדד המחירים הסיטוניים של תפוקת התעשייה ליעדים מקומיים (כולל מע""מ), לפי ענף ראשי מקובץ, במתכונת ""הסיווג האחיד של ענפי הכלכלה - 2011"""
180625	ייצור כימיקלים ומוצריהם	true	2013-01-16	2026-04-27	"מדד המחירים הסיטוניים של תפוקת התעשייה ליעדים מקומיים (כולל מע""מ), לפי ענף ראשי מקובץ, במתכונת ""הסיווג האחיד של ענפי הכלכלה - 2011"""
180680	ייצור תרופות לבני אדם ולשימוש וטרינרי	true	1983-01-16	2026-04-27	"מדד המחירים הסיטוניים של תפוקת התעשייה ליעדים מקומיים (כולל מע""מ), לפי ענף ראשי מקובץ, במתכונת ""הסיווג האחיד של ענפי הכלכלה - 2011"""
180720	ייצור מוצרי גומי ופלסטיק	true	1995-01-16	2026-04-27	"מדד המחירים הסיטוניים של תפוקת התעשייה ליעדים מקומיים (כולל מע""מ), לפי ענף ראשי מקובץ, במתכונת ""הסיווג האחיד של ענפי הכלכלה - 2011"""
180810	ייצור מוצרים על בסיס מינרלים אל-מתכתיים	true	1983-01-16	2026-04-27	"מדד המחירים הסיטוניים של תפוקת התעשייה ליעדים מקומיים (כולל מע""מ), לפי ענף ראשי מקובץ, במתכונת ""הסיווג האחיד של ענפי הכלכלה - 2011"""
180880	תעשיית מתכות בסיסיות	true	1983-01-16	2026-04-27	"מדד המחירים הסיטוניים של תפוקת התעשייה ליעדים מקומיים (כולל מע""מ), לפי ענף ראשי מקובץ, במתכונת ""הסיווג האחיד של ענפי הכלכלה - 2011"""
180940	ייצור מוצרי מתכת	true	1995-01-16	2026-04-27	"מדד המחירים הסיטוניים של תפוקת התעשייה ליעדים מקומיים (כולל מע""מ), לפי ענף ראשי מקובץ, במתכונת ""הסיווג האחיד של ענפי הכלכלה - 2011"""
181153	ייצור מחשבים, מכשור אלקטרוני ואופטי	true	2013-01-16	2026-04-27	"מדד המחירים הסיטוניים של תפוקת התעשייה ליעדים מקומיים (כולל מע""מ), לפי ענף ראשי מקובץ, במתכונת ""הסיווג האחיד של ענפי הכלכלה - 2011"""
181090	ייצור ציוד חשמלי	true	1995-01-16	2026-04-27	"מדד המחירים הסיטוניים של תפוקת התעשייה ליעדים מקומיים (כולל מע""מ), לפי ענף ראשי מקובץ, במתכונת ""הסיווג האחיד של ענפי הכלכלה - 2011"""
181030	ייצור מכונות וציוד	true	1995-01-16	2026-04-27	"מדד המחירים הסיטוניים של תפוקת התעשייה ליעדים מקומיים (כולל מע""מ), לפי ענף ראשי מקובץ, במתכונת ""הסיווג האחיד של ענפי הכלכלה - 2011"""
181460	ייצור כלי רכב מנועיים ונגררים	true	2013-01-16	2026-04-27	"מדד המחירים הסיטוניים של תפוקת התעשייה ליעדים מקומיים (כולל מע""מ), לפי ענף ראשי מקובץ, במתכונת ""הסיווג האחיד של ענפי הכלכלה - 2011"""
181500	ייצור כלי תחבורה והובלה אחרים	true	2013-01-16	2026-04-27	"מדד המחירים הסיטוניים של תפוקת התעשייה ליעדים מקומיים (כולל מע""מ), לפי ענף ראשי מקובץ, במתכונת ""הסיווג האחיד של ענפי הכלכלה - 2011"""
181530	ייצור רהיטים	true	2013-01-16	2026-04-27	"מדד המחירים הסיטוניים של תפוקת התעשייה ליעדים מקומיים (כולל מע""מ), לפי ענף ראשי מקובץ, במתכונת ""הסיווג האחיד של ענפי הכלכלה - 2011"""
181550	ענפי ייצור אחרים	true	2013-01-16	2026-04-27	"מדד המחירים הסיטוניים של תפוקת התעשייה ליעדים מקומיים (כולל מע""מ), לפי ענף ראשי מקובץ, במתכונת ""הסיווג האחיד של ענפי הכלכלה - 2011"""
181630	תיקון, תחזוקה והתקנה של מכונות וציוד	true	2013-01-16	2026-04-27	"מדד המחירים הסיטוניים של תפוקת התעשייה ליעדים מקומיים (כולל מע""מ), לפי ענף ראשי מקובץ, במתכונת ""הסיווג האחיד של ענפי הכלכלה - 2011"""
180030	חציבת אבן, חול וחומר	true	1983-01-16	2026-04-27	"מדד המחירים הסיטוניים של תפוקת התעשייה ליעדים מקומיים (כולל מע""מ), לפי ענף ראשי מקובץ וענפי משנה מקובצים, במתכונת ""הסיווג האחיד של ענפי הכלכלה - 2011"""
180045	הפקת מלחים	true	2013-01-16	2026-04-27	"מדד המחירים הסיטוניים של תפוקת התעשייה ליעדים מקומיים (כולל מע""מ), לפי ענף ראשי מקובץ וענפי משנה מקובצים, במתכונת ""הסיווג האחיד של ענפי הכלכלה - 2011"""
180050	"כריית מינרלים לכימיקלים ודשנים, סוגים אחרים  של כרייה וחציבה לנמ""א"	true	1995-01-16	2026-04-27	"מדד המחירים הסיטוניים של תפוקת התעשייה ליעדים מקומיים (כולל מע""מ), לפי ענף ראשי מקובץ וענפי משנה מקובצים, במתכונת ""הסיווג האחיד של ענפי הכלכלה - 2011"""
180073	עיבוד ושימור בשר	true	2013-01-16	2026-04-27	"מדד המחירים הסיטוניים של תפוקת התעשייה ליעדים מקומיים (כולל מע""מ), לפי ענף ראשי מקובץ וענפי משנה מקובצים, במתכונת ""הסיווג האחיד של ענפי הכלכלה - 2011"""
180077	משחטות ובתי מטבחיים	true	2013-01-16	2026-04-27	"מדד המחירים הסיטוניים של תפוקת התעשייה ליעדים מקומיים (כולל מע""מ), לפי ענף ראשי מקובץ וענפי משנה מקובצים, במתכונת ""הסיווג האחיד של ענפי הכלכלה - 2011"""
180100	עיבוד דגים, סרטנים ורכיכות ושימורם	true	1983-01-16	2026-04-27	"מדד המחירים הסיטוניים של תפוקת התעשייה ליעדים מקומיים (כולל מע""מ), לפי ענף ראשי מקובץ וענפי משנה מקובצים, במתכונת ""הסיווג האחיד של ענפי הכלכלה - 2011"""
180090	עיבוד פירות וירקות ושימורם	true	1983-01-16	2026-04-27	"מדד המחירים הסיטוניים של תפוקת התעשייה ליעדים מקומיים (כולל מע""מ), לפי ענף ראשי מקובץ וענפי משנה מקובצים, במתכונת ""הסיווג האחיד של ענפי הכלכלה - 2011"""
180110	ייצור שמנים מן הצומח	true	1995-01-16	2026-04-27	"מדד המחירים הסיטוניים של תפוקת התעשייה ליעדים מקומיים (כולל מע""מ), לפי ענף ראשי מקובץ וענפי משנה מקובצים, במתכונת ""הסיווג האחיד של ענפי הכלכלה - 2011"""
180120	ייצור מוצרי חלב	true	1983-01-16	2026-04-27	"מדד המחירים הסיטוניים של תפוקת התעשייה ליעדים מקומיים (כולל מע""מ), לפי ענף ראשי מקובץ וענפי משנה מקובצים, במתכונת ""הסיווג האחיד של ענפי הכלכלה - 2011"""
180130	טחינת תבואה וגריסתה	true	1983-01-16	2026-04-27	"מדד המחירים הסיטוניים של תפוקת התעשייה ליעדים מקומיים (כולל מע""מ), לפי ענף ראשי מקובץ וענפי משנה מקובצים, במתכונת ""הסיווג האחיד של ענפי הכלכלה - 2011"""
180135	ייצור עמילן ומוצריו	true	2013-01-16	2026-04-27	"מדד המחירים הסיטוניים של תפוקת התעשייה ליעדים מקומיים (כולל מע""מ), לפי ענף ראשי מקובץ וענפי משנה מקובצים, במתכונת ""הסיווג האחיד של ענפי הכלכלה - 2011"""
180160	ייצור מצות	true	1983-01-16	2026-04-27	"מדד המחירים הסיטוניים של תפוקת התעשייה ליעדים מקומיים (כולל מע""מ), לפי ענף ראשי מקובץ וענפי משנה מקובצים, במתכונת ""הסיווג האחיד של ענפי הכלכלה - 2011"""
180165	ייצור דברי מאפה	true	2013-01-16	2026-04-27	"מדד המחירים הסיטוניים של תפוקת התעשייה ליעדים מקומיים (כולל מע""מ), לפי ענף ראשי מקובץ וענפי משנה מקובצים, במתכונת ""הסיווג האחיד של ענפי הכלכלה - 2011"""
180180	ייצור קקאו, שוקולד וממתקים	true	1983-01-16	2026-04-27	"מדד המחירים הסיטוניים של תפוקת התעשייה ליעדים מקומיים (כולל מע""מ), לפי ענף ראשי מקובץ וענפי משנה מקובצים, במתכונת ""הסיווג האחיד של ענפי הכלכלה - 2011"""
180170	ייצור מקרוני, איטריות, קוסקוס	true	1983-01-16	2026-04-27	"מדד המחירים הסיטוניים של תפוקת התעשייה ליעדים מקומיים (כולל מע""מ), לפי ענף ראשי מקובץ וענפי משנה מקובצים, במתכונת ""הסיווג האחיד של ענפי הכלכלה - 2011"""
180200	"ייצור סוכר ומוצרי מזון אחרים, לנמ""א"	true	1995-01-16	2026-04-27	"מדד המחירים הסיטוניים של תפוקת התעשייה ליעדים מקומיים (כולל מע""מ), לפי ענף ראשי מקובץ וענפי משנה מקובצים, במתכונת ""הסיווג האחיד של ענפי הכלכלה - 2011"""
180190	ייצור מזון מוכן	true	1995-01-16	2026-04-27	"מדד המחירים הסיטוניים של תפוקת התעשייה ליעדים מקומיים (כולל מע""מ), לפי ענף ראשי מקובץ וענפי משנה מקובצים, במתכונת ""הסיווג האחיד של ענפי הכלכלה - 2011"""
180195	"ייצור מזון מוכן לבע""ח"	true	2013-01-16	2026-04-27	"מדד המחירים הסיטוניים של תפוקת התעשייה ליעדים מקומיים (כולל מע""מ), לפי ענף ראשי מקובץ וענפי משנה מקובצים, במתכונת ""הסיווג האחיד של ענפי הכלכלה - 2011"""
190325	זיקוק וערבוב של אלכוהול	true	2006-01-16	2026-04-27	"מדד המחירים הסיטוניים של תפוקת התעשייה ליעדים מקומיים (כולל מע""מ), לפי ענף ראשי מקובץ וענפי משנה מקובצים, במתכונת ""הסיווג האחיד של ענפי הכלכלה - 2011"""
190310	ייצור יינות	true	1983-01-16	2026-04-27	"מדד המחירים הסיטוניים של תפוקת התעשייה ליעדים מקומיים (כולל מע""מ), לפי ענף ראשי מקובץ וענפי משנה מקובצים, במתכונת ""הסיווג האחיד של ענפי הכלכלה - 2011"""
180240	ייצור בירה ולתת	true	1983-01-16	2026-04-27	"מדד המחירים הסיטוניים של תפוקת התעשייה ליעדים מקומיים (כולל מע""מ), לפי ענף ראשי מקובץ וענפי משנה מקובצים, במתכונת ""הסיווג האחיד של ענפי הכלכלה - 2011"""
180250	ייצור משקאות קלים; מים מינרליים	true	1983-01-16	2026-04-27	"מדד המחירים הסיטוניים של תפוקת התעשייה ליעדים מקומיים (כולל מע""מ), לפי ענף ראשי מקובץ וענפי משנה מקובצים, במתכונת ""הסיווג האחיד של ענפי הכלכלה - 2011"""
180290	טוויה, סלילה ושזירה של חוטי כותנה וסיבי  טקסטיל	true	1995-01-16	2026-04-27	"מדד המחירים הסיטוניים של תפוקת התעשייה ליעדים מקומיים (כולל מע""מ), לפי ענף ראשי מקובץ וענפי משנה מקובצים, במתכונת ""הסיווג האחיד של ענפי הכלכלה - 2011"""
180300	אריגת טקסטיל	true	1995-01-16	2026-04-27	"מדד המחירים הסיטוניים של תפוקת התעשייה ליעדים מקומיים (כולל מע""מ), לפי ענף ראשי מקובץ וענפי משנה מקובצים, במתכונת ""הסיווג האחיד של ענפי הכלכלה - 2011"""
180310	גימור טקסטיל	true	1983-01-16	2026-04-27	"מדד המחירים הסיטוניים של תפוקת התעשייה ליעדים מקומיים (כולל מע""מ), לפי ענף ראשי מקובץ וענפי משנה מקובצים, במתכונת ""הסיווג האחיד של ענפי הכלכלה - 2011"""
180340	ייצור אריגים סרוגים	true	1983-01-16	2026-04-27	"מדד המחירים הסיטוניים של תפוקת התעשייה ליעדים מקומיים (כולל מע""מ), לפי ענף ראשי מקובץ וענפי משנה מקובצים, במתכונת ""הסיווג האחיד של ענפי הכלכלה - 2011"""
180320	ייצור פריטי טקסטיל מוכנים פרט לפריטי לבוש	true	1995-01-16	2026-04-27	"מדד המחירים הסיטוניים של תפוקת התעשייה ליעדים מקומיים (כולל מע""מ), לפי ענף ראשי מקובץ וענפי משנה מקובצים, במתכונת ""הסיווג האחיד של ענפי הכלכלה - 2011"""
180330	ייצור שטיחים ומרבדים	true	1995-01-16	2026-04-27	"מדד המחירים הסיטוניים של תפוקת התעשייה ליעדים מקומיים (כולל מע""מ), לפי ענף ראשי מקובץ וענפי משנה מקובצים, במתכונת ""הסיווג האחיד של ענפי הכלכלה - 2011"""
180333	ייצור חבלים, חוטים שזורים ורשתות	true	2013-01-16	2026-04-27	"מדד המחירים הסיטוניים של תפוקת התעשייה ליעדים מקומיים (כולל מע""מ), לפי ענף ראשי מקובץ וענפי משנה מקובצים, במתכונת ""הסיווג האחיד של ענפי הכלכלה - 2011"""
180337	"ייצור סוגים אחרים של טקסטיל, לנמ""א"	true	2013-01-16	2026-04-27	"מדד המחירים הסיטוניים של תפוקת התעשייה ליעדים מקומיים (כולל מע""מ), לפי ענף ראשי מקובץ וענפי משנה מקובצים, במתכונת ""הסיווג האחיד של ענפי הכלכלה - 2011"""
180380	ייצור בגדים	true	1995-01-16	2026-04-27	"מדד המחירים הסיטוניים של תפוקת התעשייה ליעדים מקומיים (כולל מע""מ), לפי ענף ראשי מקובץ וענפי משנה מקובצים, במתכונת ""הסיווג האחיד של ענפי הכלכלה - 2011"""
180385	ייצור בגדי ים	true	2006-03-16	2026-04-27	"מדד המחירים הסיטוניים של תפוקת התעשייה ליעדים מקומיים (כולל מע""מ), לפי ענף ראשי מקובץ וענפי משנה מקובצים, במתכונת ""הסיווג האחיד של ענפי הכלכלה - 2011"""
180390	ייצור הלבשה תחתונה	true	1995-01-16	2026-04-27	"מדד המחירים הסיטוניים של תפוקת התעשייה ליעדים מקומיים (כולל מע""מ), לפי ענף ראשי מקובץ וענפי משנה מקובצים, במתכונת ""הסיווג האחיד של ענפי הכלכלה - 2011"""
180350	ייצור בגדים סרוגים ובגדי קרושה	true	1995-01-16	2026-04-27	"מדד המחירים הסיטוניים של תפוקת התעשייה ליעדים מקומיים (כולל מע""מ), לפי ענף ראשי מקובץ וענפי משנה מקובצים, במתכונת ""הסיווג האחיד של ענפי הכלכלה - 2011"""
180430	עיבוד עורות ועיבוד פרוות וצביעתן	true	1983-01-16	2026-04-27	"מדד המחירים הסיטוניים של תפוקת התעשייה ליעדים מקומיים (כולל מע""מ), לפי ענף ראשי מקובץ וענפי משנה מקובצים, במתכונת ""הסיווג האחיד של ענפי הכלכלה - 2011"""
180450	ייצור מזוודות, תיקים ומוצרים דומים, אוכפים ורתמות	true	1995-01-16	2026-04-27	"מדד המחירים הסיטוניים של תפוקת התעשייה ליעדים מקומיים (כולל מע""מ), לפי ענף ראשי מקובץ וענפי משנה מקובצים, במתכונת ""הסיווג האחיד של ענפי הכלכלה - 2011"""
180440	ייצור נעליים	true	1995-01-16	2026-04-27	"מדד המחירים הסיטוניים של תפוקת התעשייה ליעדים מקומיים (כולל מע""מ), לפי ענף ראשי מקובץ וענפי משנה מקובצים, במתכונת ""הסיווג האחיד של ענפי הכלכלה - 2011"""
180743	ייצור לוחות עץ	true	2013-01-16	2026-04-27	"מדד המחירים הסיטוניים של תפוקת התעשייה ליעדים מקומיים (כולל מע""מ), לפי ענף ראשי מקובץ וענפי משנה מקובצים, במתכונת ""הסיווג האחיד של ענפי הכלכלה - 2011"""
180747	תעשיית נגרות לבניין	true	2013-01-16	2026-04-27	"מדד המחירים הסיטוניים של תפוקת התעשייה ליעדים מקומיים (כולל מע""מ), לפי ענף ראשי מקובץ וענפי משנה מקובצים, במתכונת ""הסיווג האחיד של ענפי הכלכלה - 2011"""
190750	ייצור מכלי עץ	true	1983-01-16	2026-04-27	"מדד המחירים הסיטוניים של תפוקת התעשייה ליעדים מקומיים (כולל מע""מ), לפי ענף ראשי מקובץ וענפי משנה מקובצים, במתכונת ""הסיווג האחיד של ענפי הכלכלה - 2011"""
190765	ייצור מוצרי עץ אחרים, שעם וקש	true	2006-01-16	2026-04-27	"מדד המחירים הסיטוניים של תפוקת התעשייה ליעדים מקומיים (כולל מע""מ), לפי ענף ראשי מקובץ וענפי משנה מקובצים, במתכונת ""הסיווג האחיד של ענפי הכלכלה - 2011"""
180520	ייצור עיסת עץ, נייר ונייר קרטון	true	1983-01-16	2026-04-27	"מדד המחירים הסיטוניים של תפוקת התעשייה ליעדים מקומיים (כולל מע""מ), לפי ענף ראשי מקובץ וענפי משנה מקובצים, במתכונת ""הסיווג האחיד של ענפי הכלכלה - 2011"""
180523	ייצור נייר וקרטון גלי, מכלים מנייר וקרטון	true	2013-01-16	2026-04-27	"מדד המחירים הסיטוניים של תפוקת התעשייה ליעדים מקומיים (כולל מע""מ), לפי ענף ראשי מקובץ וענפי משנה מקובצים, במתכונת ""הסיווג האחיד של ענפי הכלכלה - 2011"""
180527	ייצור מוצרים אחרים מנייר וקרטון	true	2013-01-16	2026-04-27	"מדד המחירים הסיטוניים של תפוקת התעשייה ליעדים מקומיים (כולל מע""מ), לפי ענף ראשי מקובץ וענפי משנה מקובצים, במתכונת ""הסיווג האחיד של ענפי הכלכלה - 2011"""
180630	ייצור כימיקלים בסיסיים	true	1995-01-16	2026-04-27	"מדד המחירים הסיטוניים של תפוקת התעשייה ליעדים מקומיים (כולל מע""מ), לפי ענף ראשי מקובץ וענפי משנה מקובצים, במתכונת ""הסיווג האחיד של ענפי הכלכלה - 2011"""
180660	ייצור חומרי הדברה וחיטוי	true	1983-01-16	2026-04-27	"מדד המחירים הסיטוניים של תפוקת התעשייה ליעדים מקומיים (כולל מע""מ), לפי ענף ראשי מקובץ וענפי משנה מקובצים, במתכונת ""הסיווג האחיד של ענפי הכלכלה - 2011"""
180640	ייצור דשנים	true	1995-01-16	2026-04-27	"מדד המחירים הסיטוניים של תפוקת התעשייה ליעדים מקומיים (כולל מע""מ), לפי ענף ראשי מקובץ וענפי משנה מקובצים, במתכונת ""הסיווג האחיד של ענפי הכלכלה - 2011"""
180650	ייצור חומרי גלם פלסטיים ומוצרים פטרוכימיים	true	1995-01-16	2026-04-27	"מדד המחירים הסיטוניים של תפוקת התעשייה ליעדים מקומיים (כולל מע""מ), לפי ענף ראשי מקובץ וענפי משנה מקובצים, במתכונת ""הסיווג האחיד של ענפי הכלכלה - 2011"""
180670	ייצור צבעים ולכות	true	1983-01-16	2026-04-27	"מדד המחירים הסיטוניים של תפוקת התעשייה ליעדים מקומיים (כולל מע""מ), לפי ענף ראשי מקובץ וענפי משנה מקובצים, במתכונת ""הסיווג האחיד של ענפי הכלכלה - 2011"""
180690	ייצור סבון ואבקות כביסה, חומרי ניקוי ותמרוקים	true	1995-01-16	2026-04-27	"מדד המחירים הסיטוניים של תפוקת התעשייה ליעדים מקומיים (כולל מע""מ), לפי ענף ראשי מקובץ וענפי משנה מקובצים, במתכונת ""הסיווג האחיד של ענפי הכלכלה - 2011"""
180700	תעשיית מוצרים כימיקלים אחרים	true	1995-01-16	2026-04-27	"מדד המחירים הסיטוניים של תפוקת התעשייה ליעדים מקומיים (כולל מע""מ), לפי ענף ראשי מקובץ וענפי משנה מקובצים, במתכונת ""הסיווג האחיד של ענפי הכלכלה - 2011"""
180780	ייצור מוצרי גומי אחרים	true	1983-01-16	2026-04-27	"מדד המחירים הסיטוניים של תפוקת התעשייה ליעדים מקומיים (כולל מע""מ), לפי ענף ראשי מקובץ וענפי משנה מקובצים, במתכונת ""הסיווג האחיד של ענפי הכלכלה - 2011"""
180730	ייצור לוחות וצינורות מפלסטיק	true	1995-01-16	2026-04-27	"מדד המחירים הסיטוניים של תפוקת התעשייה ליעדים מקומיים (כולל מע""מ), לפי ענף ראשי מקובץ וענפי משנה מקובצים, במתכונת ""הסיווג האחיד של ענפי הכלכלה - 2011"""
180740	ייצור שרוולים ויריעות מפלסטיק	true	1995-01-16	2026-04-27	"מדד המחירים הסיטוניים של תפוקת התעשייה ליעדים מקומיים (כולל מע""מ), לפי ענף ראשי מקובץ וענפי משנה מקובצים, במתכונת ""הסיווג האחיד של ענפי הכלכלה - 2011"""
180750	ייצור מיכלים ובקבוקים מפלסטיק	true	1983-01-16	2026-04-27	"מדד המחירים הסיטוניים של תפוקת התעשייה ליעדים מקומיים (כולל מע""מ), לפי ענף ראשי מקובץ וענפי משנה מקובצים, במתכונת ""הסיווג האחיד של ענפי הכלכלה - 2011"""
180760	ייצור מוצרים מפלסטיק למטבח  ולבית	true	1995-01-16	2026-04-27	"מדד המחירים הסיטוניים של תפוקת התעשייה ליעדים מקומיים (כולל מע""מ), לפי ענף ראשי מקובץ וענפי משנה מקובצים, במתכונת ""הסיווג האחיד של ענפי הכלכלה - 2011"""
180773	"ייצור מוצרים מפלסטיק לנמ""א  וייצור מוצרים מפלסטיק משוריין"	true	2006-01-16	2026-04-27	"מדד המחירים הסיטוניים של תפוקת התעשייה ליעדים מקומיים (כולל מע""מ), לפי ענף ראשי מקובץ וענפי משנה מקובצים, במתכונת ""הסיווג האחיד של ענפי הכלכלה - 2011"""
180777	ייצור מוצרים מפלסטיק לשימושים טכניים,  חקלאיים ותעשייתיים	true	2006-01-16	2026-04-27	"מדד המחירים הסיטוניים של תפוקת התעשייה ליעדים מקומיים (כולל מע""מ), לפי ענף ראשי מקובץ וענפי משנה מקובצים, במתכונת ""הסיווג האחיד של ענפי הכלכלה - 2011"""
180820	ייצור זכוכית ומוצרי זכוכית	true	1983-01-16	2026-04-27	"מדד המחירים הסיטוניים של תפוקת התעשייה ליעדים מקומיים (כולל מע""מ), לפי ענף ראשי מקובץ וענפי משנה מקובצים, במתכונת ""הסיווג האחיד של ענפי הכלכלה - 2011"""
180835	ייצור מוצרי קרמיקה (חסיני אש) וייצור  חומרי חרס לבנייה	true	2013-01-16	2026-04-27	"מדד המחירים הסיטוניים של תפוקת התעשייה ליעדים מקומיים (כולל מע""מ), לפי ענף ראשי מקובץ וענפי משנה מקובצים, במתכונת ""הסיווג האחיד של ענפי הכלכלה - 2011"""
180845	ייצור צמנט, סיד וטיח	true	2013-01-16	2026-04-27	"מדד המחירים הסיטוניים של תפוקת התעשייה ליעדים מקומיים (כולל מע""מ), לפי ענף ראשי מקובץ וענפי משנה מקובצים, במתכונת ""הסיווג האחיד של ענפי הכלכלה - 2011"""
180855	ייצור מוצרי בטון, צמנט וטיח	true	2013-01-16	2026-04-27	"מדד המחירים הסיטוניים של תפוקת התעשייה ליעדים מקומיים (כולל מע""מ), לפי ענף ראשי מקובץ וענפי משנה מקובצים, במתכונת ""הסיווג האחיד של ענפי הכלכלה - 2011"""
180860	עיבוד אבן וייצור מוצרים אחרים ממינרלים אל מתכתיים	true	1995-01-16	2026-04-27	"מדד המחירים הסיטוניים של תפוקת התעשייה ליעדים מקומיים (כולל מע""מ), לפי ענף ראשי מקובץ וענפי משנה מקובצים, במתכונת ""הסיווג האחיד של ענפי הכלכלה - 2011"""
180865	ייצור בטון מוכן ליציקה ובלוקים מבטון	true	2013-01-16	2026-04-27	"מדד המחירים הסיטוניים של תפוקת התעשייה ליעדים מקומיים (כולל מע""מ), לפי ענף ראשי מקובץ וענפי משנה מקובצים, במתכונת ""הסיווג האחיד של ענפי הכלכלה - 2011"""
180890	ייצור ברזל ופלדה בסיסיים	true	1983-01-16	2026-04-27	"מדד המחירים הסיטוניים של תפוקת התעשייה ליעדים מקומיים (כולל מע""מ), לפי ענף ראשי מקובץ וענפי משנה מקובצים, במתכונת ""הסיווג האחיד של ענפי הכלכלה - 2011"""
180895	יציקת ברזל ופלדה	true	2013-01-16	2026-04-27	"מדד המחירים הסיטוניים של תפוקת התעשייה ליעדים מקומיים (כולל מע""מ), לפי ענף ראשי מקובץ וענפי משנה מקובצים, במתכונת ""הסיווג האחיד של ענפי הכלכלה - 2011"""
180900	יציקת מתכות אל-ברזליות וייצור מתכות יקרות אחרות ושאר מתכות אל ברזליות	true	1983-01-16	2026-04-27	"מדד המחירים הסיטוניים של תפוקת התעשייה ליעדים מקומיים (כולל מע""מ), לפי ענף ראשי מקובץ וענפי משנה מקובצים, במתכונת ""הסיווג האחיד של ענפי הכלכלה - 2011"""
180950	ייצור שלדי מתכת	true	1983-01-16	2026-04-27	"מדד המחירים הסיטוניים של תפוקת התעשייה ליעדים מקומיים (כולל מע""מ), לפי ענף ראשי מקובץ וענפי משנה מקובצים, במתכונת ""הסיווג האחיד של ענפי הכלכלה - 2011"""
180980	ייצור אביזרי מים סניטאריים ותעשייתיים, אביזרי מים להשקיה	true	1983-01-16	2026-04-27	"מדד המחירים הסיטוניים של תפוקת התעשייה ליעדים מקומיים (כולל מע""מ), לפי ענף ראשי מקובץ וענפי משנה מקובצים, במתכונת ""הסיווג האחיד של ענפי הכלכלה - 2011"""
180985	חישול, לחיצה, עיצוב, הטבעה וגלגול של מתכות,  עיבוד וציפוי מתכות	true	2013-01-16	2026-04-27	"מדד המחירים הסיטוניים של תפוקת התעשייה ליעדים מקומיים (כולל מע""מ), לפי ענף ראשי מקובץ וענפי משנה מקובצים, במתכונת ""הסיווג האחיד של ענפי הכלכלה - 2011"""
180960	מסגריות, עיבוד מכני ועיבוד שבבי	true	2013-01-16	2026-04-27	"מדד המחירים הסיטוניים של תפוקת התעשייה ליעדים מקומיים (כולל מע""מ), לפי ענף ראשי מקובץ וענפי משנה מקובצים, במתכונת ""הסיווג האחיד של ענפי הכלכלה - 2011"""
180990	"ייצור אריזות ומכלים מפח, זיווד אלקטרוני  ומוצרי פח לנמ""א"	true	1983-01-16	2026-04-27	"מדד המחירים הסיטוניים של תפוקת התעשייה ליעדים מקומיים (כולל מע""מ), לפי ענף ראשי מקובץ וענפי משנה מקובצים, במתכונת ""הסיווג האחיד של ענפי הכלכלה - 2011"""
181000	ייצור רשתות כבלים חוטים ותיל	true	1983-01-16	2026-04-27	"מדד המחירים הסיטוניים של תפוקת התעשייה ליעדים מקומיים (כולל מע""מ), לפי ענף ראשי מקובץ וענפי משנה מקובצים, במתכונת ""הסיווג האחיד של ענפי הכלכלה - 2011"""
181005	כלי בישול, מבלטים ותבניות ממתכת	true	2013-01-16	2026-04-27	"מדד המחירים הסיטוניים של תפוקת התעשייה ליעדים מקומיים (כולל מע""מ), לפי ענף ראשי מקובץ וענפי משנה מקובצים, במתכונת ""הסיווג האחיד של ענפי הכלכלה - 2011"""
181010	ייצור מוצרי מתכת שונים	true	1995-01-16	2026-04-27	"מדד המחירים הסיטוניים של תפוקת התעשייה ליעדים מקומיים (כולל מע""מ), לפי ענף ראשי מקובץ וענפי משנה מקובצים, במתכונת ""הסיווג האחיד של ענפי הכלכלה - 2011"""
181157	ייצור רכיבים ולוחות אלקטרוניים	true	2013-01-16	2026-04-27	"מדד המחירים הסיטוניים של תפוקת התעשייה ליעדים מקומיים (כולל מע""מ), לפי ענף ראשי מקובץ וענפי משנה מקובצים, במתכונת ""הסיווג האחיד של ענפי הכלכלה - 2011"""
181160	ייצור ציוד תקשורת אלקטרוני	true	1995-01-16	2026-04-27	"מדד המחירים הסיטוניים של תפוקת התעשייה ליעדים מקומיים (כולל מע""מ), לפי ענף ראשי מקובץ וענפי משנה מקובצים, במתכונת ""הסיווג האחיד של ענפי הכלכלה - 2011"""
181225	ייצור מכשירי מדידה, בדיקה, ניווט ובקרה	true	2013-01-16	2026-04-27	"מדד המחירים הסיטוניים של תפוקת התעשייה ליעדים מקומיים (כולל מע""מ), לפי ענף ראשי מקובץ וענפי משנה מקובצים, במתכונת ""הסיווג האחיד של ענפי הכלכלה - 2011"""
181230	ייצור מכשור אלקטרוני רפואי, מכשור רפואי וכירורגי	true	1996-02-16	2026-04-27	"מדד המחירים הסיטוניים של תפוקת התעשייה ליעדים מקומיים (כולל מע""מ), לפי ענף ראשי מקובץ וענפי משנה מקובצים, במתכונת ""הסיווג האחיד של ענפי הכלכלה - 2011"""
181250	ייצור מכשור אופטי	true	1983-01-16	2026-04-27	"מדד המחירים הסיטוניים של תפוקת התעשייה ליעדים מקומיים (כולל מע""מ), לפי ענף ראשי מקובץ וענפי משנה מקובצים, במתכונת ""הסיווג האחיד של ענפי הכלכלה - 2011"""
191770	ייצור מנועים חשמליים	true	1983-01-16	2026-04-27	"מדד המחירים הסיטוניים של תפוקת התעשייה ליעדים מקומיים (כולל מע""מ), לפי ענף ראשי מקובץ וענפי משנה מקובצים, במתכונת ""הסיווג האחיד של ענפי הכלכלה - 2011"""
191780	ייצור שנאים	true	1995-01-16	2026-04-27	"מדד המחירים הסיטוניים של תפוקת התעשייה ליעדים מקומיים (כולל מע""מ), לפי ענף ראשי מקובץ וענפי משנה מקובצים, במתכונת ""הסיווג האחיד של ענפי הכלכלה - 2011"""
180115	ייצור אביזרים לחלוקת חשמל ובקרתו	true	2013-01-16	2026-04-27	"מדד המחירים הסיטוניים של תפוקת התעשייה ליעדים מקומיים (כולל מע""מ), לפי ענף ראשי מקובץ וענפי משנה מקובצים, במתכונת ""הסיווג האחיד של ענפי הכלכלה - 2011"""
181130	ייצור מצברים	true	1983-01-16	2026-04-27	"מדד המחירים הסיטוניים של תפוקת התעשייה ליעדים מקומיים (כולל מע""מ), לפי ענף ראשי מקובץ וענפי משנה מקובצים, במתכונת ""הסיווג האחיד של ענפי הכלכלה - 2011"""
181120	ייצור סוגים אחרים של כבלים חשמלייים ואלקטרוניים כבלי סיבים אופטיים ומתקני חיווט	true	1983-01-16	2026-04-27	"מדד המחירים הסיטוניים של תפוקת התעשייה ליעדים מקומיים (כולל מע""מ), לפי ענף ראשי מקובץ וענפי משנה מקובצים, במתכונת ""הסיווג האחיד של ענפי הכלכלה - 2011"""
181133	ייצור ציוד תאורה חשמלית	true	2013-01-16	2026-04-27	"מדד המחירים הסיטוניים של תפוקת התעשייה ליעדים מקומיים (כולל מע""מ), לפי ענף ראשי מקובץ וענפי משנה מקובצים, במתכונת ""הסיווג האחיד של ענפי הכלכלה - 2011"""
181137	ייצור מכשירי חשמל ביתיים	true	2013-01-16	2026-04-27	"מדד המחירים הסיטוניים של תפוקת התעשייה ליעדים מקומיים (כולל מע""מ), לפי ענף ראשי מקובץ וענפי משנה מקובצים, במתכונת ""הסיווג האחיד של ענפי הכלכלה - 2011"""
181032	ייצור ציוד למערכות הידראוליות	true	2013-01-16	2026-04-27	"מדד המחירים הסיטוניים של תפוקת התעשייה ליעדים מקומיים (כולל מע""מ), לפי ענף ראשי מקובץ וענפי משנה מקובצים, במתכונת ""הסיווג האחיד של ענפי הכלכלה - 2011"""
181033	ייצור סוגים אחרים של משאבות, מדחסים,  ברזים ושסתומים	true	2013-01-16	2026-04-27	"מדד המחירים הסיטוניים של תפוקת התעשייה ליעדים מקומיים (כולל מע""מ), לפי ענף ראשי מקובץ וענפי משנה מקובצים, במתכונת ""הסיווג האחיד של ענפי הכלכלה - 2011"""
181035	ייצור מסבים, גלגלי שיניים, תשלובת גלגלי  שיניים וציוד הנעה	true	2013-01-16	2026-04-27	"מדד המחירים הסיטוניים של תפוקת התעשייה ליעדים מקומיים (כולל מע""מ), לפי ענף ראשי מקובץ וענפי משנה מקובצים, במתכונת ""הסיווג האחיד של ענפי הכלכלה - 2011"""
181037	ייצור תנורים, כבשנים ומבערים	true	2013-01-16	2026-04-27	"מדד המחירים הסיטוניים של תפוקת התעשייה ליעדים מקומיים (כולל מע""מ), לפי ענף ראשי מקובץ וענפי משנה מקובצים, במתכונת ""הסיווג האחיד של ענפי הכלכלה - 2011"""
181038	ייצור ציוד הרמה, שינוע, פריקה וטעינה	true	2013-01-16	2026-04-27	"מדד המחירים הסיטוניים של תפוקת התעשייה ליעדים מקומיים (כולל מע""מ), לפי ענף ראשי מקובץ וענפי משנה מקובצים, במתכונת ""הסיווג האחיד של ענפי הכלכלה - 2011"""
181045	"ייצור מכונות וציוד כללי לנמ""א"	true	2013-01-16	2026-04-27	"מדד המחירים הסיטוניים של תפוקת התעשייה ליעדים מקומיים (כולל מע""מ), לפי ענף ראשי מקובץ וענפי משנה מקובצים, במתכונת ""הסיווג האחיד של ענפי הכלכלה - 2011"""
181050	ייצור מכונות לחקלאות וייעור	true	1983-01-16	2026-04-27	"מדד המחירים הסיטוניים של תפוקת התעשייה ליעדים מקומיים (כולל מע""מ), לפי ענף ראשי מקובץ וענפי משנה מקובצים, במתכונת ""הסיווג האחיד של ענפי הכלכלה - 2011"""
181060	"ייצור מכונות לעיצוב מתכות, לכרייה וחציבה לעיבוד מזון ומכונות  אחרות לשימושים מיוחדים לנמ""א"	true	1995-01-16	2026-04-27	"מדד המחירים הסיטוניים של תפוקת התעשייה ליעדים מקומיים (כולל מע""מ), לפי ענף ראשי מקובץ וענפי משנה מקובצים, במתכונת ""הסיווג האחיד של ענפי הכלכלה - 2011"""
181470	ייצור כלי רכב, מרכבים ונגררים לכלי רכב מנועיים	true	2013-01-16	2026-04-27	"מדד המחירים הסיטוניים של תפוקת התעשייה ליעדים מקומיים (כולל מע""מ), לפי ענף ראשי מקובץ וענפי משנה מקובצים, במתכונת ""הסיווג האחיד של ענפי הכלכלה - 2011"""
181480	ייצור חלקי חילוף ואביזרים לכלי רכב	true	2013-01-16	2026-04-27	"מדד המחירים הסיטוניים של תפוקת התעשייה ליעדים מקומיים (כולל מע""מ), לפי ענף ראשי מקובץ וענפי משנה מקובצים, במתכונת ""הסיווג האחיד של ענפי הכלכלה - 2011"""
181510	"ייצור כלי טייס, וכלי תחבורה אחרים לנמ""א"	true	2013-01-16	2026-04-27	"מדד המחירים הסיטוניים של תפוקת התעשייה ליעדים מקומיים (כולל מע""מ), לפי ענף ראשי מקובץ וענפי משנה מקובצים, במתכונת ""הסיווג האחיד של ענפי הכלכלה - 2011"""
181540	ייצור רהיטים	true	2013-01-16	2026-04-27	"מדד המחירים הסיטוניים של תפוקת התעשייה ליעדים מקומיים (כולל מע""מ), לפי ענף ראשי מקובץ וענפי משנה מקובצים, במתכונת ""הסיווג האחיד של ענפי הכלכלה - 2011"""
181560	ייצור תכשיטים יקרים ופריטים דומים	true	2013-01-16	2026-04-27	"מדד המחירים הסיטוניים של תפוקת התעשייה ליעדים מקומיים (כולל מע""מ), לפי ענף ראשי מקובץ וענפי משנה מקובצים, במתכונת ""הסיווג האחיד של ענפי הכלכלה - 2011"""
181570	ייצור תכשיטים ממתכות לא יקרות ואביזרים נלווים	true	2013-01-16	2026-04-27	"מדד המחירים הסיטוניים של תפוקת התעשייה ליעדים מקומיים (כולל מע""מ), לפי ענף ראשי מקובץ וענפי משנה מקובצים, במתכונת ""הסיווג האחיד של ענפי הכלכלה - 2011"""
181433	ייצור כלי נגינה	true	2006-01-16	2026-04-27	"מדד המחירים הסיטוניים של תפוקת התעשייה ליעדים מקומיים (כולל מע""מ), לפי ענף ראשי מקובץ וענפי משנה מקובצים, במתכונת ""הסיווג האחיד של ענפי הכלכלה - 2011"""
181380	ייצור ציוד ספורט	true	1995-01-16	2026-04-27	"מדד המחירים הסיטוניים של תפוקת התעשייה ליעדים מקומיים (כולל מע""מ), לפי ענף ראשי מקובץ וענפי משנה מקובצים, במתכונת ""הסיווג האחיד של ענפי הכלכלה - 2011"""
181390	ייצור משחקים וצעצועים	true	1995-01-16	2026-04-27	"מדד המחירים הסיטוניים של תפוקת התעשייה ליעדים מקומיים (כולל מע""מ), לפי ענף ראשי מקובץ וענפי משנה מקובצים, במתכונת ""הסיווג האחיד של ענפי הכלכלה - 2011"""
181600	ייצור ציוד רפואי לרפואה כללית, רפואת שיניים ואורטופדיה	true	2013-01-16	2026-04-27	"מדד המחירים הסיטוניים של תפוקת התעשייה ליעדים מקומיים (כולל מע""מ), לפי ענף ראשי מקובץ וענפי משנה מקובצים, במתכונת ""הסיווג האחיד של ענפי הכלכלה - 2011"""
181610	"תעשיות אחרות לנמ""א"	true	2013-01-16	2026-04-27	"מדד המחירים הסיטוניים של תפוקת התעשייה ליעדים מקומיים (כולל מע""מ), לפי ענף ראשי מקובץ וענפי משנה מקובצים, במתכונת ""הסיווג האחיד של ענפי הכלכלה - 2011"""
181640	תיקון מוצרי מתכת בהרכבה	true	2013-01-16	2026-04-27	"מדד המחירים הסיטוניים של תפוקת התעשייה ליעדים מקומיים (כולל מע""מ), לפי ענף ראשי מקובץ וענפי משנה מקובצים, במתכונת ""הסיווג האחיד של ענפי הכלכלה - 2011"""
181650	תיקון מכונות	true	2013-01-16	2026-04-27	"מדד המחירים הסיטוניים של תפוקת התעשייה ליעדים מקומיים (כולל מע""מ), לפי ענף ראשי מקובץ וענפי משנה מקובצים, במתכונת ""הסיווג האחיד של ענפי הכלכלה - 2011"""
181660	תיקון ציוד אלקטרוני, מכשור אופטי וציוד רפואי	true	2013-01-16	2026-04-27	"מדד המחירים הסיטוניים של תפוקת התעשייה ליעדים מקומיים (כולל מע""מ), לפי ענף ראשי מקובץ וענפי משנה מקובצים, במתכונת ""הסיווג האחיד של ענפי הכלכלה - 2011"""
181670	תיקון של ציוד חשמל	true	2013-01-16	2026-04-27	"מדד המחירים הסיטוניים של תפוקת התעשייה ליעדים מקומיים (כולל מע""מ), לפי ענף ראשי מקובץ וענפי משנה מקובצים, במתכונת ""הסיווג האחיד של ענפי הכלכלה - 2011"""
181680	תיקון כלי תחבורה פרט לכלי רכב	true	2013-01-16	2026-04-27	"מדד המחירים הסיטוניים של תפוקת התעשייה ליעדים מקומיים (כולל מע""מ), לפי ענף ראשי מקובץ וענפי משנה מקובצים, במתכונת ""הסיווג האחיד של ענפי הכלכלה - 2011"""
190030	בשר בקר	true	1983-01-16	2026-04-27	"מדד המחירים הסיטוניים של מוצרים וקבוצות מוצרים נבחרים של תפוקת התעשייה ליעדים מקומיים (כולל מע""מ), לפי ענפים מקובצים, במתכונת ""הסיווג האחיד של ענפי הכלכלה - 2011"""
190040	עוף שחוט ומרוט	true	1983-01-16	2026-04-27	"מדד המחירים הסיטוניים של מוצרים וקבוצות מוצרים נבחרים של תפוקת התעשייה ליעדים מקומיים (כולל מע""מ), לפי ענפים מקובצים, במתכונת ""הסיווג האחיד של ענפי הכלכלה - 2011"""
190045	דגים קפואים ומעושנים	true	2006-01-16	2026-04-27	"מדד המחירים הסיטוניים של מוצרים וקבוצות מוצרים נבחרים של תפוקת התעשייה ליעדים מקומיים (כולל מע""מ), לפי ענפים מקובצים, במתכונת ""הסיווג האחיד של ענפי הכלכלה - 2011"""
190050	נקניק	true	1983-01-16	2026-04-27	"מדד המחירים הסיטוניים של מוצרים וקבוצות מוצרים נבחרים של תפוקת התעשייה ליעדים מקומיים (כולל מע""מ), לפי ענפים מקובצים, במתכונת ""הסיווג האחיד של ענפי הכלכלה - 2011"""
190060	חלב מפוסטר	true	1983-01-16	2026-04-27	"מדד המחירים הסיטוניים של מוצרים וקבוצות מוצרים נבחרים של תפוקת התעשייה ליעדים מקומיים (כולל מע""מ), לפי ענפים מקובצים, במתכונת ""הסיווג האחיד של ענפי הכלכלה - 2011"""
190070	שמנת	true	1983-01-16	2026-04-27	"מדד המחירים הסיטוניים של מוצרים וקבוצות מוצרים נבחרים של תפוקת התעשייה ליעדים מקומיים (כולל מע""מ), לפי ענפים מקובצים, במתכונת ""הסיווג האחיד של ענפי הכלכלה - 2011"""
190080	חמאה	true	1983-01-16	2026-04-27	"מדד המחירים הסיטוניים של מוצרים וקבוצות מוצרים נבחרים של תפוקת התעשייה ליעדים מקומיים (כולל מע""מ), לפי ענפים מקובצים, במתכונת ""הסיווג האחיד של ענפי הכלכלה - 2011"""
190090	גבינה	true	1983-01-16	2026-04-27	"מדד המחירים הסיטוניים של מוצרים וקבוצות מוצרים נבחרים של תפוקת התעשייה ליעדים מקומיים (כולל מע""מ), לפי ענפים מקובצים, במתכונת ""הסיווג האחיד של ענפי הכלכלה - 2011"""
190100	גלידות ושלגונים	true	1983-01-16	2026-04-27	"מדד המחירים הסיטוניים של מוצרים וקבוצות מוצרים נבחרים של תפוקת התעשייה ליעדים מקומיים (כולל מע""מ), לפי ענפים מקובצים, במתכונת ""הסיווג האחיד של ענפי הכלכלה - 2011"""
190130	מיץ טבעי מפרי הדר	true	1983-01-16	2026-04-27	"מדד המחירים הסיטוניים של מוצרים וקבוצות מוצרים נבחרים של תפוקת התעשייה ליעדים מקומיים (כולל מע""מ), לפי ענפים מקובצים, במתכונת ""הסיווג האחיד של ענפי הכלכלה - 2011"""
190140	מלפפונים כבושים	true	1983-01-16	2026-04-27	"מדד המחירים הסיטוניים של מוצרים וקבוצות מוצרים נבחרים של תפוקת התעשייה ליעדים מקומיים (כולל מע""מ), לפי ענפים מקובצים, במתכונת ""הסיווג האחיד של ענפי הכלכלה - 2011"""
190150	רסק עגבניות	true	1983-01-16	2026-04-27	"מדד המחירים הסיטוניים של מוצרים וקבוצות מוצרים נבחרים של תפוקת התעשייה ליעדים מקומיים (כולל מע""מ), לפי ענפים מקובצים, במתכונת ""הסיווג האחיד של ענפי הכלכלה - 2011"""
190160	זיתים	true	1983-01-16	2026-04-27	"מדד המחירים הסיטוניים של מוצרים וקבוצות מוצרים נבחרים של תפוקת התעשייה ליעדים מקומיים (כולל מע""מ), לפי ענפים מקובצים, במתכונת ""הסיווג האחיד של ענפי הכלכלה - 2011"""
190165	סלטי ירקות	true	2013-01-16	2026-04-27	"מדד המחירים הסיטוניים של מוצרים וקבוצות מוצרים נבחרים של תפוקת התעשייה ליעדים מקומיים (כולל מע""מ), לפי ענפים מקובצים, במתכונת ""הסיווג האחיד של ענפי הכלכלה - 2011"""
190170	ירקות מוקפאים	true	1995-01-16	2026-04-27	"מדד המחירים הסיטוניים של מוצרים וקבוצות מוצרים נבחרים של תפוקת התעשייה ליעדים מקומיים (כולל מע""מ), לפי ענפים מקובצים, במתכונת ""הסיווג האחיד של ענפי הכלכלה - 2011"""
190180	מיונית	true	1983-01-16	2026-04-27	"מדד המחירים הסיטוניים של מוצרים וקבוצות מוצרים נבחרים של תפוקת התעשייה ליעדים מקומיים (כולל מע""מ), לפי ענפים מקובצים, במתכונת ""הסיווג האחיד של ענפי הכלכלה - 2011"""
190190	טחינה וחומוס	true	1983-01-16	2026-04-27	"מדד המחירים הסיטוניים של מוצרים וקבוצות מוצרים נבחרים של תפוקת התעשייה ליעדים מקומיים (כולל מע""מ), לפי ענפים מקובצים, במתכונת ""הסיווג האחיד של ענפי הכלכלה - 2011"""
190200	מרגרינה	true	1983-01-16	2026-04-27	"מדד המחירים הסיטוניים של מוצרים וקבוצות מוצרים נבחרים של תפוקת התעשייה ליעדים מקומיים (כולל מע""מ), לפי ענפים מקובצים, במתכונת ""הסיווג האחיד של ענפי הכלכלה - 2011"""
190210	קמח לבן	true	1983-01-16	2026-04-27	"מדד המחירים הסיטוניים של מוצרים וקבוצות מוצרים נבחרים של תפוקת התעשייה ליעדים מקומיים (כולל מע""מ), לפי ענפים מקובצים, במתכונת ""הסיווג האחיד של ענפי הכלכלה - 2011"""
190215	קמח אחיד	true	2021-02-16	2026-04-27	"מדד המחירים הסיטוניים של מוצרים וקבוצות מוצרים נבחרים של תפוקת התעשייה ליעדים מקומיים (כולל מע""מ), לפי ענפים מקובצים, במתכונת ""הסיווג האחיד של ענפי הכלכלה - 2011"""
190220	לחם לבן	true	1983-01-16	2026-04-27	"מדד המחירים הסיטוניים של מוצרים וקבוצות מוצרים נבחרים של תפוקת התעשייה ליעדים מקומיים (כולל מע""מ), לפי ענפים מקובצים, במתכונת ""הסיווג האחיד של ענפי הכלכלה - 2011"""
190230	לחם אחיד	true	1995-01-16	2026-04-27	"מדד המחירים הסיטוניים של מוצרים וקבוצות מוצרים נבחרים של תפוקת התעשייה ליעדים מקומיים (כולל מע""מ), לפי ענפים מקובצים, במתכונת ""הסיווג האחיד של ענפי הכלכלה - 2011"""
190231	לחם ארוז ופרוס	true	2006-01-16	2026-04-27	"מדד המחירים הסיטוניים של מוצרים וקבוצות מוצרים נבחרים של תפוקת התעשייה ליעדים מקומיים (כולל מע""מ), לפי ענפים מקובצים, במתכונת ""הסיווג האחיד של ענפי הכלכלה - 2011"""
190233	לחם מיוחד	true	2006-01-16	2026-04-27	"מדד המחירים הסיטוניים של מוצרים וקבוצות מוצרים נבחרים של תפוקת התעשייה ליעדים מקומיים (כולל מע""מ), לפי ענפים מקובצים, במתכונת ""הסיווג האחיד של ענפי הכלכלה - 2011"""
180150	מוצרי קונדיטוריה, ביסקוויטים וופלים	true	1983-01-16	2026-04-27	"מדד המחירים הסיטוניים של מוצרים וקבוצות מוצרים נבחרים של תפוקת התעשייה ליעדים מקומיים (כולל מע""מ), לפי ענפים מקובצים, במתכונת ""הסיווג האחיד של ענפי הכלכלה - 2011"""
190235	עוגות מוכנות	true	2006-01-16	2026-04-27	"מדד המחירים הסיטוניים של מוצרים וקבוצות מוצרים נבחרים של תפוקת התעשייה ליעדים מקומיים (כולל מע""מ), לפי ענפים מקובצים, במתכונת ""הסיווג האחיד של ענפי הכלכלה - 2011"""
190237	מוצרי בצק קפואים	true	2006-01-16	2026-04-27	"מדד המחירים הסיטוניים של מוצרים וקבוצות מוצרים נבחרים של תפוקת התעשייה ליעדים מקומיים (כולל מע""מ), לפי ענפים מקובצים, במתכונת ""הסיווג האחיד של ענפי הכלכלה - 2011"""
190239	מזון מוכן קפוא	true	2006-01-16	2026-04-27	"מדד המחירים הסיטוניים של מוצרים וקבוצות מוצרים נבחרים של תפוקת התעשייה ליעדים מקומיים (כולל מע""מ), לפי ענפים מקובצים, במתכונת ""הסיווג האחיד של ענפי הכלכלה - 2011"""
190250	ממתקים	true	1983-01-16	2026-04-27	"מדד המחירים הסיטוניים של מוצרים וקבוצות מוצרים נבחרים של תפוקת התעשייה ליעדים מקומיים (כולל מע""מ), לפי ענפים מקובצים, במתכונת ""הסיווג האחיד של ענפי הכלכלה - 2011"""
190260	שוקולד	true	1983-01-16	2026-04-27	"מדד המחירים הסיטוניים של מוצרים וקבוצות מוצרים נבחרים של תפוקת התעשייה ליעדים מקומיים (כולל מע""מ), לפי ענפים מקובצים, במתכונת ""הסיווג האחיד של ענפי הכלכלה - 2011"""
190270	שמן	true	1983-01-16	2026-04-27	"מדד המחירים הסיטוניים של מוצרים וקבוצות מוצרים נבחרים של תפוקת התעשייה ליעדים מקומיים (כולל מע""מ), לפי ענפים מקובצים, במתכונת ""הסיווג האחיד של ענפי הכלכלה - 2011"""
190280	כוספה	true	1983-01-16	2026-04-27	"מדד המחירים הסיטוניים של מוצרים וקבוצות מוצרים נבחרים של תפוקת התעשייה ליעדים מקומיים (כולל מע""מ), לפי ענפים מקובצים, במתכונת ""הסיווג האחיד של ענפי הכלכלה - 2011"""
190290	קפה	true	1983-01-16	2026-04-27	"מדד המחירים הסיטוניים של מוצרים וקבוצות מוצרים נבחרים של תפוקת התעשייה ליעדים מקומיים (כולל מע""מ), לפי ענפים מקובצים, במתכונת ""הסיווג האחיד של ענפי הכלכלה - 2011"""
190300	אבקות מרק	true	1983-01-16	2026-04-27	"מדד המחירים הסיטוניים של מוצרים וקבוצות מוצרים נבחרים של תפוקת התעשייה ליעדים מקומיים (כולל מע""מ), לפי ענפים מקובצים, במתכונת ""הסיווג האחיד של ענפי הכלכלה - 2011"""
190330	בירה לבנה	true	1983-01-16	2026-04-27	"מדד המחירים הסיטוניים של מוצרים וקבוצות מוצרים נבחרים של תפוקת התעשייה ליעדים מקומיים (כולל מע""מ), לפי ענפים מקובצים, במתכונת ""הסיווג האחיד של ענפי הכלכלה - 2011"""
190340	משקאות קלים תוססים	true	1983-01-16	2026-04-27	"מדד המחירים הסיטוניים של מוצרים וקבוצות מוצרים נבחרים של תפוקת התעשייה ליעדים מקומיים (כולל מע""מ), לפי ענפים מקובצים, במתכונת ""הסיווג האחיד של ענפי הכלכלה - 2011"""
190350	משקאות קלים לא תוססים	true	1995-01-16	2026-04-27	"מדד המחירים הסיטוניים של מוצרים וקבוצות מוצרים נבחרים של תפוקת התעשייה ליעדים מקומיים (כולל מע""מ), לפי ענפים מקובצים, במתכונת ""הסיווג האחיד של ענפי הכלכלה - 2011"""
190390	חוטי פוליאסטר	true	1983-01-16	2026-04-27	"מדד המחירים הסיטוניים של מוצרים וקבוצות מוצרים נבחרים של תפוקת התעשייה ליעדים מקומיים (כולל מע""מ), לפי ענפים מקובצים, במתכונת ""הסיווג האחיד של ענפי הכלכלה - 2011"""
190430	אריגים סינתטיים	true	1983-01-16	2026-04-27	"מדד המחירים הסיטוניים של מוצרים וקבוצות מוצרים נבחרים של תפוקת התעשייה ליעדים מקומיים (כולל מע""מ), לפי ענפים מקובצים, במתכונת ""הסיווג האחיד של ענפי הכלכלה - 2011"""
190433	ציוד למחנאות, חגור צבאי  וכיסויים	true	2006-01-16	2026-04-27	"מדד המחירים הסיטוניים של מוצרים וקבוצות מוצרים נבחרים של תפוקת התעשייה ליעדים מקומיים (כולל מע""מ), לפי ענפים מקובצים, במתכונת ""הסיווג האחיד של ענפי הכלכלה - 2011"""
190437	וילונות	true	2006-01-16	2026-04-27	"מדד המחירים הסיטוניים של מוצרים וקבוצות מוצרים נבחרים של תפוקת התעשייה ליעדים מקומיים (כולל מע""מ), לפי ענפים מקובצים, במתכונת ""הסיווג האחיד של ענפי הכלכלה - 2011"""
190473	הלבשה עליונה לנשים	true	2006-01-16	2026-04-27	"מדד המחירים הסיטוניים של מוצרים וקבוצות מוצרים נבחרים של תפוקת התעשייה ליעדים מקומיים (כולל מע""מ), לפי ענפים מקובצים, במתכונת ""הסיווג האחיד של ענפי הכלכלה - 2011"""
190510	שמלה	true	1983-01-16	2026-04-27	"מדד המחירים הסיטוניים של מוצרים וקבוצות מוצרים נבחרים של תפוקת התעשייה ליעדים מקומיים (כולל מע""מ), לפי ענפים מקובצים, במתכונת ""הסיווג האחיד של ענפי הכלכלה - 2011"""
190520	חצאית	true	1983-01-16	2026-04-27	"מדד המחירים הסיטוניים של מוצרים וקבוצות מוצרים נבחרים של תפוקת התעשייה ליעדים מקומיים (כולל מע""מ), לפי ענפים מקובצים, במתכונת ""הסיווג האחיד של ענפי הכלכלה - 2011"""
190530	חולצה לאישה	true	1983-01-16	2026-04-27	"מדד המחירים הסיטוניים של מוצרים וקבוצות מוצרים נבחרים של תפוקת התעשייה ליעדים מקומיים (כולל מע""מ), לפי ענפים מקובצים, במתכונת ""הסיווג האחיד של ענפי הכלכלה - 2011"""
190535	מכנסיים לאשה	true	2006-01-16	2026-04-27	"מדד המחירים הסיטוניים של מוצרים וקבוצות מוצרים נבחרים של תפוקת התעשייה ליעדים מקומיים (כולל מע""מ), לפי ענפים מקובצים, במתכונת ""הסיווג האחיד של ענפי הכלכלה - 2011"""
190560	פיז'מה לגבר ולילד	true	1983-01-16	2026-04-27	"מדד המחירים הסיטוניים של מוצרים וקבוצות מוצרים נבחרים של תפוקת התעשייה ליעדים מקומיים (כולל מע""מ), לפי ענפים מקובצים, במתכונת ""הסיווג האחיד של ענפי הכלכלה - 2011"""
190570	פיז'מה וכותנת לילה לאישה	true	1983-01-16	2026-04-27	"מדד המחירים הסיטוניים של מוצרים וקבוצות מוצרים נבחרים של תפוקת התעשייה ליעדים מקומיים (כולל מע""מ), לפי ענפים מקובצים, במתכונת ""הסיווג האחיד של ענפי הכלכלה - 2011"""
190440	הלבשה תחתונה סרוגה	true	1983-01-16	2026-04-27	"מדד המחירים הסיטוניים של מוצרים וקבוצות מוצרים נבחרים של תפוקת התעשייה ליעדים מקומיים (כולל מע""מ), לפי ענפים מקובצים, במתכונת ""הסיווג האחיד של ענפי הכלכלה - 2011"""
190630	עור עליון	true	1983-01-16	2026-04-27	"מדד המחירים הסיטוניים של מוצרים וקבוצות מוצרים נבחרים של תפוקת התעשייה ליעדים מקומיים (כולל מע""מ), לפי ענפים מקובצים, במתכונת ""הסיווג האחיד של ענפי הכלכלה - 2011"""
190650	נעליים לגבר	true	1983-01-16	2026-04-27	"מדד המחירים הסיטוניים של מוצרים וקבוצות מוצרים נבחרים של תפוקת התעשייה ליעדים מקומיים (כולל מע""מ), לפי ענפים מקובצים, במתכונת ""הסיווג האחיד של ענפי הכלכלה - 2011"""
190660	נעליים לאישה	true	1983-01-16	2026-04-27	"מדד המחירים הסיטוניים של מוצרים וקבוצות מוצרים נבחרים של תפוקת התעשייה ליעדים מקומיים (כולל מע""מ), לפי ענפים מקובצים, במתכונת ""הסיווג האחיד של ענפי הכלכלה - 2011"""
190690	סנדלים	true	1983-01-16	2026-04-27	"מדד המחירים הסיטוניים של מוצרים וקבוצות מוצרים נבחרים של תפוקת התעשייה ליעדים מקומיים (כולל מע""מ), לפי ענפים מקובצים, במתכונת ""הסיווג האחיד של ענפי הכלכלה - 2011"""
190695	קבקבים ונעלי בית	true	2013-01-16	2026-04-27	"מדד המחירים הסיטוניים של מוצרים וקבוצות מוצרים נבחרים של תפוקת התעשייה ליעדים מקומיים (כולל מע""מ), לפי ענפים מקובצים, במתכונת ""הסיווג האחיד של ענפי הכלכלה - 2011"""
190760	דלתות ומשקופים	true	1983-01-16	2026-04-27	"מדד המחירים הסיטוניים של מוצרים וקבוצות מוצרים נבחרים של תפוקת התעשייה ליעדים מקומיים (כולל מע""מ), לפי ענפים מקובצים, במתכונת ""הסיווג האחיד של ענפי הכלכלה - 2011"""
190790	נייר לבן גולמי וחתוך לכתיבה ולהדפסה	true	1983-01-16	2026-04-27	"מדד המחירים הסיטוניים של מוצרים וקבוצות מוצרים נבחרים של תפוקת התעשייה ליעדים מקומיים (כולל מע""מ), לפי ענפים מקובצים, במתכונת ""הסיווג האחיד של ענפי הכלכלה - 2011"""
190800	קרטון גולמי בלתי מעובד	true	1983-01-16	2026-04-27	"מדד המחירים הסיטוניים של מוצרים וקבוצות מוצרים נבחרים של תפוקת התעשייה ליעדים מקומיים (כולל מע""מ), לפי ענפים מקובצים, במתכונת ""הסיווג האחיד של ענפי הכלכלה - 2011"""
190820	מעטפות	true	1983-01-16	2026-04-27	"מדד המחירים הסיטוניים של מוצרים וקבוצות מוצרים נבחרים של תפוקת התעשייה ליעדים מקומיים (כולל מע""מ), לפי ענפים מקובצים, במתכונת ""הסיווג האחיד של ענפי הכלכלה - 2011"""
190830	שקי נייר	true	1983-01-16	2026-04-27	"מדד המחירים הסיטוניים של מוצרים וקבוצות מוצרים נבחרים של תפוקת התעשייה ליעדים מקומיים (כולל מע""מ), לפי ענפים מקובצים, במתכונת ""הסיווג האחיד של ענפי הכלכלה - 2011"""
190840	שקיות נייר	true	1983-01-16	2026-04-27	"מדד המחירים הסיטוניים של מוצרים וקבוצות מוצרים נבחרים של תפוקת התעשייה ליעדים מקומיים (כולל מע""מ), לפי ענפים מקובצים, במתכונת ""הסיווג האחיד של ענפי הכלכלה - 2011"""
190850	קופסאות קרטון	true	1983-01-16	2026-04-27	"מדד המחירים הסיטוניים של מוצרים וקבוצות מוצרים נבחרים של תפוקת התעשייה ליעדים מקומיים (כולל מע""מ), לפי ענפים מקובצים, במתכונת ""הסיווג האחיד של ענפי הכלכלה - 2011"""
190860	נייר טואלט	true	1995-01-16	2026-04-27	"מדד המחירים הסיטוניים של מוצרים וקבוצות מוצרים נבחרים של תפוקת התעשייה ליעדים מקומיים (כולל מע""מ), לפי ענפים מקובצים, במתכונת ""הסיווג האחיד של ענפי הכלכלה - 2011"""
190870	חיתולים חד-פעמיים לתינוקות ולפעוטות	true	1995-01-16	2026-04-27	"מדד המחירים הסיטוניים של מוצרים וקבוצות מוצרים נבחרים של תפוקת התעשייה ליעדים מקומיים (כולל מע""מ), לפי ענפים מקובצים, במתכונת ""הסיווג האחיד של ענפי הכלכלה - 2011"""
190910	שמנים	true	1983-01-16	2026-04-27	"מדד המחירים הסיטוניים של מוצרים וקבוצות מוצרים נבחרים של תפוקת התעשייה ליעדים מקומיים (כולל מע""מ), לפי ענפים מקובצים, במתכונת ""הסיווג האחיד של ענפי הכלכלה - 2011"""
190920	יסודות גזיים	true	1983-01-16	2026-04-27	"מדד המחירים הסיטוניים של מוצרים וקבוצות מוצרים נבחרים של תפוקת התעשייה ליעדים מקומיים (כולל מע""מ), לפי ענפים מקובצים, במתכונת ""הסיווג האחיד של ענפי הכלכלה - 2011"""
190930	חומצות	true	1983-01-16	2026-04-27	"מדד המחירים הסיטוניים של מוצרים וקבוצות מוצרים נבחרים של תפוקת התעשייה ליעדים מקומיים (כולל מע""מ), לפי ענפים מקובצים, במתכונת ""הסיווג האחיד של ענפי הכלכלה - 2011"""
190950	אמון גפרתי	true	1983-01-16	2026-04-27	"מדד המחירים הסיטוניים של מוצרים וקבוצות מוצרים נבחרים של תפוקת התעשייה ליעדים מקומיים (כולל מע""מ), לפי ענפים מקובצים, במתכונת ""הסיווג האחיד של ענפי הכלכלה - 2011"""
191030	סבון רחצה	true	1983-01-16	2026-04-27	"מדד המחירים הסיטוניים של מוצרים וקבוצות מוצרים נבחרים של תפוקת התעשייה ליעדים מקומיים (כולל מע""מ), לפי ענפים מקובצים, במתכונת ""הסיווג האחיד של ענפי הכלכלה - 2011"""
191040	אבקת כביסה	true	1983-01-16	2026-04-27	"מדד המחירים הסיטוניים של מוצרים וקבוצות מוצרים נבחרים של תפוקת התעשייה ליעדים מקומיים (כולל מע""מ), לפי ענפים מקובצים, במתכונת ""הסיווג האחיד של ענפי הכלכלה - 2011"""
191060	צבעים	true	1983-01-16	2026-04-27	"מדד המחירים הסיטוניים של מוצרים וקבוצות מוצרים נבחרים של תפוקת התעשייה ליעדים מקומיים (כולל מע""מ), לפי ענפים מקובצים, במתכונת ""הסיווג האחיד של ענפי הכלכלה - 2011"""
191070	דבק	true	1983-01-16	2026-04-27	"מדד המחירים הסיטוניים של מוצרים וקבוצות מוצרים נבחרים של תפוקת התעשייה ליעדים מקומיים (כולל מע""מ), לפי ענפים מקובצים, במתכונת ""הסיווג האחיד של ענפי הכלכלה - 2011"""
191080	תכשירים להדברת חרקים	true	1983-01-16	2026-04-27	"מדד המחירים הסיטוניים של מוצרים וקבוצות מוצרים נבחרים של תפוקת התעשייה ליעדים מקומיים (כולל מע""מ), לפי ענפים מקובצים, במתכונת ""הסיווג האחיד של ענפי הכלכלה - 2011"""
191090	חומרי חיטוי לאסלה	true	1983-01-16	2026-04-27	"מדד המחירים הסיטוניים של מוצרים וקבוצות מוצרים נבחרים של תפוקת התעשייה ליעדים מקומיים (כולל מע""מ), לפי ענפים מקובצים, במתכונת ""הסיווג האחיד של ענפי הכלכלה - 2011"""
190975	תרופות לבני אדם	true	2000-01-16	2026-04-27	"מדד המחירים הסיטוניים של מוצרים וקבוצות מוצרים נבחרים של תפוקת התעשייה ליעדים מקומיים (כולל מע""מ), לפי ענפים מקובצים, במתכונת ""הסיווג האחיד של ענפי הכלכלה - 2011"""
191020	תרופות לשימוש וטרינרי	true	1983-01-16	2026-04-27	"מדד המחירים הסיטוניים של מוצרים וקבוצות מוצרים נבחרים של תפוקת התעשייה ליעדים מקומיים (כולל מע""מ), לפי ענפים מקובצים, במתכונת ""הסיווג האחיד של ענפי הכלכלה - 2011"""
192040	צמר גפן	true	1983-01-16	2026-04-27	"מדד המחירים הסיטוניים של מוצרים וקבוצות מוצרים נבחרים של תפוקת התעשייה ליעדים מקומיים (כולל מע""מ), לפי ענפים מקובצים, במתכונת ""הסיווג האחיד של ענפי הכלכלה - 2011"""
191125	צינורות מגומי ומוצריהם	true	2006-01-16	2026-04-27	"מדד המחירים הסיטוניים של מוצרים וקבוצות מוצרים נבחרים של תפוקת התעשייה ליעדים מקומיים (כולל מע""מ), לפי ענפים מקובצים, במתכונת ""הסיווג האחיד של ענפי הכלכלה - 2011"""
191150	לוחות ופרופילים מגומי	true	1983-01-16	2026-04-27	"מדד המחירים הסיטוניים של מוצרים וקבוצות מוצרים נבחרים של תפוקת התעשייה ליעדים מקומיים (כולל מע""מ), לפי ענפים מקובצים, במתכונת ""הסיווג האחיד של ענפי הכלכלה - 2011"""
191170	צינורות פלסטיים לסוגיהם	true	1983-01-16	2026-04-27	"מדד המחירים הסיטוניים של מוצרים וקבוצות מוצרים נבחרים של תפוקת התעשייה ליעדים מקומיים (כולל מע""מ), לפי ענפים מקובצים, במתכונת ""הסיווג האחיד של ענפי הכלכלה - 2011"""
191175	אביזרי צנרת להשקייה	true	2006-01-16	2026-04-27	"מדד המחירים הסיטוניים של מוצרים וקבוצות מוצרים נבחרים של תפוקת התעשייה ליעדים מקומיים (כולל מע""מ), לפי ענפים מקובצים, במתכונת ""הסיווג האחיד של ענפי הכלכלה - 2011"""
191180	מושבי אסלה	true	1983-01-16	2026-04-27	"מדד המחירים הסיטוניים של מוצרים וקבוצות מוצרים נבחרים של תפוקת התעשייה ליעדים מקומיים (כולל מע""מ), לפי ענפים מקובצים, במתכונת ""הסיווג האחיד של ענפי הכלכלה - 2011"""
191200	יריעות ושרוולים פלסטיים	true	1983-01-16	2026-04-27	"מדד המחירים הסיטוניים של מוצרים וקבוצות מוצרים נבחרים של תפוקת התעשייה ליעדים מקומיים (כולל מע""מ), לפי ענפים מקובצים, במתכונת ""הסיווג האחיד של ענפי הכלכלה - 2011"""
191215	לוחות פלסטיים	true	2001-01-16	2026-04-27	"מדד המחירים הסיטוניים של מוצרים וקבוצות מוצרים נבחרים של תפוקת התעשייה ליעדים מקומיים (כולל מע""מ), לפי ענפים מקובצים, במתכונת ""הסיווג האחיד של ענפי הכלכלה - 2011"""
191220	כלי בית מפלסטיק	true	1983-01-16	2026-04-27	"מדד המחירים הסיטוניים של מוצרים וקבוצות מוצרים נבחרים של תפוקת התעשייה ליעדים מקומיים (כולל מע""מ), לפי ענפים מקובצים, במתכונת ""הסיווג האחיד של ענפי הכלכלה - 2011"""
191230	שקים ושקיות מניילון לאריזה ולאשפה	true	1995-01-16	2026-04-27	"מדד המחירים הסיטוניים של מוצרים וקבוצות מוצרים נבחרים של תפוקת התעשייה ליעדים מקומיים (כולל מע""מ), לפי ענפים מקובצים, במתכונת ""הסיווג האחיד של ענפי הכלכלה - 2011"""
191240	מוצרי פלסטיק מוקצף	true	1995-01-16	2026-04-27	"מדד המחירים הסיטוניים של מוצרים וקבוצות מוצרים נבחרים של תפוקת התעשייה ליעדים מקומיים (כולל מע""מ), לפי ענפים מקובצים, במתכונת ""הסיווג האחיד של ענפי הכלכלה - 2011"""
191245	ארגזי הובלה מפלסטיק	true	2006-01-16	2026-04-27	"מדד המחירים הסיטוניים של מוצרים וקבוצות מוצרים נבחרים של תפוקת התעשייה ליעדים מקומיים (כולל מע""מ), לפי ענפים מקובצים, במתכונת ""הסיווג האחיד של ענפי הכלכלה - 2011"""
191310	מוצרים טרומיים מבטון	true	1983-01-16	2026-04-27	"מדד המחירים הסיטוניים של מוצרים וקבוצות מוצרים נבחרים של תפוקת התעשייה ליעדים מקומיים (כולל מע""מ), לפי ענפים מקובצים, במתכונת ""הסיווג האחיד של ענפי הכלכלה - 2011"""
191320	בלוקים מבטון	true	1983-01-16	2026-04-27	"מדד המחירים הסיטוניים של מוצרים וקבוצות מוצרים נבחרים של תפוקת התעשייה ליעדים מקומיים (כולל מע""מ), לפי ענפים מקובצים, במתכונת ""הסיווג האחיד של ענפי הכלכלה - 2011"""
191330	מרצפות ופנלים	true	1983-01-16	2026-04-27	"מדד המחירים הסיטוניים של מוצרים וקבוצות מוצרים נבחרים של תפוקת התעשייה ליעדים מקומיים (כולל מע""מ), לפי ענפים מקובצים, במתכונת ""הסיווג האחיד של ענפי הכלכלה - 2011"""
191350	צינורות ואביזרי ביוב מבטון	true	1983-01-16	2026-04-27	"מדד המחירים הסיטוניים של מוצרים וקבוצות מוצרים נבחרים של תפוקת התעשייה ליעדים מקומיים (כולל מע""מ), לפי ענפים מקובצים, במתכונת ""הסיווג האחיד של ענפי הכלכלה - 2011"""
191370	עיבוד אבן ושיש	true	1983-01-16	2026-04-27	"מדד המחירים הסיטוניים של מוצרים וקבוצות מוצרים נבחרים של תפוקת התעשייה ליעדים מקומיים (כולל מע""מ), לפי ענפים מקובצים, במתכונת ""הסיווג האחיד של ענפי הכלכלה - 2011"""
191375	מוצרי אספלט וזפת	true	2013-01-16	2026-04-27	"מדד המחירים הסיטוניים של מוצרים וקבוצות מוצרים נבחרים של תפוקת התעשייה ליעדים מקומיים (כולל מע""מ), לפי ענפים מקובצים, במתכונת ""הסיווג האחיד של ענפי הכלכלה - 2011"""
190020	סיד מעובד	true	1983-01-16	2026-04-27	"מדד המחירים הסיטוניים של מוצרים וקבוצות מוצרים נבחרים של תפוקת התעשייה ליעדים מקומיים (כולל מע""מ), לפי ענפים מקובצים, במתכונת ""הסיווג האחיד של ענפי הכלכלה - 2011"""
191380	ברזל עגול ומצולע	true	1983-01-16	2026-04-27	"מדד המחירים הסיטוניים של מוצרים וקבוצות מוצרים נבחרים של תפוקת התעשייה ליעדים מקומיים (כולל מע""מ), לפי ענפים מקובצים, במתכונת ""הסיווג האחיד של ענפי הכלכלה - 2011"""
191390	פחים וסרטים מפלדה	true	1983-01-16	2026-04-27	"מדד המחירים הסיטוניים של מוצרים וקבוצות מוצרים נבחרים של תפוקת התעשייה ליעדים מקומיים (כולל מע""מ), לפי ענפים מקובצים, במתכונת ""הסיווג האחיד של ענפי הכלכלה - 2011"""
191400	מוטות פלדה	true	1983-01-16	2026-04-27	"מדד המחירים הסיטוניים של מוצרים וקבוצות מוצרים נבחרים של תפוקת התעשייה ליעדים מקומיים (כולל מע""מ), לפי ענפים מקובצים, במתכונת ""הסיווג האחיד של ענפי הכלכלה - 2011"""
191410	יציקות ממתכות אל-ברזליות	true	1983-01-16	2026-04-27	"מדד המחירים הסיטוניים של מוצרים וקבוצות מוצרים נבחרים של תפוקת התעשייה ליעדים מקומיים (כולל מע""מ), לפי ענפים מקובצים, במתכונת ""הסיווג האחיד של ענפי הכלכלה - 2011"""
191420	פרופילים מאלומיניום	true	1983-01-16	2026-04-27	"מדד המחירים הסיטוניים של מוצרים וקבוצות מוצרים נבחרים של תפוקת התעשייה ליעדים מקומיים (כולל מע""מ), לפי ענפים מקובצים, במתכונת ""הסיווג האחיד של ענפי הכלכלה - 2011"""
191435	פרופילים מפלדה	true	2003-02-16	2026-04-27	"מדד המחירים הסיטוניים של מוצרים וקבוצות מוצרים נבחרים של תפוקת התעשייה ליעדים מקומיים (כולל מע""מ), לפי ענפים מקובצים, במתכונת ""הסיווג האחיד של ענפי הכלכלה - 2011"""
180910	ברזל ופלדה יצוקים	true	1983-01-16	2026-04-27	"מדד המחירים הסיטוניים של מוצרים וקבוצות מוצרים נבחרים של תפוקת התעשייה ליעדים מקומיים (כולל מע""מ), לפי ענפים מקובצים, במתכונת ""הסיווג האחיד של ענפי הכלכלה - 2011"""
180920	צינורות מתכת	true	1983-01-16	2026-04-27	"מדד המחירים הסיטוניים של מוצרים וקבוצות מוצרים נבחרים של תפוקת התעשייה ליעדים מקומיים (כולל מע""מ), לפי ענפים מקובצים, במתכונת ""הסיווג האחיד של ענפי הכלכלה - 2011"""
191450	אביזרים לצינורות מברזל ומפלדה	true	1983-01-16	2026-04-27	"מדד המחירים הסיטוניים של מוצרים וקבוצות מוצרים נבחרים של תפוקת התעשייה ליעדים מקומיים (כולל מע""מ), לפי ענפים מקובצים, במתכונת ""הסיווג האחיד של ענפי הכלכלה - 2011"""
191510	קופסאות פח לשימורים ונוזלים	true	1983-01-16	2026-04-27	"מדד המחירים הסיטוניים של מוצרים וקבוצות מוצרים נבחרים של תפוקת התעשייה ליעדים מקומיים (כולל מע""מ), לפי ענפים מקובצים, במתכונת ""הסיווג האחיד של ענפי הכלכלה - 2011"""
191520	חביות מפח	true	1995-01-16	2026-04-27	"מדד המחירים הסיטוניים של מוצרים וקבוצות מוצרים נבחרים של תפוקת התעשייה ליעדים מקומיים (כולל מע""מ), לפי ענפים מקובצים, במתכונת ""הסיווג האחיד של ענפי הכלכלה - 2011"""
191540	אלקטרודות	true	1983-01-16	2026-04-27	"מדד המחירים הסיטוניים של מוצרים וקבוצות מוצרים נבחרים של תפוקת התעשייה ליעדים מקומיים (כולל מע""מ), לפי ענפים מקובצים, במתכונת ""הסיווג האחיד של ענפי הכלכלה - 2011"""
191550	מסמרים, מסמרות, ווים	true	1983-01-16	2026-04-27	"מדד המחירים הסיטוניים של מוצרים וקבוצות מוצרים נבחרים של תפוקת התעשייה ליעדים מקומיים (כולל מע""מ), לפי ענפים מקובצים, במתכונת ""הסיווג האחיד של ענפי הכלכלה - 2011"""
191560	רשתות מחוטי מתכת	true	1983-01-16	2026-04-27	"מדד המחירים הסיטוניים של מוצרים וקבוצות מוצרים נבחרים של תפוקת התעשייה ליעדים מקומיים (כולל מע""מ), לפי ענפים מקובצים, במתכונת ""הסיווג האחיד של ענפי הכלכלה - 2011"""
191580	כלי בישול	true	1983-01-16	2026-04-27	"מדד המחירים הסיטוניים של מוצרים וקבוצות מוצרים נבחרים של תפוקת התעשייה ליעדים מקומיים (כולל מע""מ), לפי ענפים מקובצים, במתכונת ""הסיווג האחיד של ענפי הכלכלה - 2011"""
191590	"סכו""ם"	true	1983-01-16	2026-04-27	"מדד המחירים הסיטוניים של מוצרים וקבוצות מוצרים נבחרים של תפוקת התעשייה ליעדים מקומיים (כולל מע""מ), לפי ענפים מקובצים, במתכונת ""הסיווג האחיד של ענפי הכלכלה - 2011"""
191600	כלי עבודה לתעשייה ולחקלאות	true	1983-01-16	2026-04-27	"מדד המחירים הסיטוניים של מוצרים וקבוצות מוצרים נבחרים של תפוקת התעשייה ליעדים מקומיים (כולל מע""מ), לפי ענפים מקובצים, במתכונת ""הסיווג האחיד של ענפי הכלכלה - 2011"""
191610	דלת פלדה	true	1995-01-16	2026-04-27	"מדד המחירים הסיטוניים של מוצרים וקבוצות מוצרים נבחרים של תפוקת התעשייה ליעדים מקומיים (כולל מע""מ), לפי ענפים מקובצים, במתכונת ""הסיווג האחיד של ענפי הכלכלה - 2011"""
191630	בריחים ומנעולים	true	1995-01-16	2026-04-27	"מדד המחירים הסיטוניים של מוצרים וקבוצות מוצרים נבחרים של תפוקת התעשייה ליעדים מקומיים (כולל מע""מ), לפי ענפים מקובצים, במתכונת ""הסיווג האחיד של ענפי הכלכלה - 2011"""
191650	ברגים ואומים	true	1983-01-16	2026-04-27	"מדד המחירים הסיטוניים של מוצרים וקבוצות מוצרים נבחרים של תפוקת התעשייה ליעדים מקומיים (כולל מע""מ), לפי ענפים מקובצים, במתכונת ""הסיווג האחיד של ענפי הכלכלה - 2011"""
191850	מכשירי קשר אלחוטיים	true	1983-01-16	2026-04-27	"מדד המחירים הסיטוניים של מוצרים וקבוצות מוצרים נבחרים של תפוקת התעשייה ליעדים מקומיים (כולל מע""מ), לפי ענפים מקובצים, במתכונת ""הסיווג האחיד של ענפי הכלכלה - 2011"""
191853	בקרים אלקטרוניים	true	2006-01-16	2026-04-27	"מדד המחירים הסיטוניים של מוצרים וקבוצות מוצרים נבחרים של תפוקת התעשייה ליעדים מקומיים (כולל מע""מ), לפי ענפים מקובצים, במתכונת ""הסיווג האחיד של ענפי הכלכלה - 2011"""
191857	גלאים	true	2006-01-16	2026-04-27	"מדד המחירים הסיטוניים של מוצרים וקבוצות מוצרים נבחרים של תפוקת התעשייה ליעדים מקומיים (כולל מע""מ), לפי ענפים מקובצים, במתכונת ""הסיווג האחיד של ענפי הכלכלה - 2011"""
191880	מדי מים ונוזלים אחרים	true	1983-01-16	2026-04-27	"מדד המחירים הסיטוניים של מוצרים וקבוצות מוצרים נבחרים של תפוקת התעשייה ליעדים מקומיים (כולל מע""מ), לפי ענפים מקובצים, במתכונת ""הסיווג האחיד של ענפי הכלכלה - 2011"""
191890	מכשור רפואי	true	1983-01-16	2026-04-27	"מדד המחירים הסיטוניים של מוצרים וקבוצות מוצרים נבחרים של תפוקת התעשייה ליעדים מקומיים (כולל מע""מ), לפי ענפים מקובצים, במתכונת ""הסיווג האחיד של ענפי הכלכלה - 2011"""
191895	מערכות לניהול בקרה ופיקוח	true	2013-01-16	2026-04-27	"מדד המחירים הסיטוניים של מוצרים וקבוצות מוצרים נבחרים של תפוקת התעשייה ליעדים מקומיים (כולל מע""מ), לפי ענפים מקובצים, במתכונת ""הסיווג האחיד של ענפי הכלכלה - 2011"""
181240	מכשירים למדידה, לבדיקה ולניווט	true	1995-01-16	2026-04-27	"מדד המחירים הסיטוניים של מוצרים וקבוצות מוצרים נבחרים של תפוקת התעשייה ליעדים מקומיים (כולל מע""מ), לפי ענפים מקובצים, במתכונת ""הסיווג האחיד של ענפי הכלכלה - 2011"""
191790	לוחות חשמל	true	1995-01-16	2026-04-27	"מדד המחירים הסיטוניים של מוצרים וקבוצות מוצרים נבחרים של תפוקת התעשייה ליעדים מקומיים (כולל מע""מ), לפי ענפים מקובצים, במתכונת ""הסיווג האחיד של ענפי הכלכלה - 2011"""
191800	גופי תאורה, נורות ופנסים	true	1995-01-16	2026-04-27	"מדד המחירים הסיטוניים של מוצרים וקבוצות מוצרים נבחרים של תפוקת התעשייה ליעדים מקומיים (כולל מע""מ), לפי ענפים מקובצים, במתכונת ""הסיווג האחיד של ענפי הכלכלה - 2011"""
191810	אביזרים להתקנה חשמלית ביתית	true	1983-01-16	2026-04-27	"מדד המחירים הסיטוניים של מוצרים וקבוצות מוצרים נבחרים של תפוקת התעשייה ליעדים מקומיים (כולל מע""מ), לפי ענפים מקובצים, במתכונת ""הסיווג האחיד של ענפי הכלכלה - 2011"""
191820	מצברים	true	1983-01-16	2026-04-27	"מדד המחירים הסיטוניים של מוצרים וקבוצות מוצרים נבחרים של תפוקת התעשייה ליעדים מקומיים (כולל מע""מ), לפי ענפים מקובצים, במתכונת ""הסיווג האחיד של ענפי הכלכלה - 2011"""
191460	שסתומים ומגופים	true	1983-01-16	2026-04-27	"מדד המחירים הסיטוניים של מוצרים וקבוצות מוצרים נבחרים של תפוקת התעשייה ליעדים מקומיים (כולל מע""מ), לפי ענפים מקובצים, במתכונת ""הסיווג האחיד של ענפי הכלכלה - 2011"""
191470	ברזים	true	1983-01-16	2026-04-27	"מדד המחירים הסיטוניים של מוצרים וקבוצות מוצרים נבחרים של תפוקת התעשייה ליעדים מקומיים (כולל מע""מ), לפי ענפים מקובצים, במתכונת ""הסיווג האחיד של ענפי הכלכלה - 2011"""
191480	סוללות לאמבטיות ולקערות	true	1983-01-16	2026-04-27	"מדד המחירים הסיטוניים של מוצרים וקבוצות מוצרים נבחרים של תפוקת התעשייה ליעדים מקומיים (כולל מע""מ), לפי ענפים מקובצים, במתכונת ""הסיווג האחיד של ענפי הכלכלה - 2011"""
191490	ממטרות	true	1983-01-16	2026-04-27	"מדד המחירים הסיטוניים של מוצרים וקבוצות מוצרים נבחרים של תפוקת התעשייה ליעדים מקומיים (כולל מע""מ), לפי ענפים מקובצים, במתכונת ""הסיווג האחיד של ענפי הכלכלה - 2011"""
191670	משאבות וציוד שאיבה	true	1995-01-16	2026-04-27	"מדד המחירים הסיטוניים של מוצרים וקבוצות מוצרים נבחרים של תפוקת התעשייה ליעדים מקומיים (כולל מע""מ), לפי ענפים מקובצים, במתכונת ""הסיווג האחיד של ענפי הכלכלה - 2011"""
191680	מכונות לעיבוד קרקע	true	1983-01-16	2026-04-27	"מדד המחירים הסיטוניים של מוצרים וקבוצות מוצרים נבחרים של תפוקת התעשייה ליעדים מקומיים (כולל מע""מ), לפי ענפים מקובצים, במתכונת ""הסיווג האחיד של ענפי הכלכלה - 2011"""
191693	מרססים ומכסחות	true	2006-01-16	2026-04-27	"מדד המחירים הסיטוניים של מוצרים וקבוצות מוצרים נבחרים של תפוקת התעשייה ליעדים מקומיים (כולל מע""מ), לפי ענפים מקובצים, במתכונת ""הסיווג האחיד של ענפי הכלכלה - 2011"""
191697	מכונות לרפת	true	2006-01-16	2026-04-27	"מדד המחירים הסיטוניים של מוצרים וקבוצות מוצרים נבחרים של תפוקת התעשייה ליעדים מקומיים (כולל מע""מ), לפי ענפים מקובצים, במתכונת ""הסיווג האחיד של ענפי הכלכלה - 2011"""
191700	מעליות נוסעים ומטען	true	1995-01-16	2026-04-27	"מדד המחירים הסיטוניים של מוצרים וקבוצות מוצרים נבחרים של תפוקת התעשייה ליעדים מקומיים (כולל מע""מ), לפי ענפים מקובצים, במתכונת ""הסיווג האחיד של ענפי הכלכלה - 2011"""
191710	מתקני קירור והקפאה	true	1995-01-16	2026-04-27	"מדד המחירים הסיטוניים של מוצרים וקבוצות מוצרים נבחרים של תפוקת התעשייה ליעדים מקומיים (כולל מע""מ), לפי ענפים מקובצים, במתכונת ""הסיווג האחיד של ענפי הכלכלה - 2011"""
191720	מזגני אוויר ביתיים	true	1983-01-16	2026-04-27	"מדד המחירים הסיטוניים של מוצרים וקבוצות מוצרים נבחרים של תפוקת התעשייה ליעדים מקומיים (כולל מע""מ), לפי ענפים מקובצים, במתכונת ""הסיווג האחיד של ענפי הכלכלה - 2011"""
191745	דודי שמש ודודי חשמל	true	2013-01-16	2026-04-27	"מדד המחירים הסיטוניים של מוצרים וקבוצות מוצרים נבחרים של תפוקת התעשייה ליעדים מקומיים (כולל מע""מ), לפי ענפים מקובצים, במתכונת ""הסיווג האחיד של ענפי הכלכלה - 2011"""
191755	קולטים לדודים	true	2013-01-16	2026-04-27	"מדד המחירים הסיטוניים של מוצרים וקבוצות מוצרים נבחרים של תפוקת התעשייה ליעדים מקומיים (כולל מע""מ), לפי ענפים מקובצים, במתכונת ""הסיווג האחיד של ענפי הכלכלה - 2011"""
191920	חלקי חילוף לכלי רכב	true	1983-01-16	2026-04-27	"מדד המחירים הסיטוניים של מוצרים וקבוצות מוצרים נבחרים של תפוקת התעשייה ליעדים מקומיים (כולל מע""מ), לפי ענפים מקובצים, במתכונת ""הסיווג האחיד של ענפי הכלכלה - 2011"""
191933	ארונות לחדרי שינה	true	2006-01-16	2026-04-27	"מדד המחירים הסיטוניים של מוצרים וקבוצות מוצרים נבחרים של תפוקת התעשייה ליעדים מקומיים (כולל מע""מ), לפי ענפים מקובצים, במתכונת ""הסיווג האחיד של ענפי הכלכלה - 2011"""
191938	מיטות	true	2013-01-16	2026-04-27	"מדד המחירים הסיטוניים של מוצרים וקבוצות מוצרים נבחרים של תפוקת התעשייה ליעדים מקומיים (כולל מע""מ), לפי ענפים מקובצים, במתכונת ""הסיווג האחיד של ענפי הכלכלה - 2011"""
191940	שולחנות וכסאות	true	1983-01-16	2026-04-27	"מדד המחירים הסיטוניים של מוצרים וקבוצות מוצרים נבחרים של תפוקת התעשייה ליעדים מקומיים (כולל מע""מ), לפי ענפים מקובצים, במתכונת ""הסיווג האחיד של ענפי הכלכלה - 2011"""
190755	ארונות מטבח ואמבטיה	true	2006-01-16	2026-04-27	"מדד המחירים הסיטוניים של מוצרים וקבוצות מוצרים נבחרים של תפוקת התעשייה ליעדים מקומיים (כולל מע""מ), לפי ענפים מקובצים, במתכונת ""הסיווג האחיד של ענפי הכלכלה - 2011"""
191980	מזרנים	true	1983-01-16	2026-04-27	"מדד המחירים הסיטוניים של מוצרים וקבוצות מוצרים נבחרים של תפוקת התעשייה ליעדים מקומיים (כולל מע""מ), לפי ענפים מקובצים, במתכונת ""הסיווג האחיד של ענפי הכלכלה - 2011"""
191983	רהיטים לגן	true	2013-01-16	2026-04-27	"מדד המחירים הסיטוניים של מוצרים וקבוצות מוצרים נבחרים של תפוקת התעשייה ליעדים מקומיים (כולל מע""מ), לפי ענפים מקובצים, במתכונת ""הסיווג האחיד של ענפי הכלכלה - 2011"""
191986	ריהוט משרדי	true	2013-01-16	2026-04-27	"מדד המחירים הסיטוניים של מוצרים וקבוצות מוצרים נבחרים של תפוקת התעשייה ליעדים מקומיים (כולל מע""מ), לפי ענפים מקובצים, במתכונת ""הסיווג האחיד של ענפי הכלכלה - 2011"""
191990	חפצי חן	true	1983-01-16	2026-04-27	"מדד המחירים הסיטוניים של מוצרים וקבוצות מוצרים נבחרים של תפוקת התעשייה ליעדים מקומיים (כולל מע""מ), לפי ענפים מקובצים, במתכונת ""הסיווג האחיד של ענפי הכלכלה - 2011"""
191990	חפצי חן ממתכת	true	1983-01-16	2026-04-27	"מדד המחירים הסיטוניים של מוצרים וקבוצות מוצרים נבחרים של תפוקת התעשייה ליעדים מקומיים (כולל מע""מ), לפי ענפים מקובצים, במתכונת ""הסיווג האחיד של ענפי הכלכלה - 2011"""
192015	משחקים וצעצועים	true	2013-01-16	2026-04-27	"מדד המחירים הסיטוניים של מוצרים וקבוצות מוצרים נבחרים של תפוקת התעשייה ליעדים מקומיים (כולל מע""מ), לפי ענפים מקובצים, במתכונת ""הסיווג האחיד של ענפי הכלכלה - 2011"""
192030	ציוד אורטופדי	true	1995-01-16	2026-04-27	"מדד המחירים הסיטוניים של מוצרים וקבוצות מוצרים נבחרים של תפוקת התעשייה ליעדים מקומיים (כולל מע""מ), לפי ענפים מקובצים, במתכונת ""הסיווג האחיד של ענפי הכלכלה - 2011"""
192090	מברשות ומטאטאים	true	1983-01-16	2026-04-27	"מדד המחירים הסיטוניים של מוצרים וקבוצות מוצרים נבחרים של תפוקת התעשייה ליעדים מקומיים (כולל מע""מ), לפי ענפים מקובצים, במתכונת ""הסיווג האחיד של ענפי הכלכלה - 2011"""
191870	עדשות אופטיות	true	1983-01-16	2026-04-27	"מדד המחירים הסיטוניים של מוצרים וקבוצות מוצרים נבחרים של תפוקת התעשייה ליעדים מקומיים (כולל מע""מ), לפי ענפים מקובצים, במתכונת ""הסיווג האחיד של ענפי הכלכלה - 2011"""
194700	הוצאה לאור של ספרים וכתבי עת	true	2016-01-16	2026-04-27	מדד המחירים בענף הוצאה לאור
180560	הוצאה לאור של ספרים	true	1983-01-16	2026-04-27	מדד המחירים בענף הוצאה לאור
194720	ספרי לימוד	true	2016-01-16	2026-04-27	מדד המחירים בענף הוצאה לאור
194740	ספרים (לא כולל ספרי לימוד)	true	2016-01-16	2026-04-27	מדד המחירים בענף הוצאה לאור
180570	הוצאה לאור של עיתונים וכתבי עת	true	1983-01-16	2026-04-27	מדד המחירים בענף הוצאה לאור
194760	עיתונים וכתבי עת (ללא מנויים)	true	2016-01-16	2026-04-27	מדד המחירים בענף הוצאה לאור
194780	מנויים לעיתונים ולכתבי עת	true	2016-01-16	2026-04-27	מדד המחירים בענף הוצאה לאור
190900	מודעות בעיתונים ובכתבי עת	true	1995-01-16	2026-04-27	מדד המחירים בענף הוצאה לאור
200010	מדד מחירי תשומה בבנייה למגורים - כללי	true	1956-01-16	2026-04-27	"מדד מחירי תשומה בבנייה למגורים (ללא מע""מ), לפי קבוצה ראשית וקבוצה משנית"
200015	המדד ללא צמודי קרקע	true	2025-07-16	2026-04-27	"מדד מחירי תשומה בבנייה למגורים (ללא מע""מ), לפי קבוצה ראשית וקבוצה משנית"
200020	המדד ללא שכר עבודה	true	1983-01-16	2026-04-27	"מדד מחירי תשומה בבנייה למגורים (ללא מע""מ), לפי קבוצה ראשית וקבוצה משנית"
201010	חומרים ומוצרים - סך כולל	true	1983-11-16	2026-04-27	"מדד מחירי תשומה בבנייה למגורים (ללא מע""מ), לפי קבוצה ראשית וקבוצה משנית"
201020	חומרי מחצבה, שיש וקרמיקה	true	1983-01-16	2026-04-27	"מדד מחירי תשומה בבנייה למגורים (ללא מע""מ), לפי קבוצה ראשית וקבוצה משנית"
201030	חומרי מחצבה והובלתם	true	1983-01-16	2026-04-27	"מדד מחירי תשומה בבנייה למגורים (ללא מע""מ), לפי קבוצה ראשית וקבוצה משנית"
201060	אבן לחיפוי חיצוני	true	1983-01-16	2026-04-27	"מדד מחירי תשומה בבנייה למגורים (ללא מע""מ), לפי קבוצה ראשית וקבוצה משנית"
201080	שיש וקרמיקה	true	1983-01-16	2026-04-27	"מדד מחירי תשומה בבנייה למגורים (ללא מע""מ), לפי קבוצה ראשית וקבוצה משנית"
201090	שיש	true	1983-01-16	2026-04-27	"מדד מחירי תשומה בבנייה למגורים (ללא מע""מ), לפי קבוצה ראשית וקבוצה משנית"
201100	אריחי חיפוי ומדרגות	true	1983-01-16	2026-04-27	"מדד מחירי תשומה בבנייה למגורים (ללא מע""מ), לפי קבוצה ראשית וקבוצה משנית"
201130	מלט, איטונג ומוצריהם	true	1983-01-16	2026-04-27	"מדד מחירי תשומה בבנייה למגורים (ללא מע""מ), לפי קבוצה ראשית וקבוצה משנית"
201140	צמנט אפור	true	2004-02-16	2026-04-27	"מדד מחירי תשומה בבנייה למגורים (ללא מע""מ), לפי קבוצה ראשית וקבוצה משנית"
201160	בטון מובא	true	1983-01-16	2026-04-27	"מדד מחירי תשומה בבנייה למגורים (ללא מע""מ), לפי קבוצה ראשית וקבוצה משנית"
201180	טיט ושליכט	true	1992-02-16	2026-04-27	"מדד מחירי תשומה בבנייה למגורים (ללא מע""מ), לפי קבוצה ראשית וקבוצה משנית"
201190	בלוקים	true	2004-02-16	2026-04-27	"מדד מחירי תשומה בבנייה למגורים (ללא מע""מ), לפי קבוצה ראשית וקבוצה משנית"
201200	מוצרים אחרים מבטון	true	1983-11-16	2026-04-27	"מדד מחירי תשומה בבנייה למגורים (ללא מע""מ), לפי קבוצה ראשית וקבוצה משנית"
201210	מחיצות מתועשות	true	2004-02-16	2026-04-27	"מדד מחירי תשומה בבנייה למגורים (ללא מע""מ), לפי קבוצה ראשית וקבוצה משנית"
201225	ברזל ופלדה	true	2025-07-16	2026-04-27	"מדד מחירי תשומה בבנייה למגורים (ללא מע""מ), לפי קבוצה ראשית וקבוצה משנית"
201230	ברזל לבנייה	true	1983-01-16	2026-04-27	"מדד מחירי תשומה בבנייה למגורים (ללא מע""מ), לפי קבוצה ראשית וקבוצה משנית"
201260	רשתות וכלובים	true	1983-01-16	2026-04-27	"מדד מחירי תשומה בבנייה למגורים (ללא מע""מ), לפי קבוצה ראשית וקבוצה משנית"
201307	פרופילים מפלדה	true	2025-07-16	2026-04-27	"מדד מחירי תשומה בבנייה למגורים (ללא מע""מ), לפי קבוצה ראשית וקבוצה משנית"
201320	חשמל	true	1983-01-16	2026-04-27	"מדד מחירי תשומה בבנייה למגורים (ללא מע""מ), לפי קבוצה ראשית וקבוצה משנית"
201330	צנרת חשמל	true	1983-01-16	2026-04-27	"מדד מחירי תשומה בבנייה למגורים (ללא מע""מ), לפי קבוצה ראשית וקבוצה משנית"
201345	אביזרים ומוליכים לאינסטלציית חשמל	true	2025-07-16	2026-04-27	"מדד מחירי תשומה בבנייה למגורים (ללא מע""מ), לפי קבוצה ראשית וקבוצה משנית"
201360	ארונות ולוחות חשמל	true	2004-02-16	2026-04-27	"מדד מחירי תשומה בבנייה למגורים (ללא מע""מ), לפי קבוצה ראשית וקבוצה משנית"
201370	מערכות תקשורת וכריזה	true	2004-02-16	2026-04-27	"מדד מחירי תשומה בבנייה למגורים (ללא מע""מ), לפי קבוצה ראשית וקבוצה משנית"
201373	מערכת גילוי אש	true	2025-07-16	2026-04-27	"מדד מחירי תשומה בבנייה למגורים (ללא מע""מ), לפי קבוצה ראשית וקבוצה משנית"
201470	מערכת מיזוג אוויר	true	2004-02-16	2026-04-27	"מדד מחירי תשומה בבנייה למגורים (ללא מע""מ), לפי קבוצה ראשית וקבוצה משנית"
201377	מערכת אוורור	true	2025-07-16	2026-04-27	"מדד מחירי תשומה בבנייה למגורים (ללא מע""מ), לפי קבוצה ראשית וקבוצה משנית"
201380	תברואה	true	1983-01-16	2026-04-27	"מדד מחירי תשומה בבנייה למגורים (ללא מע""מ), לפי קבוצה ראשית וקבוצה משנית"
201420	כלים סניטריים	true	1983-01-16	2026-04-27	"מדד מחירי תשומה בבנייה למגורים (ללא מע""מ), לפי קבוצה ראשית וקבוצה משנית"
201430	מכלולי ברזים	true	1983-01-16	2026-04-27	"מדד מחירי תשומה בבנייה למגורים (ללא מע""מ), לפי קבוצה ראשית וקבוצה משנית"
201440	מערכת כיבוי אש	true	2004-02-16	2026-04-27	"מדד מחירי תשומה בבנייה למגורים (ללא מע""מ), לפי קבוצה ראשית וקבוצה משנית"
201455	מערכת ביוב וניקוז	true	2025-07-16	2026-04-27	"מדד מחירי תשומה בבנייה למגורים (ללא מע""מ), לפי קבוצה ראשית וקבוצה משנית"
201460	מערכת מים	true	1983-01-16	2026-04-27	"מדד מחירי תשומה בבנייה למגורים (ללא מע""מ), לפי קבוצה ראשית וקבוצה משנית"
201480	עץ לבנייה	true	1992-02-16	2026-04-27	"מדד מחירי תשומה בבנייה למגורים (ללא מע""מ), לפי קבוצה ראשית וקבוצה משנית"
201485	נגרות ומסגרות	true	2025-07-16	2026-04-27	"מדד מחירי תשומה בבנייה למגורים (ללא מע""מ), לפי קבוצה ראשית וקבוצה משנית"
201510	מוצרי נגרות	true	2004-02-16	2026-04-27	"מדד מחירי תשומה בבנייה למגורים (ללא מע""מ), לפי קבוצה ראשית וקבוצה משנית"
201500	מוצרי אלומיניום	true	2004-02-16	2026-04-27	"מדד מחירי תשומה בבנייה למגורים (ללא מע""מ), לפי קבוצה ראשית וקבוצה משנית"
201560	זכוכית	true	2004-02-16	2026-04-27	"מדד מחירי תשומה בבנייה למגורים (ללא מע""מ), לפי קבוצה ראשית וקבוצה משנית"
201305	מסגרות חרש	true	2011-08-16	2026-04-27	"מדד מחירי תשומה בבנייה למגורים (ללא מע""מ), לפי קבוצה ראשית וקבוצה משנית"
201520	מוצרים למרחב מוגן	true	1983-01-16	2026-04-27	"מדד מחירי תשומה בבנייה למגורים (ללא מע""מ), לפי קבוצה ראשית וקבוצה משנית"
201530	מעליות	true	1992-02-16	2026-04-27	"מדד מחירי תשומה בבנייה למגורים (ללא מע""מ), לפי קבוצה ראשית וקבוצה משנית"
201540	איטום	true	2004-02-16	2026-04-27	"מדד מחירי תשומה בבנייה למגורים (ללא מע""מ), לפי קבוצה ראשית וקבוצה משנית"
201550	צבעים	true	1983-01-16	2026-04-27	"מדד מחירי תשומה בבנייה למגורים (ללא מע""מ), לפי קבוצה ראשית וקבוצה משנית"
201570	חומרים ומוצרים שונים	true	2004-02-16	2026-04-27	"מדד מחירי תשומה בבנייה למגורים (ללא מע""מ), לפי קבוצה ראשית וקבוצה משנית"
203020	שכירת ציוד	true	1983-01-16	2026-04-27	"מדד מחירי תשומה בבנייה למגורים (ללא מע""מ), לפי קבוצה ראשית וקבוצה משנית"
204010	הוצאות כלליות	true	1983-01-16	2026-04-27	"מדד מחירי תשומה בבנייה למגורים (ללא מע""מ), לפי קבוצה ראשית וקבוצה משנית"
204020	ביטוח ובדיקות	true	2004-02-16	2026-04-27	"מדד מחירי תשומה בבנייה למגורים (ללא מע""מ), לפי קבוצה ראשית וקבוצה משנית"
204030	אחזקת אתר, משרדים בטיחות והוצאות אחרות	true	1983-01-16	2026-04-27	"מדד מחירי תשומה בבנייה למגורים (ללא מע""מ), לפי קבוצה ראשית וקבוצה משנית"
205010	שכר עבודה	true	1983-01-16	2026-04-27	"מדד מחירי תשומה בבנייה למגורים (ללא מע""מ), לפי קבוצה ראשית וקבוצה משנית"
205020	פועלים	true	1983-01-16	2026-04-27	"מדד מחירי תשומה בבנייה למגורים (ללא מע""מ), לפי קבוצה ראשית וקבוצה משנית"
205030	פועלי בניין	true	1983-01-16	2026-04-27	"מדד מחירי תשומה בבנייה למגורים (ללא מע""מ), לפי קבוצה ראשית וקבוצה משנית"
205040	עובדי חשמל ואינסטלציה	true	2004-02-16	2026-04-27	"מדד מחירי תשומה בבנייה למגורים (ללא מע""מ), לפי קבוצה ראשית וקבוצה משנית"
205050	עובדים אחרים	true	1992-02-16	2026-04-27	"מדד מחירי תשומה בבנייה למגורים (ללא מע""מ), לפי קבוצה ראשית וקבוצה משנית"
205070	צוות ניהול ופיקוח	true	1983-01-16	2026-04-27	"מדד מחירי תשומה בבנייה למגורים (ללא מע""מ), לפי קבוצה ראשית וקבוצה משנית"
616010	עפר	true	2025-07-16	2026-04-27	"מדד מחירי תשומה בבנייה למגורים (ללא מע""מ), לפי פרקי הבנייה"
616030	חומרים ומוצרים - סך כולל	true	2011-08-16	2026-04-27	"מדד מחירי תשומה בבנייה למגורים (ללא מע""מ), לפי פרקי הבנייה"
616040	חומרי מחצבה והובלתם	true	2011-08-16	2026-04-27	"מדד מחירי תשומה בבנייה למגורים (ללא מע""מ), לפי פרקי הבנייה"
616045	מלט, איטונג ומוצריהם	true	2025-07-16	2026-04-27	"מדד מחירי תשומה בבנייה למגורים (ללא מע""מ), לפי פרקי הבנייה"
616055	מוצרי מתכת	true	2025-07-16	2026-04-27	"מדד מחירי תשומה בבנייה למגורים (ללא מע""מ), לפי פרקי הבנייה"
616065	חומרים ומוצרים שונים	true	2025-07-16	2026-04-27	"מדד מחירי תשומה בבנייה למגורים (ללא מע""מ), לפי פרקי הבנייה"
613032	שכירת ציוד	true	2004-02-16	2026-04-27	"מדד מחירי תשומה בבנייה למגורים (ללא מע""מ), לפי פרקי הבנייה"
616075	שכר עבודה	true	2025-07-16	2026-04-27	"מדד מחירי תשומה בבנייה למגורים (ללא מע""מ), לפי פרקי הבנייה"
615020	פועלים	true	1992-01-16	2026-04-27	"מדד מחירי תשומה בבנייה למגורים (ללא מע""מ), לפי פרקי הבנייה"
617025	שלד	true	2025-07-16	2026-04-27	"מדד מחירי תשומה בבנייה למגורים (ללא מע""מ), לפי פרקי הבנייה"
617030	חומרים ומוצרים - סך כולל	true	2011-08-16	2026-04-27	"מדד מחירי תשומה בבנייה למגורים (ללא מע""מ), לפי פרקי הבנייה"
617040	מלט, איטונג ומוצריהם	true	2011-08-16	2026-04-27	"מדד מחירי תשומה בבנייה למגורים (ללא מע""מ), לפי פרקי הבנייה"
611160	בטון מובא	true	1992-01-16	2026-04-27	"מדד מחירי תשומה בבנייה למגורים (ללא מע""מ), לפי פרקי הבנייה"
611200	מוצרים אחרים מבטון	true	1992-01-16	2026-04-27	"מדד מחירי תשומה בבנייה למגורים (ללא מע""מ), לפי פרקי הבנייה"
611220	ברזל ומוצרי מתכת	true	2004-02-16	2026-04-27	"מדד מחירי תשומה בבנייה למגורים (ללא מע""מ), לפי פרקי הבנייה"
611230	ברזל לבנייה	true	1992-01-16	2026-04-27	"מדד מחירי תשומה בבנייה למגורים (ללא מע""מ), לפי פרקי הבנייה"
611260	רשתות וכלובים	true	1992-01-16	2026-04-27	"מדד מחירי תשומה בבנייה למגורים (ללא מע""מ), לפי פרקי הבנייה"
611275	פרופילים מפלדה	true	2025-07-16	2026-04-27	"מדד מחירי תשומה בבנייה למגורים (ללא מע""מ), לפי פרקי הבנייה"
611480	עץ לבנייה	true	1992-01-16	2026-04-27	"מדד מחירי תשומה בבנייה למגורים (ללא מע""מ), לפי פרקי הבנייה"
611520	מוצרים מוגמרים - מרחב מוגן	true	1993-10-16	2026-04-27	"מדד מחירי תשומה בבנייה למגורים (ללא מע""מ), לפי פרקי הבנייה"
617070	צבעים	true	2011-08-16	2026-04-27	"מדד מחירי תשומה בבנייה למגורים (ללא מע""מ), לפי פרקי הבנייה"
617080	חומרים ומוצרים שונים	true	2011-08-16	2026-04-27	"מדד מחירי תשומה בבנייה למגורים (ללא מע""מ), לפי פרקי הבנייה"
617090	שכירת ציוד	true	2011-08-16	2026-04-27	"מדד מחירי תשומה בבנייה למגורים (ללא מע""מ), לפי פרקי הבנייה"
617115	שכר עבודה	true	2025-07-16	2026-04-27	"מדד מחירי תשומה בבנייה למגורים (ללא מע""מ), לפי פרקי הבנייה"
617120	פועלים	true	2011-08-16	2026-04-27	"מדד מחירי תשומה בבנייה למגורים (ללא מע""מ), לפי פרקי הבנייה"
617125	בנייה	true	2025-07-16	2026-04-27	"מדד מחירי תשומה בבנייה למגורים (ללא מע""מ), לפי פרקי הבנייה"
621010	חומרים ומוצרים - סך כולל	true	1992-01-16	2026-04-27	"מדד מחירי תשומה בבנייה למגורים (ללא מע""מ), לפי פרקי הבנייה"
621130	מלט, איטונג ומוצריהם	true	1992-01-16	2026-04-27	"מדד מחירי תשומה בבנייה למגורים (ללא מע""מ), לפי פרקי הבנייה"
621190	בלוקים	true	1992-01-16	2026-04-27	"מדד מחירי תשומה בבנייה למגורים (ללא מע""מ), לפי פרקי הבנייה"
621135	מחיצות מתועשות	true	2025-07-16	2026-04-27	"מדד מחירי תשומה בבנייה למגורים (ללא מע""מ), לפי פרקי הבנייה"
621145	חומרים ומוצרים שונים	true	2025-07-16	2026-04-27	"מדד מחירי תשומה בבנייה למגורים (ללא מע""מ), לפי פרקי הבנייה"
623032	שכירת ציוד	true	1992-01-16	2026-04-27	"מדד מחירי תשומה בבנייה למגורים (ללא מע""מ), לפי פרקי הבנייה"
625015	שכר עבודה	true	2025-07-16	2026-04-27	"מדד מחירי תשומה בבנייה למגורים (ללא מע""מ), לפי פרקי הבנייה"
625020	פועלים	true	1992-01-16	2026-04-27	"מדד מחירי תשומה בבנייה למגורים (ללא מע""מ), לפי פרקי הבנייה"
641005	מסגרות ונגרות	true	2025-07-16	2026-04-27	"מדד מחירי תשומה בבנייה למגורים (ללא מע""מ), לפי פרקי הבנייה"
641010	חומרים ומוצרים - סך כולל	true	2004-02-16	2026-04-27	"מדד מחירי תשומה בבנייה למגורים (ללא מע""מ), לפי פרקי הבנייה"
641015	עץ לבניה	true	2025-07-16	2026-04-27	"מדד מחירי תשומה בבנייה למגורים (ללא מע""מ), לפי פרקי הבנייה"
641020	נגרות ומסגרות	true	2025-07-16	2026-04-27	"מדד מחירי תשומה בבנייה למגורים (ללא מע""מ), לפי פרקי הבנייה"
641025	מוצרי נגרות	true	2025-07-16	2026-04-27	"מדד מחירי תשומה בבנייה למגורים (ללא מע""מ), לפי פרקי הבנייה"
641030	דלתות	true	2025-07-16	2026-04-27	"מדד מחירי תשומה בבנייה למגורים (ללא מע""מ), לפי פרקי הבנייה"
641035	ארונות	true	2025-07-16	2026-04-27	"מדד מחירי תשומה בבנייה למגורים (ללא מע""מ), לפי פרקי הבנייה"
641040	מסגרות חרש	true	2025-07-16	2026-04-27	"מדד מחירי תשומה בבנייה למגורים (ללא מע""מ), לפי פרקי הבנייה"
641045	דלתות כניסה ואש	true	2025-07-16	2026-04-27	"מדד מחירי תשומה בבנייה למגורים (ללא מע""מ), לפי פרקי הבנייה"
641050	חומרים ומוצרים שונים	true	2025-07-16	2026-04-27	"מדד מחירי תשומה בבנייה למגורים (ללא מע""מ), לפי פרקי הבנייה"
641560	שכירת ציוד	true	2011-08-16	2026-04-27	"מדד מחירי תשומה בבנייה למגורים (ללא מע""מ), לפי פרקי הבנייה"
641570	שכר עבודה	true	2025-07-16	2026-04-27	"מדד מחירי תשומה בבנייה למגורים (ללא מע""מ), לפי פרקי הבנייה"
645020	מתקינים	true	2004-02-16	2026-04-27	"מדד מחירי תשומה בבנייה למגורים (ללא מע""מ), לפי פרקי הבנייה"
651005	תברואה	true	2025-07-16	2026-04-27	"מדד מחירי תשומה בבנייה למגורים (ללא מע""מ), לפי פרקי הבנייה"
651010	חומרים ומוצרים - סך כולל	true	1992-01-16	2026-04-27	"מדד מחירי תשומה בבנייה למגורים (ללא מע""מ), לפי פרקי הבנייה"
651025	חומרי מחצבה שיש וקרמיקה	true	2025-07-16	2026-04-27	"מדד מחירי תשומה בבנייה למגורים (ללא מע""מ), לפי פרקי הבנייה"
651030	מלט, איטונג ומוצריהם	true	2011-08-16	2026-04-27	"מדד מחירי תשומה בבנייה למגורים (ללא מע""מ), לפי פרקי הבנייה"
651380	תברואה	true	2004-02-16	2026-04-27	"מדד מחירי תשומה בבנייה למגורים (ללא מע""מ), לפי פרקי הבנייה"
651420	כלים סניטריים	true	1992-01-16	2026-04-27	"מדד מחירי תשומה בבנייה למגורים (ללא מע""מ), לפי פרקי הבנייה"
651430	מכלולי ברזים	true	1992-01-16	2026-04-27	"מדד מחירי תשומה בבנייה למגורים (ללא מע""מ), לפי פרקי הבנייה"
651440	מערכת כיבוי אש	true	2004-02-16	2026-04-27	"מדד מחירי תשומה בבנייה למגורים (ללא מע""מ), לפי פרקי הבנייה"
651445	מערכת ביוב וניקוז	true	2025-07-16	2026-04-27	"מדד מחירי תשומה בבנייה למגורים (ללא מע""מ), לפי פרקי הבנייה"
651460	מערכת מים	true	2004-02-16	2026-04-27	"מדד מחירי תשומה בבנייה למגורים (ללא מע""מ), לפי פרקי הבנייה"
651550	שונות	true	2025-07-16	2026-04-27	"מדד מחירי תשומה בבנייה למגורים (ללא מע""מ), לפי פרקי הבנייה"
651560	איטום	true	2025-07-16	2026-04-27	"מדד מחירי תשומה בבנייה למגורים (ללא מע""מ), לפי פרקי הבנייה"
651570	חומרים ומוצרים שונים	true	1992-01-16	2026-04-27	"מדד מחירי תשומה בבנייה למגורים (ללא מע""מ), לפי פרקי הבנייה"
651580	שכירת ציוד	true	2011-08-16	2026-04-27	"מדד מחירי תשומה בבנייה למגורים (ללא מע""מ), לפי פרקי הבנייה"
651585	שכר עבודה	true	2025-07-16	2026-04-27	"מדד מחירי תשומה בבנייה למגורים (ללא מע""מ), לפי פרקי הבנייה"
655020	פועלים	true	1992-01-16	2026-04-27	"מדד מחירי תשומה בבנייה למגורים (ללא מע""מ), לפי פרקי הבנייה"
655025	חשמל	true	2025-07-16	2026-04-27	"מדד מחירי תשומה בבנייה למגורים (ללא מע""מ), לפי פרקי הבנייה"
661010	חומרים ומוצרים - סך כולל	true	1992-01-16	2026-04-27	"מדד מחירי תשומה בבנייה למגורים (ללא מע""מ), לפי פרקי הבנייה"
661330	צנרת חשמל	true	1992-01-16	2026-04-27	"מדד מחירי תשומה בבנייה למגורים (ללא מע""מ), לפי פרקי הבנייה"
661350	אביזרים ומוליכים לאינסטלצית חשמל	true	2004-02-16	2026-04-27	"מדד מחירי תשומה בבנייה למגורים (ללא מע""מ), לפי פרקי הבנייה"
661360	ארונות ולוחות חשמל	true	2004-02-16	2026-04-27	"מדד מחירי תשומה בבנייה למגורים (ללא מע""מ), לפי פרקי הבנייה"
661370	מערכות תקשורת וכריזה	true	2004-02-16	2026-04-27	"מדד מחירי תשומה בבנייה למגורים (ללא מע""מ), לפי פרקי הבנייה"
661371	מערכת גילוי אש	true	2025-07-16	2026-04-27	"מדד מחירי תשומה בבנייה למגורים (ללא מע""מ), לפי פרקי הבנייה"
661372	מערכות מיזוג אוויר	true	2025-07-16	2026-04-27	"מדד מחירי תשומה בבנייה למגורים (ללא מע""מ), לפי פרקי הבנייה"
661373	מערכות אוורור	true	2025-07-16	2026-04-27	"מדד מחירי תשומה בבנייה למגורים (ללא מע""מ), לפי פרקי הבנייה"
661374	מתקנים לחדר משאבות	true	2025-07-16	2026-04-27	"מדד מחירי תשומה בבנייה למגורים (ללא מע""מ), לפי פרקי הבנייה"
661375	חומרים ומוצרים אחרים	true	2011-08-16	2026-04-27	"מדד מחירי תשומה בבנייה למגורים (ללא מע""מ), לפי פרקי הבנייה"
663020	שכירת ציוד	true	2011-08-16	2026-04-27	"מדד מחירי תשומה בבנייה למגורים (ללא מע""מ), לפי פרקי הבנייה"
663025	שכר עבודה	true	2025-07-16	2026-04-27	"מדד מחירי תשומה בבנייה למגורים (ללא מע""מ), לפי פרקי הבנייה"
665020	חשמלאים	true	1992-01-16	2026-04-27	"מדד מחירי תשומה בבנייה למגורים (ללא מע""מ), לפי פרקי הבנייה"
665025	מעליות	true	2025-07-16	2026-04-27	"מדד מחירי תשומה בבנייה למגורים (ללא מע""מ), לפי פרקי הבנייה"
671010	חומרים ומוצרים - סך כולל	true	2004-02-16	2026-04-27	"מדד מחירי תשומה בבנייה למגורים (ללא מע""מ), לפי פרקי הבנייה"
671530	מעליות	true	1992-01-16	2026-04-27	"מדד מחירי תשומה בבנייה למגורים (ללא מע""מ), לפי פרקי הבנייה"
671330	מוצרים אחרים	true	2011-08-16	2026-04-27	"מדד מחירי תשומה בבנייה למגורים (ללא מע""מ), לפי פרקי הבנייה"
673020	שכירת ציוד	true	2011-08-16	2026-04-27	"מדד מחירי תשומה בבנייה למגורים (ללא מע""מ), לפי פרקי הבנייה"
673025	שכר עבודה	true	2025-07-16	2026-04-27	"מדד מחירי תשומה בבנייה למגורים (ללא מע""מ), לפי פרקי הבנייה"
675020	עובדים מקצועיים	true	2004-02-16	2026-04-27	"מדד מחירי תשומה בבנייה למגורים (ללא מע""מ), לפי פרקי הבנייה"
675025	מיזוג	true	2025-07-16	2026-04-27	"מדד מחירי תשומה בבנייה למגורים (ללא מע""מ), לפי פרקי הבנייה"
681010	חומרים ומוצרים - סך כולל	true	2004-02-16	2026-04-27	"מדד מחירי תשומה בבנייה למגורים (ללא מע""מ), לפי פרקי הבנייה"
681320	מערכת מיזוג אוויר	true	2004-02-16	2026-04-27	"מדד מחירי תשומה בבנייה למגורים (ללא מע""מ), לפי פרקי הבנייה"
681325	חומרים ומוצרים שונים	true	2025-07-16	2026-04-27	"מדד מחירי תשומה בבנייה למגורים (ללא מע""מ), לפי פרקי הבנייה"
683020	שכירת ציוד	true	2011-08-16	2026-04-27	"מדד מחירי תשומה בבנייה למגורים (ללא מע""מ), לפי פרקי הבנייה"
683025	שכר עבודה	true	2025-07-16	2026-04-27	"מדד מחירי תשומה בבנייה למגורים (ללא מע""מ), לפי פרקי הבנייה"
685025	אלומיניום	true	2025-07-16	2026-04-27	"מדד מחירי תשומה בבנייה למגורים (ללא מע""מ), לפי פרקי הבנייה"
691010	חומרים ומוצרים - סך כולל	true	1992-01-16	2026-04-27	"מדד מחירי תשומה בבנייה למגורים (ללא מע""מ), לפי פרקי הבנייה"
691502	חלונות ודלתות	true	2004-02-16	2026-04-27	"מדד מחירי תשומה בבנייה למגורים (ללא מע""מ), לפי פרקי הבנייה"
691504	תריסים	true	1992-01-16	2026-04-27	"מדד מחירי תשומה בבנייה למגורים (ללא מע""מ), לפי פרקי הבנייה"
691506	מסתורי כביסה	true	2004-02-16	2026-04-27	"מדד מחירי תשומה בבנייה למגורים (ללא מע""מ), לפי פרקי הבנייה"
691508	חיפוי חוץ	true	2025-07-16	2026-04-27	"מדד מחירי תשומה בבנייה למגורים (ללא מע""מ), לפי פרקי הבנייה"
691560	זכוכית	true	2004-02-16	2026-04-27	"מדד מחירי תשומה בבנייה למגורים (ללא מע""מ), לפי פרקי הבנייה"
691020	מסגרות חרש	true	2011-08-16	2026-04-27	"מדד מחירי תשומה בבנייה למגורים (ללא מע""מ), לפי פרקי הבנייה"
691025	הוצאות כלליות	true	2025-07-16	2026-04-27	"מדד מחירי תשומה בבנייה למגורים (ללא מע""מ), לפי פרקי הבנייה"
693020	שכירת ציוד	true	2011-08-16	2026-04-27	"מדד מחירי תשומה בבנייה למגורים (ללא מע""מ), לפי פרקי הבנייה"
693025	שכר עבודה	true	2025-07-16	2026-04-27	"מדד מחירי תשומה בבנייה למגורים (ללא מע""מ), לפי פרקי הבנייה"
695020	עובדים מקצועיים	true	2004-02-16	2026-04-27	"מדד מחירי תשומה בבנייה למגורים (ללא מע""מ), לפי פרקי הבנייה"
695025	פיתוח	true	2025-07-16	2026-04-27	"מדד מחירי תשומה בבנייה למגורים (ללא מע""מ), לפי פרקי הבנייה"
701010	חומרים ומוצרים - סך כולל	true	1992-01-16	2026-04-27	"מדד מחירי תשומה בבנייה למגורים (ללא מע""מ), לפי פרקי הבנייה"
701015	חומרי מחצבה שיש וקרמיקה	true	2025-07-16	2026-04-27	"מדד מחירי תשומה בבנייה למגורים (ללא מע""מ), לפי פרקי הבנייה"
701200	מוצרים מבטון	true	2004-02-16	2026-04-27	"מדד מחירי תשומה בבנייה למגורים (ללא מע""מ), לפי פרקי הבנייה"
701205	תברואה	true	2025-07-16	2026-04-27	"מדד מחירי תשומה בבנייה למגורים (ללא מע""מ), לפי פרקי הבנייה"
701270	מסגרות חרש	true	2004-02-16	2026-04-27	"מדד מחירי תשומה בבנייה למגורים (ללא מע""מ), לפי פרקי הבנייה"
701570	חומרים ומוצרים שונים	true	2004-02-16	2026-04-27	"מדד מחירי תשומה בבנייה למגורים (ללא מע""מ), לפי פרקי הבנייה"
703032	שכירת ציוד	true	2004-02-16	2026-04-27	"מדד מחירי תשומה בבנייה למגורים (ללא מע""מ), לפי פרקי הבנייה"
703035	שכר עבודה	true	2025-07-16	2026-04-27	"מדד מחירי תשומה בבנייה למגורים (ללא מע""מ), לפי פרקי הבנייה"
705020	פועלים	true	1992-01-16	2026-04-27	"מדד מחירי תשומה בבנייה למגורים (ללא מע""מ), לפי פרקי הבנייה"
705025	ריצוף וחיפוי	true	2025-07-16	2026-04-27	"מדד מחירי תשומה בבנייה למגורים (ללא מע""מ), לפי פרקי הבנייה"
711010	חומרים ומוצרים - סך כולל	true	2011-08-16	2026-04-27	"מדד מחירי תשומה בבנייה למגורים (ללא מע""מ), לפי פרקי הבנייה"
631020	חומרי מחצבה, שיש וקרמיקה	true	2004-02-16	2026-04-27	"מדד מחירי תשומה בבנייה למגורים (ללא מע""מ), לפי פרקי הבנייה"
631030	חומרי מחצבה והובלתם	true	2004-02-16	2026-04-27	"מדד מחירי תשומה בבנייה למגורים (ללא מע""מ), לפי פרקי הבנייה"
631080	שיש וקרמיקה לחיפוי וריצוף	true	2004-02-16	2026-04-27	"מדד מחירי תשומה בבנייה למגורים (ללא מע""מ), לפי פרקי הבנייה"
631085	אבן לחיפי חיצוני	true	2025-07-16	2026-04-27	"מדד מחירי תשומה בבנייה למגורים (ללא מע""מ), לפי פרקי הבנייה"
711020	מלט, איטונג ומוצריהם	true	2011-08-16	2026-04-27	"מדד מחירי תשומה בבנייה למגורים (ללא מע""מ), לפי פרקי הבנייה"
711025	מחיצות מתועשות	true	2025-07-16	2026-04-27	"מדד מחירי תשומה בבנייה למגורים (ללא מע""מ), לפי פרקי הבנייה"
711040	צבעים	true	2011-08-16	2026-04-27	"מדד מחירי תשומה בבנייה למגורים (ללא מע""מ), לפי פרקי הבנייה"
711045	חומרים ומוצרים שונים	true	2025-07-16	2026-04-27	"מדד מחירי תשומה בבנייה למגורים (ללא מע""מ), לפי פרקי הבנייה"
712010	שכירת ציוד	true	2011-08-16	2026-04-27	"מדד מחירי תשומה בבנייה למגורים (ללא מע""מ), לפי פרקי הבנייה"
713010	הוצאות כלליות	true	2011-08-16	2026-04-27	"מדד מחירי תשומה בבנייה למגורים (ללא מע""מ), לפי פרקי הבנייה"
713015	שכר עבודה	true	2025-07-16	2026-04-27	"מדד מחירי תשומה בבנייה למגורים (ללא מע""מ), לפי פרקי הבנייה"
714020	פועלים	true	2011-08-16	2026-04-27	"מדד מחירי תשומה בבנייה למגורים (ללא מע""מ), לפי פרקי הבנייה"
714025	איטום ובידוד	true	2025-07-16	2026-04-27	"מדד מחירי תשומה בבנייה למגורים (ללא מע""מ), לפי פרקי הבנייה"
721010	חומרים ומוצרים - סך כולל	true	2011-08-16	2026-04-27	"מדד מחירי תשומה בבנייה למגורים (ללא מע""מ), לפי פרקי הבנייה"
721020	מלט, איטונג ומוצריהם	true	2011-08-16	2026-04-27	"מדד מחירי תשומה בבנייה למגורים (ללא מע""מ), לפי פרקי הבנייה"
721030	איטום	true	2011-08-16	2026-04-27	"מדד מחירי תשומה בבנייה למגורים (ללא מע""מ), לפי פרקי הבנייה"
721040	חומרים ומוצרים שונים	true	2011-08-16	2026-04-27	"מדד מחירי תשומה בבנייה למגורים (ללא מע""מ), לפי פרקי הבנייה"
722010	שכירת ציוד	true	2011-08-16	2026-04-27	"מדד מחירי תשומה בבנייה למגורים (ללא מע""מ), לפי פרקי הבנייה"
722015	שכר עבודה	true	2025-07-16	2026-04-27	"מדד מחירי תשומה בבנייה למגורים (ללא מע""מ), לפי פרקי הבנייה"
724020	פועלים	true	2011-08-16	2026-04-27	"מדד מחירי תשומה בבנייה למגורים (ללא מע""מ), לפי פרקי הבנייה"
724025	תקורות	true	2025-07-16	2026-04-27	"מדד מחירי תשומה בבנייה למגורים (ללא מע""מ), לפי פרקי הבנייה"
724035	חומרים ומוצרים - סך כולל	true	2025-07-16	2026-04-27	"מדד מחירי תשומה בבנייה למגורים (ללא מע""מ), לפי פרקי הבנייה"
724045	שכירת ציוד	true	2025-07-16	2026-04-27	"מדד מחירי תשומה בבנייה למגורים (ללא מע""מ), לפי פרקי הבנייה"
724055	הוצאות כלליות	true	2025-07-16	2026-04-27	"מדד מחירי תשומה בבנייה למגורים (ללא מע""מ), לפי פרקי הבנייה"
724065	בדיקות ובטוח	true	2025-07-16	2026-04-27	"מדד מחירי תשומה בבנייה למגורים (ללא מע""מ), לפי פרקי הבנייה"
724075	אחזקת אתר	true	2025-07-16	2026-04-27	"מדד מחירי תשומה בבנייה למגורים (ללא מע""מ), לפי פרקי הבנייה"
724085	שכר עבודה	true	2025-07-16	2026-04-27	"מדד מחירי תשומה בבנייה למגורים (ללא מע""מ), לפי פרקי הבנייה"
724095	צוות, ניהול ופיקוח	true	2025-07-16	2026-04-27	"מדד מחירי תשומה בבנייה למגורים (ללא מע""מ), לפי פרקי הבנייה"
800010	מדד מחירי תשומה בבנייה למבני מסחר ומשרדים - כללי	true	2012-01-16	2026-04-27	מדד מחירי תשומה בבנייה למסחר ולמשרדים, לפי קבוצה ראשית וקבוצה משנית
800020	עפר	true	2012-01-16	2026-04-27	מדד מחירי תשומה בבנייה למסחר ולמשרדים, לפי קבוצה ראשית וקבוצה משנית
800030	חומרי מחצבה והובלתם	true	2012-01-16	2026-04-27	מדד מחירי תשומה בבנייה למסחר ולמשרדים, לפי קבוצה ראשית וקבוצה משנית
800040	ציוד שכור	true	2012-01-16	2026-04-27	מדד מחירי תשומה בבנייה למסחר ולמשרדים, לפי קבוצה ראשית וקבוצה משנית
800050	שכר עבודה	true	2012-01-16	2026-04-27	מדד מחירי תשומה בבנייה למסחר ולמשרדים, לפי קבוצה ראשית וקבוצה משנית
800060	בטון	true	2012-01-16	2026-04-27	מדד מחירי תשומה בבנייה למסחר ולמשרדים, לפי קבוצה ראשית וקבוצה משנית
800070	חומרים	true	2012-01-16	2026-04-27	מדד מחירי תשומה בבנייה למסחר ולמשרדים, לפי קבוצה ראשית וקבוצה משנית
800080	בטון	true	2012-01-16	2026-04-27	מדד מחירי תשומה בבנייה למסחר ולמשרדים, לפי קבוצה ראשית וקבוצה משנית
800090	ברזל ומוצרי מתכת	true	2012-01-16	2026-04-27	מדד מחירי תשומה בבנייה למסחר ולמשרדים, לפי קבוצה ראשית וקבוצה משנית
800100	ברזל לבנייה	true	2012-01-16	2026-04-27	מדד מחירי תשומה בבנייה למסחר ולמשרדים, לפי קבוצה ראשית וקבוצה משנית
800110	רשתות ברזל	true	2012-01-16	2026-04-27	מדד מחירי תשומה בבנייה למסחר ולמשרדים, לפי קבוצה ראשית וקבוצה משנית
800120	עץ לטפסנות	true	2012-01-16	2026-04-27	מדד מחירי תשומה בבנייה למסחר ולמשרדים, לפי קבוצה ראשית וקבוצה משנית
800130	חומרי עזר שלד	true	2012-01-16	2026-04-27	מדד מחירי תשומה בבנייה למסחר ולמשרדים, לפי קבוצה ראשית וקבוצה משנית
800140	חומרים אחרים	true	2012-01-16	2026-04-27	מדד מחירי תשומה בבנייה למסחר ולמשרדים, לפי קבוצה ראשית וקבוצה משנית
800150	ציוד שכור	true	2012-01-16	2026-04-27	מדד מחירי תשומה בבנייה למסחר ולמשרדים, לפי קבוצה ראשית וקבוצה משנית
800160	משאבת בטון	true	2012-01-16	2026-04-27	מדד מחירי תשומה בבנייה למסחר ולמשרדים, לפי קבוצה ראשית וקבוצה משנית
800170	תבניות ופיגומים	true	2012-01-16	2026-04-27	מדד מחירי תשומה בבנייה למסחר ולמשרדים, לפי קבוצה ראשית וקבוצה משנית
800180	שכר עבודה	true	2012-01-16	2026-04-27	מדד מחירי תשומה בבנייה למסחר ולמשרדים, לפי קבוצה ראשית וקבוצה משנית
800190	רכיבים טרומיים	true	2012-01-16	2026-04-27	מדד מחירי תשומה בבנייה למסחר ולמשרדים, לפי קבוצה ראשית וקבוצה משנית
800200	חומרים - אלמנטים טרומיים שונים	true	2012-01-16	2026-04-27	מדד מחירי תשומה בבנייה למסחר ולמשרדים, לפי קבוצה ראשית וקבוצה משנית
800210	הובלה והרכבה של רכיבים טרומיים	true	2012-01-16	2026-04-27	מדד מחירי תשומה בבנייה למסחר ולמשרדים, לפי קבוצה ראשית וקבוצה משנית
800220	בנייה	true	2012-01-16	2026-04-27	מדד מחירי תשומה בבנייה למסחר ולמשרדים, לפי קבוצה ראשית וקבוצה משנית
800230	חומרים	true	2012-01-16	2026-04-27	מדד מחירי תשומה בבנייה למסחר ולמשרדים, לפי קבוצה ראשית וקבוצה משנית
800240	בלוקים שונים	true	2012-01-16	2026-04-27	מדד מחירי תשומה בבנייה למסחר ולמשרדים, לפי קבוצה ראשית וקבוצה משנית
800250	חומרים אחרים	true	2012-01-16	2026-04-27	מדד מחירי תשומה בבנייה למסחר ולמשרדים, לפי קבוצה ראשית וקבוצה משנית
800260	שכר עבודה	true	2012-01-16	2026-04-27	מדד מחירי תשומה בבנייה למסחר ולמשרדים, לפי קבוצה ראשית וקבוצה משנית
800270	איטום	true	2012-01-16	2026-04-27	מדד מחירי תשומה בבנייה למסחר ולמשרדים, לפי קבוצה ראשית וקבוצה משנית
800280	חומרים	true	2012-01-16	2026-04-27	מדד מחירי תשומה בבנייה למסחר ולמשרדים, לפי קבוצה ראשית וקבוצה משנית
800290	יריעות ביטומניות וביטומן	true	2012-01-16	2026-04-27	מדד מחירי תשומה בבנייה למסחר ולמשרדים, לפי קבוצה ראשית וקבוצה משנית
800300	לוחות פוליסטירן	true	2012-01-16	2026-04-27	מדד מחירי תשומה בבנייה למסחר ולמשרדים, לפי קבוצה ראשית וקבוצה משנית
800310	בטקל	true	2012-01-16	2026-04-27	מדד מחירי תשומה בבנייה למסחר ולמשרדים, לפי קבוצה ראשית וקבוצה משנית
800320	חומרי עזר לאיטום	true	2012-01-16	2026-04-27	מדד מחירי תשומה בבנייה למסחר ולמשרדים, לפי קבוצה ראשית וקבוצה משנית
800330	שכר עבודה	true	2012-01-16	2026-04-27	מדד מחירי תשומה בבנייה למסחר ולמשרדים, לפי קבוצה ראשית וקבוצה משנית
800340	נגרות ומסגרות	true	2012-01-16	2026-04-27	מדד מחירי תשומה בבנייה למסחר ולמשרדים, לפי קבוצה ראשית וקבוצה משנית
800350	חומרים	true	2012-01-16	2026-04-27	מדד מחירי תשומה בבנייה למסחר ולמשרדים, לפי קבוצה ראשית וקבוצה משנית
800360	מסגרות	true	2012-01-16	2026-04-27	מדד מחירי תשומה בבנייה למסחר ולמשרדים, לפי קבוצה ראשית וקבוצה משנית
800370	נגרות	true	2012-01-16	2026-04-27	מדד מחירי תשומה בבנייה למסחר ולמשרדים, לפי קבוצה ראשית וקבוצה משנית
800380	ציוד שכור	true	2012-01-16	2026-04-27	מדד מחירי תשומה בבנייה למסחר ולמשרדים, לפי קבוצה ראשית וקבוצה משנית
800390	תברואה	true	2012-01-16	2026-04-27	מדד מחירי תשומה בבנייה למסחר ולמשרדים, לפי קבוצה ראשית וקבוצה משנית
800400	חומרים	true	2012-01-16	2026-04-27	מדד מחירי תשומה בבנייה למסחר ולמשרדים, לפי קבוצה ראשית וקבוצה משנית
800410	צינורות מתכת שונים כולל אביזרים	true	2012-01-16	2026-04-27	מדד מחירי תשומה בבנייה למסחר ולמשרדים, לפי קבוצה ראשית וקבוצה משנית
800420	צנורות פלסטיק	true	2012-01-16	2026-04-27	מדד מחירי תשומה בבנייה למסחר ולמשרדים, לפי קבוצה ראשית וקבוצה משנית
800430	משאבות	true	2012-01-16	2026-04-27	מדד מחירי תשומה בבנייה למסחר ולמשרדים, לפי קבוצה ראשית וקבוצה משנית
800440	כלים סניטריים	true	2012-01-16	2026-04-27	מדד מחירי תשומה בבנייה למסחר ולמשרדים, לפי קבוצה ראשית וקבוצה משנית
800450	ברזים וסוללות (כולל סיפונים)	true	2012-01-16	2026-04-27	מדד מחירי תשומה בבנייה למסחר ולמשרדים, לפי קבוצה ראשית וקבוצה משנית
800460	מתקני חוץ - שוחות ביוב מבטון	true	2012-01-16	2026-04-27	מדד מחירי תשומה בבנייה למסחר ולמשרדים, לפי קבוצה ראשית וקבוצה משנית
800470	ציוד לכיבוי אש	true	2012-01-16	2026-04-27	מדד מחירי תשומה בבנייה למסחר ולמשרדים, לפי קבוצה ראשית וקבוצה משנית
800480	שכר עבודה	true	2012-01-16	2026-04-27	מדד מחירי תשומה בבנייה למסחר ולמשרדים, לפי קבוצה ראשית וקבוצה משנית
800490	חשמל	true	2012-01-16	2026-04-27	מדד מחירי תשומה בבנייה למסחר ולמשרדים, לפי קבוצה ראשית וקבוצה משנית
800500	חומרים	true	2012-01-16	2026-04-27	מדד מחירי תשומה בבנייה למסחר ולמשרדים, לפי קבוצה ראשית וקבוצה משנית
800510	לוחות חשמל	true	2012-01-16	2026-04-27	מדד מחירי תשומה בבנייה למסחר ולמשרדים, לפי קבוצה ראשית וקבוצה משנית
800520	צנרת חשמל	true	2012-01-16	2026-04-27	מדד מחירי תשומה בבנייה למסחר ולמשרדים, לפי קבוצה ראשית וקבוצה משנית
800530	כבלי חשמל	true	2012-01-16	2026-04-27	מדד מחירי תשומה בבנייה למסחר ולמשרדים, לפי קבוצה ראשית וקבוצה משנית
800540	כבילת מתח נמוך	true	2012-01-16	2026-04-27	מדד מחירי תשומה בבנייה למסחר ולמשרדים, לפי קבוצה ראשית וקבוצה משנית
800550	אביזרי חשמל (מפסקים, שקעים וכד')	true	2012-01-16	2026-04-27	מדד מחירי תשומה בבנייה למסחר ולמשרדים, לפי קבוצה ראשית וקבוצה משנית
800560	גופי תאורה	true	2012-01-16	2026-04-27	מדד מחירי תשומה בבנייה למסחר ולמשרדים, לפי קבוצה ראשית וקבוצה משנית
800570	הארקת יסוד	true	2012-01-16	2026-04-27	מדד מחירי תשומה בבנייה למסחר ולמשרדים, לפי קבוצה ראשית וקבוצה משנית
800580	שנאים	true	2012-01-16	2026-04-27	מדד מחירי תשומה בבנייה למסחר ולמשרדים, לפי קבוצה ראשית וקבוצה משנית
800590	חומרי עזר לחשמל	true	2012-01-16	2026-04-27	מדד מחירי תשומה בבנייה למסחר ולמשרדים, לפי קבוצה ראשית וקבוצה משנית
800600	גנרטור	true	2012-01-16	2026-04-27	מדד מחירי תשומה בבנייה למסחר ולמשרדים, לפי קבוצה ראשית וקבוצה משנית
800610	מערכות	true	2012-01-16	2026-04-27	מדד מחירי תשומה בבנייה למסחר ולמשרדים, לפי קבוצה ראשית וקבוצה משנית
800620	שכר עבודה	true	2012-01-16	2026-04-27	מדד מחירי תשומה בבנייה למסחר ולמשרדים, לפי קבוצה ראשית וקבוצה משנית
800630	טיח	true	2012-01-16	2026-04-27	מדד מחירי תשומה בבנייה למסחר ולמשרדים, לפי קבוצה ראשית וקבוצה משנית
800640	חומרים	true	2012-01-16	2026-04-27	מדד מחירי תשומה בבנייה למסחר ולמשרדים, לפי קבוצה ראשית וקבוצה משנית
800650	ציוד שכור	true	2012-01-16	2026-04-27	מדד מחירי תשומה בבנייה למסחר ולמשרדים, לפי קבוצה ראשית וקבוצה משנית
800660	שכר עבודה	true	2012-01-16	2026-04-27	מדד מחירי תשומה בבנייה למסחר ולמשרדים, לפי קבוצה ראשית וקבוצה משנית
800670	ריצוף וחיפוי	true	2012-01-16	2026-04-27	מדד מחירי תשומה בבנייה למסחר ולמשרדים, לפי קבוצה ראשית וקבוצה משנית
800680	חומרים	true	2012-01-16	2026-04-27	מדד מחירי תשומה בבנייה למסחר ולמשרדים, לפי קבוצה ראשית וקבוצה משנית
800690	אבן	true	2012-01-16	2026-04-27	מדד מחירי תשומה בבנייה למסחר ולמשרדים, לפי קבוצה ראשית וקבוצה משנית
800700	אריחי גרניט פורצלן	true	2012-01-16	2026-04-27	מדד מחירי תשומה בבנייה למסחר ולמשרדים, לפי קבוצה ראשית וקבוצה משנית
800710	דבקים לריצוף וחיפוי	true	2012-01-16	2026-04-27	מדד מחירי תשומה בבנייה למסחר ולמשרדים, לפי קבוצה ראשית וקבוצה משנית
800720	חומרים ומוצרים שונים	true	2012-01-16	2026-04-27	מדד מחירי תשומה בבנייה למסחר ולמשרדים, לפי קבוצה ראשית וקבוצה משנית
800730	שכר עבודה	true	2012-01-16	2026-04-27	מדד מחירי תשומה בבנייה למסחר ולמשרדים, לפי קבוצה ראשית וקבוצה משנית
800740	צבע	true	2012-01-16	2026-04-27	מדד מחירי תשומה בבנייה למסחר ולמשרדים, לפי קבוצה ראשית וקבוצה משנית
800750	צבעים	true	2012-01-16	2026-04-27	מדד מחירי תשומה בבנייה למסחר ולמשרדים, לפי קבוצה ראשית וקבוצה משנית
800760	שכר עבודה	true	2012-01-16	2026-04-27	מדד מחירי תשומה בבנייה למסחר ולמשרדים, לפי קבוצה ראשית וקבוצה משנית
800770	אלומיניום	true	2012-01-16	2026-04-27	מדד מחירי תשומה בבנייה למסחר ולמשרדים, לפי קבוצה ראשית וקבוצה משנית
800780	חומרים	true	2012-01-16	2026-04-27	מדד מחירי תשומה בבנייה למסחר ולמשרדים, לפי קבוצה ראשית וקבוצה משנית
800790	חלונות ודלתות מאלומיניום ואביזריהם	true	2012-01-16	2026-04-27	מדד מחירי תשומה בבנייה למסחר ולמשרדים, לפי קבוצה ראשית וקבוצה משנית
800800	זכוכית	true	2012-01-16	2026-04-27	מדד מחירי תשומה בבנייה למסחר ולמשרדים, לפי קבוצה ראשית וקבוצה משנית
800810	קירות מסך	true	2012-01-16	2026-04-27	מדד מחירי תשומה בבנייה למסחר ולמשרדים, לפי קבוצה ראשית וקבוצה משנית
800820	ציוד להרכבת אלומיניום	true	2012-01-16	2026-04-27	מדד מחירי תשומה בבנייה למסחר ולמשרדים, לפי קבוצה ראשית וקבוצה משנית
800830	שכר עבודה	true	2012-01-16	2026-04-27	מדד מחירי תשומה בבנייה למסחר ולמשרדים, לפי קבוצה ראשית וקבוצה משנית
800840	אבן	true	2012-01-16	2026-04-27	מדד מחירי תשומה בבנייה למסחר ולמשרדים, לפי קבוצה ראשית וקבוצה משנית
800850	חומרים	true	2012-01-16	2026-04-27	מדד מחירי תשומה בבנייה למסחר ולמשרדים, לפי קבוצה ראשית וקבוצה משנית
800860	אבן חיפוי	true	2012-01-16	2026-04-27	מדד מחירי תשומה בבנייה למסחר ולמשרדים, לפי קבוצה ראשית וקבוצה משנית
800870	רשתות ואביזרי עזר שונים	true	2012-01-16	2026-04-27	מדד מחירי תשומה בבנייה למסחר ולמשרדים, לפי קבוצה ראשית וקבוצה משנית
800880	חומרי איטום שונים	true	2012-01-16	2026-04-27	מדד מחירי תשומה בבנייה למסחר ולמשרדים, לפי קבוצה ראשית וקבוצה משנית
800890	שכר עבודה	true	2012-01-16	2026-04-27	מדד מחירי תשומה בבנייה למסחר ולמשרדים, לפי קבוצה ראשית וקבוצה משנית
800900	מיזוג אויר	true	2012-01-16	2026-04-27	מדד מחירי תשומה בבנייה למסחר ולמשרדים, לפי קבוצה ראשית וקבוצה משנית
800910	חומרים	true	2012-01-16	2026-04-27	מדד מחירי תשומה בבנייה למסחר ולמשרדים, לפי קבוצה ראשית וקבוצה משנית
800920	סוגי מערכות מיזוג אויר	true	2012-01-16	2026-04-27	מדד מחירי תשומה בבנייה למסחר ולמשרדים, לפי קבוצה ראשית וקבוצה משנית
800930	מערכת קירור במים-יחידות עיבוי	true	2012-01-16	2026-04-27	מדד מחירי תשומה בבנייה למסחר ולמשרדים, לפי קבוצה ראשית וקבוצה משנית
800940	צנרת  ותעלות	true	2012-01-16	2026-04-27	מדד מחירי תשומה בבנייה למסחר ולמשרדים, לפי קבוצה ראשית וקבוצה משנית
800950	מערכת פיזור אוויר	true	2012-01-16	2026-04-27	מדד מחירי תשומה בבנייה למסחר ולמשרדים, לפי קבוצה ראשית וקבוצה משנית
800960	מערכת CO לגילוי גז	true	2012-01-16	2026-04-27	מדד מחירי תשומה בבנייה למסחר ולמשרדים, לפי קבוצה ראשית וקבוצה משנית
800970	מערכת בקרה	true	2012-01-16	2026-04-27	מדד מחירי תשומה בבנייה למסחר ולמשרדים, לפי קבוצה ראשית וקבוצה משנית
800980	אויר צח - יחידת טיפול אויר	true	2012-01-16	2026-04-27	מדד מחירי תשומה בבנייה למסחר ולמשרדים, לפי קבוצה ראשית וקבוצה משנית
800990	מערכת שחרור עשן כולל הרכבה	true	2012-01-16	2026-04-27	מדד מחירי תשומה בבנייה למסחר ולמשרדים, לפי קבוצה ראשית וקבוצה משנית
801000	מערכת ניפוח חדרי מדרגות כולל הרכבה	true	2012-01-16	2026-04-27	מדד מחירי תשומה בבנייה למסחר ולמשרדים, לפי קבוצה ראשית וקבוצה משנית
801010	מערכת מניית אנרגיה	true	2012-01-16	2026-04-27	מדד מחירי תשומה בבנייה למסחר ולמשרדים, לפי קבוצה ראשית וקבוצה משנית
801020	חומרי עזר למיזוג אויר	true	2012-01-16	2026-04-27	מדד מחירי תשומה בבנייה למסחר ולמשרדים, לפי קבוצה ראשית וקבוצה משנית
801030	שכר עבודה	true	2012-01-16	2026-04-27	מדד מחירי תשומה בבנייה למסחר ולמשרדים, לפי קבוצה ראשית וקבוצה משנית
801040	מעליות ודרגנועים	true	2012-01-16	2026-04-27	מדד מחירי תשומה בבנייה למסחר ולמשרדים, לפי קבוצה ראשית וקבוצה משנית
801050	מעליות	true	2012-01-16	2026-04-27	מדד מחירי תשומה בבנייה למסחר ולמשרדים, לפי קבוצה ראשית וקבוצה משנית
801060	דרגנועים	true	2012-01-16	2026-04-27	מדד מחירי תשומה בבנייה למסחר ולמשרדים, לפי קבוצה ראשית וקבוצה משנית
801070	מסגרות חרש	true	2012-01-16	2026-04-27	מדד מחירי תשומה בבנייה למסחר ולמשרדים, לפי קבוצה ראשית וקבוצה משנית
801080	חומרים והרכבה	true	2012-01-16	2026-04-27	מדד מחירי תשומה בבנייה למסחר ולמשרדים, לפי קבוצה ראשית וקבוצה משנית
801090	רכיבים מתועשים	true	2012-01-16	2026-04-27	מדד מחירי תשומה בבנייה למסחר ולמשרדים, לפי קבוצה ראשית וקבוצה משנית
801100	חומרים	true	2012-01-16	2026-04-27	מדד מחירי תשומה בבנייה למסחר ולמשרדים, לפי קבוצה ראשית וקבוצה משנית
801110	גבס ואביזריו	true	2012-01-16	2026-04-27	מדד מחירי תשומה בבנייה למסחר ולמשרדים, לפי קבוצה ראשית וקבוצה משנית
801120	תקרות שונות	true	2012-01-16	2026-04-27	מדד מחירי תשומה בבנייה למסחר ולמשרדים, לפי קבוצה ראשית וקבוצה משנית
801130	שכר עבודה	true	2012-01-16	2026-04-27	מדד מחירי תשומה בבנייה למסחר ולמשרדים, לפי קבוצה ראשית וקבוצה משנית
801140	תקורה	true	2012-01-16	2026-04-27	מדד מחירי תשומה בבנייה למסחר ולמשרדים, לפי קבוצה ראשית וקבוצה משנית
801150	ציוד שכור	true	2012-01-16	2026-04-27	מדד מחירי תשומה בבנייה למסחר ולמשרדים, לפי קבוצה ראשית וקבוצה משנית
801160	סולר	true	2012-01-16	2026-04-27	מדד מחירי תשומה בבנייה למסחר ולמשרדים, לפי קבוצה ראשית וקבוצה משנית
801170	אחזקת משרדים והוצאות אחרות	true	2012-01-16	2026-04-27	מדד מחירי תשומה בבנייה למסחר ולמשרדים, לפי קבוצה ראשית וקבוצה משנית
801180	"קב""מ פינוי פסולת"	true	2012-01-16	2026-04-27	מדד מחירי תשומה בבנייה למסחר ולמשרדים, לפי קבוצה ראשית וקבוצה משנית
801190	שירותי שמירה	true	2012-01-16	2026-04-27	מדד מחירי תשומה בבנייה למסחר ולמשרדים, לפי קבוצה ראשית וקבוצה משנית
801200	שכר עבודה	true	2012-01-16	2026-04-27	מדד מחירי תשומה בבנייה למסחר ולמשרדים, לפי קבוצה ראשית וקבוצה משנית
802010	המדד ללא שכר עבודה	true	2012-01-16	2026-04-27	מדד מחירי תשומה בבנייה למסחר ולמשרדים, לפי קבוצה ראשית
802020	חומרים ומוצרים - סך כולל	true	2012-01-16	2026-04-27	מדד מחירי תשומה בבנייה למסחר ולמשרדים, לפי קבוצה ראשית
802030	שכירת ציוד	true	2012-01-16	2026-04-27	מדד מחירי תשומה בבנייה למסחר ולמשרדים, לפי קבוצה ראשית
802040	שכר עבודה	true	2012-01-16	2026-04-27	מדד מחירי תשומה בבנייה למסחר ולמשרדים, לפי קבוצה ראשית
802050	שונות	true	2012-01-16	2026-04-27	מדד מחירי תשומה בבנייה למסחר ולמשרדים, לפי קבוצה ראשית
240010	מדד מחירי תשומה בסלילה וגישור - כללי	true	1966-01-16	2026-04-27	"מדד מחירי תשומה בסלילה וגישור (ללא מע""מ), לפי קבוצות ראשיות וקבוצות משניות"
240015	המדד ללא גישור	true	2010-01-16	2026-04-27	"מדד מחירי תשומה בסלילה וגישור (ללא מע""מ), לפי קבוצות ראשיות וקבוצות משניות"
240020	חומרים - סך הכל	true	1983-01-16	2026-04-27	"מדד מחירי תשומה בסלילה וגישור (ללא מע""מ), לפי קבוצות ראשיות וקבוצות משניות"
240030	חומרי מחצבה	true	1983-01-16	2026-04-27	"מדד מחירי תשומה בסלילה וגישור (ללא מע""מ), לפי קבוצות ראשיות וקבוצות משניות"
240132	מצע א', מצע ב', מצע ג' - סך הכל	true	1996-02-16	2026-04-27	"מדד מחירי תשומה בסלילה וגישור (ללא מע""מ), לפי קבוצות ראשיות וקבוצות משניות"
240140	"אגו""מ - אגרגטים גרוסים ומודרגים"	true	1983-01-16	2026-04-27	"מדד מחירי תשומה בסלילה וגישור (ללא מע""מ), לפי קבוצות ראשיות וקבוצות משניות"
240150	חול לסוגיו	true	1983-01-16	2026-04-27	"מדד מחירי תשומה בסלילה וגישור (ללא מע""מ), לפי קבוצות ראשיות וקבוצות משניות"
240190	חומרי מחצבה אחרים	true	1983-01-16	2026-04-27	"מדד מחירי תשומה בסלילה וגישור (ללא מע""מ), לפי קבוצות ראשיות וקבוצות משניות"
240200	הובלה שכורה של חומרי מחצבה	true	1983-01-16	2026-04-27	"מדד מחירי תשומה בסלילה וגישור (ללא מע""מ), לפי קבוצות ראשיות וקבוצות משניות"
240220	תערובות אספלט	true	1983-01-16	2026-04-27	"מדד מחירי תשומה בסלילה וגישור (ללא מע""מ), לפי קבוצות ראשיות וקבוצות משניות"
240255	מלט ובטון	true	2010-01-16	2026-04-27	"מדד מחירי תשומה בסלילה וגישור (ללא מע""מ), לפי קבוצות ראשיות וקבוצות משניות"
240260	צמנט שחור	true	1983-01-16	2026-04-27	"מדד מחירי תשומה בסלילה וגישור (ללא מע""מ), לפי קבוצות ראשיות וקבוצות משניות"
240270	בטון מובא לסוגיו	true	1983-01-16	2026-04-27	"מדד מחירי תשומה בסלילה וגישור (ללא מע""מ), לפי קבוצות ראשיות וקבוצות משניות"
240280	אבני שפה, ריצוף ותיחום	true	1983-01-16	2026-04-27	"מדד מחירי תשומה בסלילה וגישור (ללא מע""מ), לפי קבוצות ראשיות וקבוצות משניות"
240281	אבני שפה ותיחום	true	2010-01-16	2026-04-27	"מדד מחירי תשומה בסלילה וגישור (ללא מע""מ), לפי קבוצות ראשיות וקבוצות משניות"
240282	אבני ריצוף	true	2010-01-16	2026-04-27	"מדד מחירי תשומה בסלילה וגישור (ללא מע""מ), לפי קבוצות ראשיות וקבוצות משניות"
240283	תאי בקרה ושוחות	true	2010-01-16	2026-04-27	"מדד מחירי תשומה בסלילה וגישור (ללא מע""מ), לפי קבוצות ראשיות וקבוצות משניות"
240284	קורות ומקטעים לגשרים	true	2010-01-16	2026-04-27	"מדד מחירי תשומה בסלילה וגישור (ללא מע""מ), לפי קבוצות ראשיות וקבוצות משניות"
240285	יריעות וחומרי איטום	true	2010-01-16	2026-04-27	"מדד מחירי תשומה בסלילה וגישור (ללא מע""מ), לפי קבוצות ראשיות וקבוצות משניות"
240286	יריעות ביטומניות	true	2010-01-16	2026-04-27	"מדד מחירי תשומה בסלילה וגישור (ללא מע""מ), לפי קבוצות ראשיות וקבוצות משניות"
240287	יריעות HDPE	true	2010-01-16	2026-04-27	"מדד מחירי תשומה בסלילה וגישור (ללא מע""מ), לפי קבוצות ראשיות וקבוצות משניות"
240288	חומרי איטום	true	2010-01-16	2026-04-27	"מדד מחירי תשומה בסלילה וגישור (ללא מע""מ), לפי קבוצות ראשיות וקבוצות משניות"
240289	יריעות שריון קרקע	true	2010-01-16	2026-04-27	"מדד מחירי תשומה בסלילה וגישור (ללא מע""מ), לפי קבוצות ראשיות וקבוצות משניות"
240291	צינורות שונים	true	2010-01-16	2026-04-27	"מדד מחירי תשומה בסלילה וגישור (ללא מע""מ), לפי קבוצות ראשיות וקבוצות משניות"
240292	צינורות ניקוז	true	2010-01-16	2026-04-27	"מדד מחירי תשומה בסלילה וגישור (ללא מע""מ), לפי קבוצות ראשיות וקבוצות משניות"
240293	צינורות ביוב	true	2010-01-16	2026-04-27	"מדד מחירי תשומה בסלילה וגישור (ללא מע""מ), לפי קבוצות ראשיות וקבוצות משניות"
240294	צינורות אספקת מים	true	2010-01-16	2026-04-27	"מדד מחירי תשומה בסלילה וגישור (ללא מע""מ), לפי קבוצות ראשיות וקבוצות משניות"
240700	מוטות ורשתות פלדה ואביזרי מתכת שונים	true	2010-01-16	2026-04-27	"מדד מחירי תשומה בסלילה וגישור (ללא מע""מ), לפי קבוצות ראשיות וקבוצות משניות"
240710	חומרים ומוצרים לסימון	true	2010-01-16	2026-04-27	"מדד מחירי תשומה בסלילה וגישור (ללא מע""מ), לפי קבוצות ראשיות וקבוצות משניות"
240711	צבעים	true	2010-01-16	2026-04-27	"מדד מחירי תשומה בסלילה וגישור (ללא מע""מ), לפי קבוצות ראשיות וקבוצות משניות"
240712	אביזרי סימון שונים	true	2010-01-16	2026-04-27	"מדד מחירי תשומה בסלילה וגישור (ללא מע""מ), לפי קבוצות ראשיות וקבוצות משניות"
240720	שלטים ותמרורים	true	2010-01-16	2026-04-27	"מדד מחירי תשומה בסלילה וגישור (ללא מע""מ), לפי קבוצות ראשיות וקבוצות משניות"
240730	מעקה בטיחות	true	2010-01-16	2026-04-27	"מדד מחירי תשומה בסלילה וגישור (ללא מע""מ), לפי קבוצות ראשיות וקבוצות משניות"
240740	אביזרים לתאורת כביש ותשתית חשמל	true	2010-01-16	2026-04-27	"מדד מחירי תשומה בסלילה וגישור (ללא מע""מ), לפי קבוצות ראשיות וקבוצות משניות"
240741	אביזרי תאורת כביש	true	2010-01-16	2026-04-27	"מדד מחירי תשומה בסלילה וגישור (ללא מע""מ), לפי קבוצות ראשיות וקבוצות משניות"
240742	רמזורים	true	2010-01-16	2026-04-27	"מדד מחירי תשומה בסלילה וגישור (ללא מע""מ), לפי קבוצות ראשיות וקבוצות משניות"
240750	מוצרים לפיתוח נופי	true	2010-01-16	2026-04-27	"מדד מחירי תשומה בסלילה וגישור (ללא מע""מ), לפי קבוצות ראשיות וקבוצות משניות"
240320	שכירת ציוד	true	1983-01-16	2026-04-27	"מדד מחירי תשומה בסלילה וגישור (ללא מע""מ), לפי קבוצות ראשיות וקבוצות משניות"
240355	שכירת מעמיסים מחפרים ומחפרונים	true	2010-01-16	2026-04-27	"מדד מחירי תשומה בסלילה וגישור (ללא מע""מ), לפי קבוצות ראשיות וקבוצות משניות"
240360	שכירת מקרצפת ומפלסת	true	2010-01-16	2026-04-27	"מדד מחירי תשומה בסלילה וגישור (ללא מע""מ), לפי קבוצות ראשיות וקבוצות משניות"
240370	שכירת מכבשים	true	1983-01-16	2026-04-27	"מדד מחירי תשומה בסלילה וגישור (ללא מע""מ), לפי קבוצות ראשיות וקבוצות משניות"
240371	שכירת משאיות	true	2010-01-16	2026-04-27	"מדד מחירי תשומה בסלילה וגישור (ללא מע""מ), לפי קבוצות ראשיות וקבוצות משניות"
240372	שכירת מכונת קידוח	true	2010-01-16	2026-04-27	"מדד מחירי תשומה בסלילה וגישור (ללא מע""מ), לפי קבוצות ראשיות וקבוצות משניות"
240373	ציוד קל	true	2010-01-16	2026-04-27	"מדד מחירי תשומה בסלילה וגישור (ללא מע""מ), לפי קבוצות ראשיות וקבוצות משניות"
240374	ציוד אחר	true	2010-01-16	2026-04-27	"מדד מחירי תשומה בסלילה וגישור (ללא מע""מ), לפי קבוצות ראשיות וקבוצות משניות"
240390	שירותי מטמנה	true	2010-01-16	2026-04-27	"מדד מחירי תשומה בסלילה וגישור (ללא מע""מ), לפי קבוצות ראשיות וקבוצות משניות"
240800	שכר עבודה	true	2010-01-16	2026-04-27	"מדד מחירי תשומה בסלילה וגישור (ללא מע""מ), לפי קבוצות ראשיות וקבוצות משניות"
242010	עבודות הכנה ופירוק	true	2010-01-16	2026-04-27	"מדד מחירי תשומה בסלילה וגישור (ללא מע""מ), לפי פרקי עבודה"
242020	עבודות פירוק	true	2010-01-16	2026-04-27	"מדד מחירי תשומה בסלילה וגישור (ללא מע""מ), לפי פרקי עבודה"
242030	עקירה  וכריתת  עצים	true	2010-01-16	2026-04-27	"מדד מחירי תשומה בסלילה וגישור (ללא מע""מ), לפי פרקי עבודה"
242040	עבודות חישוף	true	2010-01-16	2026-04-27	"מדד מחירי תשומה בסלילה וגישור (ללא מע""מ), לפי פרקי עבודה"
242050	עבודות  קרצוף	true	2010-01-16	2026-04-27	"מדד מחירי תשומה בסלילה וגישור (ללא מע""מ), לפי פרקי עבודה"
242110	עבודות עפר	true	2010-01-16	2026-04-27	"מדד מחירי תשומה בסלילה וגישור (ללא מע""מ), לפי פרקי עבודה"
242120	חפירה וחציבה	true	2010-01-16	2026-04-27	"מדד מחירי תשומה בסלילה וגישור (ללא מע""מ), לפי פרקי עבודה"
242130	עבודות  הידוק	true	2010-01-16	2026-04-27	"מדד מחירי תשומה בסלילה וגישור (ללא מע""מ), לפי פרקי עבודה"
242140	עבודות  מילוי	true	2010-01-16	2026-04-27	"מדד מחירי תשומה בסלילה וגישור (ללא מע""מ), לפי פרקי עבודה"
242210	"עבודות מצע ואגו""מ"	true	2010-01-16	2026-04-27	"מדד מחירי תשומה בסלילה וגישור (ללא מע""מ), לפי פרקי עבודה"
242220	עבודות מצע	true	2010-01-16	2026-04-27	"מדד מחירי תשומה בסלילה וגישור (ללא מע""מ), לפי פרקי עבודה"
242230	"עבודות אגו""מ"	true	2010-01-16	2026-04-27	"מדד מחירי תשומה בסלילה וגישור (ללא מע""מ), לפי פרקי עבודה"
242310	שכבות אספלטיות	true	2010-01-16	2026-04-27	"מדד מחירי תשומה בסלילה וגישור (ללא מע""מ), לפי פרקי עבודה"
242320	"ריבוד באספלט מסוג תא""צ"	true	2010-01-16	2026-04-27	"מדד מחירי תשומה בסלילה וגישור (ללא מע""מ), לפי פרקי עבודה"
242330	"ריבוד באספלט מסוג תא""מ"	true	2010-01-16	2026-04-27	"מדד מחירי תשומה בסלילה וגישור (ללא מע""מ), לפי פרקי עבודה"
242340	"ריבוד באספלט מסוג תאמ""א"	true	2010-01-16	2026-04-27	"מדד מחירי תשומה בסלילה וגישור (ללא מע""מ), לפי פרקי עבודה"
242350	ריבוד באספלט למדרכות	true	2010-01-16	2026-04-27	"מדד מחירי תשומה בסלילה וגישור (ללא מע""מ), לפי פרקי עבודה"
242410	עבודות ניקוז	true	2010-01-16	2026-04-27	"מדד מחירי תשומה בסלילה וגישור (ללא מע""מ), לפי פרקי עבודה"
242420	צינורות ניקוז טרומיים	true	2010-01-16	2026-04-27	"מדד מחירי תשומה בסלילה וגישור (ללא מע""מ), לפי פרקי עבודה"
242430	מתקנים  למערכות ניקוז	true	2010-01-16	2026-04-27	"מדד מחירי תשומה בסלילה וגישור (ללא מע""מ), לפי פרקי עבודה"
242440	דיפון תעלות פתוחות	true	2010-01-16	2026-04-27	"מדד מחירי תשומה בסלילה וגישור (ללא מע""מ), לפי פרקי עבודה"
242510	עבודות סימון	true	2010-01-16	2026-04-27	"מדד מחירי תשומה בסלילה וגישור (ללא מע""מ), לפי פרקי עבודה"
242520	סימון כבישים בצבע חד רכיבי	true	2010-01-16	2026-04-27	"מדד מחירי תשומה בסלילה וגישור (ללא מע""מ), לפי פרקי עבודה"
242530	סימון כבישים בצבע דו רכיבי	true	2010-01-16	2026-04-27	"מדד מחירי תשומה בסלילה וגישור (ללא מע""מ), לפי פרקי עבודה"
242540	עיני חתול	true	2010-01-16	2026-04-27	"מדד מחירי תשומה בסלילה וגישור (ללא מע""מ), לפי פרקי עבודה"
242610	עבודות שילוט ותמרור	true	2010-01-16	2026-04-27	"מדד מחירי תשומה בסלילה וגישור (ללא מע""מ), לפי פרקי עבודה"
242620	התקנת  תמרורים	true	2010-01-16	2026-04-27	"מדד מחירי תשומה בסלילה וגישור (ללא מע""מ), לפי פרקי עבודה"
242630	התקנת  שלטים	true	2010-01-16	2026-04-27	"מדד מחירי תשומה בסלילה וגישור (ללא מע""מ), לפי פרקי עבודה"
242710	מעקות וגדרות בטיחות	true	2010-01-16	2026-04-27	"מדד מחירי תשומה בסלילה וגישור (ללא מע""מ), לפי פרקי עבודה"
242720	התקנת  מעקות פלדה	true	2010-01-16	2026-04-27	"מדד מחירי תשומה בסלילה וגישור (ללא מע""מ), לפי פרקי עבודה"
242730	התקנת  מעקות בטון	true	2010-01-16	2026-04-27	"מדד מחירי תשומה בסלילה וגישור (ללא מע""מ), לפי פרקי עבודה"
242810	עבודות ריצוף	true	2010-01-16	2026-04-27	"מדד מחירי תשומה בסלילה וגישור (ללא מע""מ), לפי פרקי עבודה"
242820	אבני  שפה ותיחום	true	2010-01-16	2026-04-27	"מדד מחירי תשומה בסלילה וגישור (ללא מע""מ), לפי פרקי עבודה"
242830	עבודות ריצוף	true	2010-01-16	2026-04-27	"מדד מחירי תשומה בסלילה וגישור (ללא מע""מ), לפי פרקי עבודה"
242910	עבודות ביסוס עמוק	true	2010-01-16	2026-04-27	"מדד מחירי תשומה בסלילה וגישור (ללא מע""מ), לפי פרקי עבודה"
242920	כלונסאות  קדוחים	true	2010-01-16	2026-04-27	"מדד מחירי תשומה בסלילה וגישור (ללא מע""מ), לפי פרקי עבודה"
242930	כלונסאות עם שימוש בתרחיף בנטונייט	true	2010-01-16	2026-04-27	"מדד מחירי תשומה בסלילה וגישור (ללא מע""מ), לפי פרקי עבודה"
242940	כלונסאות קדוחים  בשיטת ההקשה	true	2010-01-16	2026-04-27	"מדד מחירי תשומה בסלילה וגישור (ללא מע""מ), לפי פרקי עבודה"
242950	קירות ביסוס  (סלארי)	true	2010-01-16	2026-04-27	"מדד מחירי תשומה בסלילה וגישור (ללא מע""מ), לפי פרקי עבודה"
242960	ברזל זיון כלונסאות	true	2010-01-16	2026-04-27	"מדד מחירי תשומה בסלילה וגישור (ללא מע""מ), לפי פרקי עבודה"
243010	עבודות גישור	true	2010-01-16	2026-04-27	"מדד מחירי תשומה בסלילה וגישור (ללא מע""מ), לפי פרקי עבודה"
243020	אלמנטים יצוקים  באתר	true	2010-01-16	2026-04-27	"מדד מחירי תשומה בסלילה וגישור (ללא מע""מ), לפי פרקי עבודה"
243030	אלמנטים  טרומיים/ דרוכים	true	2010-01-16	2026-04-27	"מדד מחירי תשומה בסלילה וגישור (ללא מע""מ), לפי פרקי עבודה"
243040	ברזל גשרים	true	2010-01-16	2026-04-27	"מדד מחירי תשומה בסלילה וגישור (ללא מע""מ), לפי פרקי עבודה"
243110	עבודות בטון	true	2010-01-16	2026-04-27	"מדד מחירי תשומה בסלילה וגישור (ללא מע""מ), לפי פרקי עבודה"
243120	בטון יצוק  באתר - אופקי	true	2010-01-16	2026-04-27	"מדד מחירי תשומה בסלילה וגישור (ללא מע""מ), לפי פרקי עבודה"
243130	בטון יצוק  באתר - אנכי	true	2010-01-16	2026-04-27	"מדד מחירי תשומה בסלילה וגישור (ללא מע""מ), לפי פרקי עבודה"
243140	מוטות ורשתות ברזל	true	2010-01-16	2026-04-27	"מדד מחירי תשומה בסלילה וגישור (ללא מע""מ), לפי פרקי עבודה"
243210	עבודות איטום	true	2010-01-16	2026-04-27	"מדד מחירי תשומה בסלילה וגישור (ללא מע""מ), לפי פרקי עבודה"
243220	איטום בטון	true	2010-01-16	2026-04-27	"מדד מחירי תשומה בסלילה וגישור (ללא מע""מ), לפי פרקי עבודה"
243230	איטום קרקע	true	2010-01-16	2026-04-27	"מדד מחירי תשומה בסלילה וגישור (ללא מע""מ), לפי פרקי עבודה"
243310	עבודות גינון ופיתוח נופי	true	2010-01-16	2026-04-27	"מדד מחירי תשומה בסלילה וגישור (ללא מע""מ), לפי פרקי עבודה"
243320	חיפוי  באדמה	true	2010-01-16	2026-04-27	"מדד מחירי תשומה בסלילה וגישור (ללא מע""מ), לפי פרקי עבודה"
243330	מערכת השקיה	true	2010-01-16	2026-04-27	"מדד מחירי תשומה בסלילה וגישור (ללא מע""מ), לפי פרקי עבודה"
243340	בניית מסלעה	true	2010-01-16	2026-04-27	"מדד מחירי תשומה בסלילה וגישור (ללא מע""מ), לפי פרקי עבודה"
243350	צמחיה	true	2010-01-16	2026-04-27	"מדד מחירי תשומה בסלילה וגישור (ללא מע""מ), לפי פרקי עבודה"
243410	עבודות תאורה ורמזורים	true	2010-01-16	2026-04-27	"מדד מחירי תשומה בסלילה וגישור (ללא מע""מ), לפי פרקי עבודה"
243420	תשתית  לעמודי תאורה	true	2010-01-16	2026-04-27	"מדד מחירי תשומה בסלילה וגישור (ללא מע""מ), לפי פרקי עבודה"
243430	יסודות רדודים  לעמודי תאורה	true	2010-01-16	2026-04-27	"מדד מחירי תשומה בסלילה וגישור (ללא מע""מ), לפי פרקי עבודה"
243440	עמודי  תאורה ורמזורים	true	2010-01-16	2026-04-27	"מדד מחירי תשומה בסלילה וגישור (ללא מע""מ), לפי פרקי עבודה"
243450	גופי תאורה	true	2010-01-16	2026-04-27	"מדד מחירי תשומה בסלילה וגישור (ללא מע""מ), לפי פרקי עבודה"
243460	פנסי רמזורים	true	2010-01-16	2026-04-27	"מדד מחירי תשומה בסלילה וגישור (ללא מע""מ), לפי פרקי עבודה"
243510	מערכות אספקת מים	true	2010-01-16	2026-04-27	"מדד מחירי תשומה בסלילה וגישור (ללא מע""מ), לפי פרקי עבודה"
243520	קווי מים	true	2010-01-16	2026-04-27	"מדד מחירי תשומה בסלילה וגישור (ללא מע""מ), לפי פרקי עבודה"
243530	מתקני מים	true	2010-01-16	2026-04-27	"מדד מחירי תשומה בסלילה וגישור (ללא מע""מ), לפי פרקי עבודה"
243610	מערכות ביוב	true	2010-01-16	2026-04-27	"מדד מחירי תשומה בסלילה וגישור (ללא מע""מ), לפי פרקי עבודה"
243620	קווי ביוב	true	2010-01-16	2026-04-27	"מדד מחירי תשומה בסלילה וגישור (ללא מע""מ), לפי פרקי עבודה"
243630	מתקני ביוב	true	2010-01-16	2026-04-27	"מדד מחירי תשומה בסלילה וגישור (ללא מע""מ), לפי פרקי עבודה"
243710	מבנה פלדה ומסגרות חרש	true	2010-01-16	2026-04-27	"מדד מחירי תשומה בסלילה וגישור (ללא מע""מ), לפי פרקי עבודה"
243720	גשרי שילוט	true	2010-01-16	2026-04-27	"מדד מחירי תשומה בסלילה וגישור (ללא מע""מ), לפי פרקי עבודה"
243730	קונסטרוקצית פלדה	true	2010-01-16	2026-04-27	"מדד מחירי תשומה בסלילה וגישור (ללא מע""מ), לפי פרקי עבודה"
243810	עבודות רג'י	true	2010-01-16	2026-04-27	"מדד מחירי תשומה בסלילה וגישור (ללא מע""מ), לפי פרקי עבודה"
243820	כוח אדם	true	2010-01-16	2026-04-27	"מדד מחירי תשומה בסלילה וגישור (ללא מע""מ), לפי פרקי עבודה"
243830	ציוד	true	2010-01-16	2026-04-27	"מדד מחירי תשומה בסלילה וגישור (ללא מע""מ), לפי פרקי עבודה"
243910	קירות תמך מקרקע משוריינת	true	2010-01-16	2026-04-27	"מדד מחירי תשומה בסלילה וגישור (ללא מע""מ), לפי פרקי עבודה"
243920	קיר מקרקע משוריינת	true	2010-01-16	2026-04-27	"מדד מחירי תשומה בסלילה וגישור (ללא מע""מ), לפי פרקי עבודה"
240160	עדש	true	1983-01-16	2026-04-27	"מדד מחירים של תשומות נבחרות בסלילה וגישור (ללא מע""מ)"
240170	סומסום	true	1983-01-16	2026-04-27	"מדד מחירים של תשומות נבחרות בסלילה וגישור (ללא מע""מ)"
240230	ביטומן לכבישים	true	1983-01-16	2026-04-27	"מדד מחירים של תשומות נבחרות בסלילה וגישור (ללא מע""מ)"
240240	חומרי נפץ	true	1983-01-16	2026-04-27	"מדד מחירים של תשומות נבחרות בסלילה וגישור (ללא מע""מ)"
240245	בדיקות תקן	true	2010-01-16	2026-04-27	"מדד מחירים של תשומות נבחרות בסלילה וגישור (ללא מע""מ)"
240246	"בטון אספלט בזלתי מסוג תא""מ 19"	true	2010-01-16	2026-04-27	"מדד מחירים של תשומות נבחרות בסלילה וגישור (ללא מע""מ)"
260010	מדד מחירי תשומה בענף החקלאות - כללי	true	1976-10-16	2026-04-27	"מדד מחירי תשומה בענף החקלאות (ללא מע""מ), לפי קבוצות ראשיות וקבוצות משניות"
260020	המדד ללא שכר של עובדים בחקלאות	true	1983-01-16	2026-04-27	"מדד מחירי תשומה בענף החקלאות (ללא מע""מ), לפי קבוצות ראשיות וקבוצות משניות"
261010	תשומות בגידולים צמחיים	true	1987-01-16	2026-04-27	"מדד מחירי תשומה בענף החקלאות (ללא מע""מ), לפי קבוצות ראשיות וקבוצות משניות"
261020	תשומות בבעלי חיים	true	1987-01-16	2026-04-27	"מדד מחירי תשומה בענף החקלאות (ללא מע""מ), לפי קבוצות ראשיות וקבוצות משניות"
260030	מספוא לבעלי חיים	true	1983-01-16	2026-04-27	"מדד מחירי תשומה בענף החקלאות (ללא מע""מ), לפי קבוצות ראשיות וקבוצות משניות"
260040	תערובות	true	1983-01-16	2026-04-27	"מדד מחירי תשומה בענף החקלאות (ללא מע""מ), לפי קבוצות ראשיות וקבוצות משניות"
260050	תערובות לעופות	true	1983-01-16	2026-04-27	"מדד מחירי תשומה בענף החקלאות (ללא מע""מ), לפי קבוצות ראשיות וקבוצות משניות"
260060	תערובות לבקר	true	1983-01-16	2026-04-27	"מדד מחירי תשומה בענף החקלאות (ללא מע""מ), לפי קבוצות ראשיות וקבוצות משניות"
260070	תערובות לצאן ולבעלי חיים אחרים	true	1983-01-16	2026-04-27	"מדד מחירי תשומה בענף החקלאות (ללא מע""מ), לפי קבוצות ראשיות וקבוצות משניות"
260075	בליל מספוא לבקר	true	2001-01-16	2026-04-27	"מדד מחירי תשומה בענף החקלאות (ללא מע""מ), לפי קבוצות ראשיות וקבוצות משניות"
260076	בליל למספוא לרפת חלב	true	2021-01-16	2026-04-27	"מדד מחירי תשומה בענף החקלאות (ללא מע""מ), לפי קבוצות ראשיות וקבוצות משניות"
260078	בליל למספוא לרפת פיטום	true	2021-01-16	2026-04-27	"מדד מחירי תשומה בענף החקלאות (ללא מע""מ), לפי קבוצות ראשיות וקבוצות משניות"
260087	מספוא גס לבעלי חיים	true	2021-01-16	2026-04-27	"מדד מחירי תשומה בענף החקלאות (ללא מע""מ), לפי קבוצות ראשיות וקבוצות משניות"
260085	חומרים בהאבסה ישירה (גרעינים, שחת, קש וכו')	true	2001-01-16	2026-04-27	"מדד מחירי תשומה בענף החקלאות (ללא מע""מ), לפי קבוצות ראשיות וקבוצות משניות"
260100	אפרוחים	true	1983-01-16	2026-04-27	"מדד מחירי תשומה בענף החקלאות (ללא מע""מ), לפי קבוצות ראשיות וקבוצות משניות"
260110	זרעים, פקעות ושתילים	true	1983-01-16	2026-04-27	"מדד מחירי תשומה בענף החקלאות (ללא מע""מ), לפי קבוצות ראשיות וקבוצות משניות"
260120	זרעים לירקות וגידולי שדה	true	1983-01-16	2026-04-27	"מדד מחירי תשומה בענף החקלאות (ללא מע""מ), לפי קבוצות ראשיות וקבוצות משניות"
260125	שתילים	true	2021-01-16	2026-04-27	"מדד מחירי תשומה בענף החקלאות (ללא מע""מ), לפי קבוצות ראשיות וקבוצות משניות"
260140	שתילי מטעים	true	1983-01-16	2026-04-27	"מדד מחירי תשומה בענף החקלאות (ללא מע""מ), לפי קבוצות ראשיות וקבוצות משניות"
260145	שתילים אחרים	true	2021-01-16	2026-04-27	"מדד מחירי תשומה בענף החקלאות (ללא מע""מ), לפי קבוצות ראשיות וקבוצות משניות"
260150	דשנים וזבלים	true	1983-01-16	2026-04-27	"מדד מחירי תשומה בענף החקלאות (ללא מע""מ), לפי קבוצות ראשיות וקבוצות משניות"
260160	דשנים	true	1983-01-16	2026-04-27	"מדד מחירי תשומה בענף החקלאות (ללא מע""מ), לפי קבוצות ראשיות וקבוצות משניות"
260170	דשנים חנקניים	true	1983-01-16	2026-04-27	"מדד מחירי תשומה בענף החקלאות (ללא מע""מ), לפי קבוצות ראשיות וקבוצות משניות"
260180	דשנים זרחניים	true	1983-01-16	2026-04-27	"מדד מחירי תשומה בענף החקלאות (ללא מע""מ), לפי קבוצות ראשיות וקבוצות משניות"
260190	דשנים אשלגניים	true	1983-01-16	2026-04-27	"מדד מחירי תשומה בענף החקלאות (ללא מע""מ), לפי קבוצות ראשיות וקבוצות משניות"
260200	דשנים מורכבים	true	1983-01-16	2026-04-27	"מדד מחירי תשומה בענף החקלאות (ללא מע""מ), לפי קבוצות ראשיות וקבוצות משניות"
260210	דשנים אורגניים	true	1983-01-16	2026-04-27	"מדד מחירי תשומה בענף החקלאות (ללא מע""מ), לפי קבוצות ראשיות וקבוצות משניות"
260220	זבלים	true	1983-01-16	2026-04-27	"מדד מחירי תשומה בענף החקלאות (ללא מע""מ), לפי קבוצות ראשיות וקבוצות משניות"
260230	חומרי הדברה	true	1983-01-16	2026-04-27	"מדד מחירי תשומה בענף החקלאות (ללא מע""מ), לפי קבוצות ראשיות וקבוצות משניות"
260240	קוטלי עשבים	true	1983-01-16	2026-04-27	"מדד מחירי תשומה בענף החקלאות (ללא מע""מ), לפי קבוצות ראשיות וקבוצות משניות"
260250	קוטלי פטריות וחיידקים	true	1983-01-16	2026-04-27	"מדד מחירי תשומה בענף החקלאות (ללא מע""מ), לפי קבוצות ראשיות וקבוצות משניות"
260260	קוטלי חרקים ואקריות	true	1983-01-16	2026-04-27	"מדד מחירי תשומה בענף החקלאות (ללא מע""מ), לפי קבוצות ראשיות וקבוצות משניות"
260270	חומרים אחרים	true	1983-01-16	2026-04-27	"מדד מחירי תשומה בענף החקלאות (ללא מע""מ), לפי קבוצות ראשיות וקבוצות משניות"
260280	מים	true	1983-01-16	2026-04-27	"מדד מחירי תשומה בענף החקלאות (ללא מע""מ), לפי קבוצות ראשיות וקבוצות משניות"
260290	דלק, שמנים וחשמל	true	1983-01-16	2026-04-27	"מדד מחירי תשומה בענף החקלאות (ללא מע""מ), לפי קבוצות ראשיות וקבוצות משניות"
260300	דלק	true	1983-01-16	2026-04-27	"מדד מחירי תשומה בענף החקלאות (ללא מע""מ), לפי קבוצות ראשיות וקבוצות משניות"
260310	שמני מנוע וסיכה	true	1983-01-16	2026-04-27	"מדד מחירי תשומה בענף החקלאות (ללא מע""מ), לפי קבוצות ראשיות וקבוצות משניות"
260320	חשמל	true	1983-01-16	2026-04-27	"מדד מחירי תשומה בענף החקלאות (ללא מע""מ), לפי קבוצות ראשיות וקבוצות משניות"
260330	חומרי אריזה ואריזות	true	1983-01-16	2026-04-27	"מדד מחירי תשומה בענף החקלאות (ללא מע""מ), לפי קבוצות ראשיות וקבוצות משניות"
260340	חומרי בנייה למבנים חקלאיים וכיסויים פלסטיים	true	1983-01-16	2026-04-27	"מדד מחירי תשומה בענף החקלאות (ללא מע""מ), לפי קבוצות ראשיות וקבוצות משניות"
260599	מיכון	true	2021-01-16	2026-04-27	"מדד מחירי תשומה בענף החקלאות (ללא מע""מ), לפי קבוצות ראשיות וקבוצות משניות"
260600	טרקטור	true	2021-01-16	2026-04-27	"מדד מחירי תשומה בענף החקלאות (ללא מע""מ), לפי קבוצות ראשיות וקבוצות משניות"
260700	מיכון בגידול מטעים	true	2021-01-16	2026-04-27	"מדד מחירי תשומה בענף החקלאות (ללא מע""מ), לפי קבוצות ראשיות וקבוצות משניות"
260800	"מיכון גד""ש, ירקות ותפוחי אדמה"	true	2021-01-16	2026-04-27	"מדד מחירי תשומה בענף החקלאות (ללא מע""מ), לפי קבוצות ראשיות וקבוצות משניות"
260900	ציוד	true	2021-01-16	2026-04-27	"מדד מחירי תשומה בענף החקלאות (ללא מע""מ), לפי קבוצות ראשיות וקבוצות משניות"
260390	ציוד השקיה	true	1983-01-16	2026-04-27	"מדד מחירי תשומה בענף החקלאות (ללא מע""מ), לפי קבוצות ראשיות וקבוצות משניות"
260400	מכונות וציוד במבנים לבעלי חיים	true	1983-01-16	2026-04-27	"מדד מחירי תשומה בענף החקלאות (ללא מע""מ), לפי קבוצות ראשיות וקבוצות משניות"
260950	רכב וחלפים	true	2021-01-16	2026-04-27	"מדד מחירי תשומה בענף החקלאות (ללא מע""מ), לפי קבוצות ראשיות וקבוצות משניות"
260500	הובלה שכורה	true	1983-01-16	2026-04-27	"מדד מחירי תשומה בענף החקלאות (ללא מע""מ), לפי קבוצות ראשיות וקבוצות משניות"
260510	שירותים וטרינריים ותרופות	true	1983-01-16	2026-04-27	"מדד מחירי תשומה בענף החקלאות (ללא מע""מ), לפי קבוצות ראשיות וקבוצות משניות"
260520	ביטוח	true	1983-01-16	2026-04-27	"מדד מחירי תשומה בענף החקלאות (ללא מע""מ), לפי קבוצות ראשיות וקבוצות משניות"
260530	מסים ואגרות	true	1983-01-16	2026-04-27	"מדד מחירי תשומה בענף החקלאות (ללא מע""מ), לפי קבוצות ראשיות וקבוצות משניות"
260540	דמי חכירה	true	1983-01-16	2026-04-27	"מדד מחירי תשומה בענף החקלאות (ללא מע""מ), לפי קבוצות ראשיות וקבוצות משניות"
260550	שונות (הנהלת חשבונות, שירותי מחשב, צורכי משרד וכו')	true	1983-01-16	2026-04-27	"מדד מחירי תשומה בענף החקלאות (ללא מע""מ), לפי קבוצות ראשיות וקבוצות משניות"
260450	עלות עבודה שכירה	true	1983-01-16	2026-04-27	"מדד מחירי תשומה בענף החקלאות (ללא מע""מ), לפי קבוצות ראשיות וקבוצות משניות"
270010	תערובת לתרנגולות פיטום	true	1987-01-16	2026-04-27	"מדד מחירים של תשומות נבחרות בענף החקלאות (ללא מע""מ)"
270020	תערובת לתרנגולות הטלה	true	1987-01-16	2026-04-27	"מדד מחירים של תשומות נבחרות בענף החקלאות (ללא מע""מ)"
270030	תערובת לתרנגולות רבייה	true	1987-01-16	2026-04-27	"מדד מחירים של תשומות נבחרות בענף החקלאות (ללא מע""מ)"
270040	תערובת לתרנגולות גידול	true	1987-01-16	2026-04-27	"מדד מחירים של תשומות נבחרות בענף החקלאות (ללא מע""מ)"
270050	תערובת להודיים	true	1987-01-16	2026-04-27	"מדד מחירים של תשומות נבחרות בענף החקלאות (ללא מע""מ)"
270130	סולר	true	1987-01-16	2026-04-27	"מדד מחירים של תשומות נבחרות בענף החקלאות (ללא מע""מ)"
270140	בנזין	true	1987-01-16	2026-04-27	"מדד מחירים של תשומות נבחרות בענף החקלאות (ללא מע""מ)"
270193	מערכת שלדית	true	2001-01-16	2026-04-27	"מדד מחירים של תשומות נבחרות בענף החקלאות (ללא מע""מ)"
270197	רשת קבועה	true	2001-01-16	2026-04-27	"מדד מחירים של תשומות נבחרות בענף החקלאות (ללא מע""מ)"
270200	חלקים ממתכת, חלקים חשמליים וכו'	true	1987-01-16	2026-04-27	"מדד מחירים של תשומות נבחרות בענף החקלאות (ללא מע""מ)"
270250	מסים מוניציפליים	true	1987-01-16	2026-04-27	"מדד מחירים של תשומות נבחרות בענף החקלאות (ללא מע""מ)"
270260	מסים לארגונים	true	1987-01-16	2026-04-27	"מדד מחירים של תשומות נבחרות בענף החקלאות (ללא מע""מ)"
260440	כלי עבודה ומכשירים	true	1983-01-16	2026-04-27	"מדד מחירים של תשומות נבחרות בענף החקלאות (ללא מע""מ)"
400010	זרעים, פקעות ושתילים	true	2021-01-16	2026-04-27	מדד מחירי תשומה בגידולים צמחיים ובבעלי חיים
400020	דשנים וזבלים	true	2021-01-16	2026-04-27	מדד מחירי תשומה בגידולים צמחיים ובבעלי חיים
400030	חומרי הדברה	true	2021-01-16	2026-04-27	מדד מחירי תשומה בגידולים צמחיים ובבעלי חיים
400040	מים	true	2021-01-16	2026-04-27	מדד מחירי תשומה בגידולים צמחיים ובבעלי חיים
400050	דלק שמנים וחשמל	true	2021-01-16	2026-04-27	מדד מחירי תשומה בגידולים צמחיים ובבעלי חיים
400060	חומרי אריזה ואריזות	true	2021-01-16	2026-04-27	מדד מחירי תשומה בגידולים צמחיים ובבעלי חיים
400070	חומרי בנייה למבנים חקלאיים וכיסויים פלסטיים	true	2021-01-16	2026-04-27	מדד מחירי תשומה בגידולים צמחיים ובבעלי חיים
400080	מיכון	true	2021-01-16	2026-04-27	מדד מחירי תשומה בגידולים צמחיים ובבעלי חיים
400090	ציוד	true	2021-01-16	2026-04-27	מדד מחירי תשומה בגידולים צמחיים ובבעלי חיים
400100	רכב וחלפים	true	2021-01-16	2026-04-27	מדד מחירי תשומה בגידולים צמחיים ובבעלי חיים
400110	הובלה שכורה	true	2021-01-16	2026-04-27	מדד מחירי תשומה בגידולים צמחיים ובבעלי חיים
400120	ביטוח	true	2021-01-16	2026-04-27	מדד מחירי תשומה בגידולים צמחיים ובבעלי חיים
400130	מיסים אגרות ורשיונות	true	2021-01-16	2026-04-27	מדד מחירי תשומה בגידולים צמחיים ובבעלי חיים
400140	חכירת קרקע	true	2021-01-16	2026-04-27	מדד מחירי תשומה בגידולים צמחיים ובבעלי חיים
400150	שונות	true	2021-01-16	2026-04-27	מדד מחירי תשומה בגידולים צמחיים ובבעלי חיים
400160	עלות עבודה שכירה	true	2021-01-16	2026-04-27	מדד מחירי תשומה בגידולים צמחיים ובבעלי חיים
400170	מספוא לבעלי חיים	true	2021-01-16	2026-04-27	מדד מחירי תשומה בגידולים צמחיים ובבעלי חיים
400180	אפרוחים	true	2021-01-16	2026-04-27	מדד מחירי תשומה בגידולים צמחיים ובבעלי חיים
400190	מים	true	2021-01-16	2026-04-27	מדד מחירי תשומה בגידולים צמחיים ובבעלי חיים
400200	דלק שמנים וחשמל	true	2021-01-16	2026-04-27	מדד מחירי תשומה בגידולים צמחיים ובבעלי חיים
400210	חומרי אריזה ואריזות	true	2021-01-16	2026-04-27	מדד מחירי תשומה בגידולים צמחיים ובבעלי חיים
400220	חומרי בנייה למבנים חקלאיים	true	2021-01-16	2026-04-27	מדד מחירי תשומה בגידולים צמחיים ובבעלי חיים
400230	ציוד	true	2021-01-16	2026-04-27	מדד מחירי תשומה בגידולים צמחיים ובבעלי חיים
400240	רכב וחלפים	true	2021-01-16	2026-04-27	מדד מחירי תשומה בגידולים צמחיים ובבעלי חיים
400250	הובלה שכורה	true	2021-01-16	2026-04-27	מדד מחירי תשומה בגידולים צמחיים ובבעלי חיים
400260	שירותים וטרינריים ותרופות	true	2021-01-16	2026-04-27	מדד מחירי תשומה בגידולים צמחיים ובבעלי חיים
400270	ביטוח	true	2021-01-16	2026-04-27	מדד מחירי תשומה בגידולים צמחיים ובבעלי חיים
400280	מיסים אגרות	true	2021-01-16	2026-04-27	מדד מחירי תשומה בגידולים צמחיים ובבעלי חיים
400290	חכירת קרקע	true	2021-01-16	2026-04-27	מדד מחירי תשומה בגידולים צמחיים ובבעלי חיים
400300	שונות	true	2021-01-16	2026-04-27	מדד מחירי תשומה בגידולים צמחיים ובבעלי חיים
400310	עלות עבודה שכירה	true	2021-01-16	2026-04-27	מדד מחירי תשומה בגידולים צמחיים ובבעלי חיים
440010	מדד מחירי תשומה באוטובוסים - כללי (ללא שירותי דיור)	true	2005-01-16	2026-04-27	מדד מחירי תשומה באוטובוסים של כלל האוכלוסייה, לפי קבוצה ראשית וקבוצה משנית
440070	המדד ללא התמורה למשרות שכיר	true	2007-02-16	2026-04-27	מדד מחירי תשומה באוטובוסים של כלל האוכלוסייה, לפי קבוצה ראשית וקבוצה משנית
440080	התמורה למשרות שכיר	true	2005-01-16	2026-04-27	מדד מחירי תשומה באוטובוסים של כלל האוכלוסייה, לפי קבוצה ראשית וקבוצה משנית
440090	נהגים	true	2005-01-16	2026-04-27	מדד מחירי תשומה באוטובוסים של כלל האוכלוסייה, לפי קבוצה ראשית וקבוצה משנית
440100	עובדי מנהל	true	2005-01-16	2026-04-27	מדד מחירי תשומה באוטובוסים של כלל האוכלוסייה, לפי קבוצה ראשית וקבוצה משנית
440110	עובדי מוסך ושירותים	true	2005-01-16	2026-04-27	מדד מחירי תשומה באוטובוסים של כלל האוכלוסייה, לפי קבוצה ראשית וקבוצה משנית
440140	אנרגיה, שמנים ונוזלי קירור	true	2005-01-16	2026-04-27	מדד מחירי תשומה באוטובוסים של כלל האוכלוסייה, לפי קבוצה ראשית וקבוצה משנית
440145	אנרגיה	true	2020-01-16	2026-04-27	מדד מחירי תשומה באוטובוסים של כלל האוכלוסייה, לפי קבוצה ראשית וקבוצה משנית
440150	דלק	true	2005-01-16	2026-04-27	מדד מחירי תשומה באוטובוסים של כלל האוכלוסייה, לפי קבוצה ראשית וקבוצה משנית
440155	אחר	true	2020-01-16	2026-04-27	מדד מחירי תשומה באוטובוסים של כלל האוכלוסייה, לפי קבוצה ראשית וקבוצה משנית
440160	שמנים, אוריאה ונוזלי קירור	true	2005-01-16	2026-04-27	מדד מחירי תשומה באוטובוסים של כלל האוכלוסייה, לפי קבוצה ראשית וקבוצה משנית
440170	רכב	true	2005-01-16	2026-04-27	מדד מחירי תשומה באוטובוסים של כלל האוכלוסייה, לפי קבוצה ראשית וקבוצה משנית
440180	אחזקת אוטובוסים	true	2005-01-16	2026-04-27	מדד מחירי תשומה באוטובוסים של כלל האוכלוסייה, לפי קבוצה ראשית וקבוצה משנית
440200	חלפים (ללא צמיגים)	true	2005-01-16	2026-04-27	מדד מחירי תשומה באוטובוסים של כלל האוכלוסייה, לפי קבוצה ראשית וקבוצה משנית
440210	צמיגים	true	2005-01-16	2026-04-27	מדד מחירי תשומה באוטובוסים של כלל האוכלוסייה, לפי קבוצה ראשית וקבוצה משנית
440220	תיקוני רכב	true	2005-01-16	2026-04-27	מדד מחירי תשומה באוטובוסים של כלל האוכלוסייה, לפי קבוצה ראשית וקבוצה משנית
440260	אחזקת מבנים והוצאות משרד	true	2005-01-16	2026-04-27	מדד מחירי תשומה באוטובוסים של כלל האוכלוסייה, לפי קבוצה ראשית וקבוצה משנית
440270	אחזקת מבנים	true	2005-01-16	2026-04-27	מדד מחירי תשומה באוטובוסים של כלל האוכלוסייה, לפי קבוצה ראשית וקבוצה משנית
440275	שמירה וניקיון	true	2007-02-16	2026-04-27	מדד מחירי תשומה באוטובוסים של כלל האוכלוסייה, לפי קבוצה ראשית וקבוצה משנית
440280	חשמל ומים	true	2005-01-16	2026-04-27	מדד מחירי תשומה באוטובוסים של כלל האוכלוסייה, לפי קבוצה ראשית וקבוצה משנית
440290	תקשורת לסוגיה	true	2005-01-16	2026-04-27	מדד מחירי תשומה באוטובוסים של כלל האוכלוסייה, לפי קבוצה ראשית וקבוצה משנית
440300	הוצאות משרדיות ונוספות	true	2005-01-16	2026-04-27	מדד מחירי תשומה באוטובוסים של כלל האוכלוסייה, לפי קבוצה ראשית וקבוצה משנית
440330	מסים, אגרות, רשיונות וביטוח	true	2005-01-16	2026-04-27	מדד מחירי תשומה באוטובוסים של כלל האוכלוסייה, לפי קבוצה ראשית וקבוצה משנית
440335	מיסים, אגרות ורשיונות	true	2020-01-16	2026-04-27	מדד מחירי תשומה באוטובוסים של כלל האוכלוסייה, לפי קבוצה ראשית וקבוצה משנית
440340	מסים	true	2005-01-16	2026-04-27	מדד מחירי תשומה באוטובוסים של כלל האוכלוסייה, לפי קבוצה ראשית וקבוצה משנית
440350	אגרות ורשיונות	true	2005-01-16	2026-04-27	מדד מחירי תשומה באוטובוסים של כלל האוכלוסייה, לפי קבוצה ראשית וקבוצה משנית
440360	ביטוח	true	2005-01-16	2026-04-27	מדד מחירי תשומה באוטובוסים של כלל האוכלוסייה, לפי קבוצה ראשית וקבוצה משנית
440370	"שונות (הנהח""ש, הוצאות משפטיות וכדו')"	true	2005-01-16	2026-04-27	מדד מחירי תשומה באוטובוסים של כלל האוכלוסייה, לפי קבוצה ראשית וקבוצה משנית
451010	מדד מחירי תשומה באוטובוסים בקווים קבועים  (ללא שירותי דיור)	true	2020-01-16	2026-04-27	מדד מחירי תשומה באוטובוסים בקווים קבועים  לפי קבוצה ראשית וקבוצה משנית
451020	המדד ללא התמורה למשרות שכיר	true	2020-01-16	2026-04-27	מדד מחירי תשומה באוטובוסים בקווים קבועים  לפי קבוצה ראשית וקבוצה משנית
451030	התמורה למשרות שכיר	true	2020-01-16	2026-04-27	מדד מחירי תשומה באוטובוסים בקווים קבועים  לפי קבוצה ראשית וקבוצה משנית
451040	נהגים	true	2020-01-16	2026-04-27	מדד מחירי תשומה באוטובוסים בקווים קבועים  לפי קבוצה ראשית וקבוצה משנית
451050	עובדי מנהלה	true	2020-01-16	2026-04-27	מדד מחירי תשומה באוטובוסים בקווים קבועים  לפי קבוצה ראשית וקבוצה משנית
451060	עובדי מוסך ושירותים	true	2020-01-16	2026-04-27	מדד מחירי תשומה באוטובוסים בקווים קבועים  לפי קבוצה ראשית וקבוצה משנית
451070	אנרגיה, שמנים ונוזלי קרור	true	2020-01-16	2026-04-27	מדד מחירי תשומה באוטובוסים בקווים קבועים  לפי קבוצה ראשית וקבוצה משנית
451080	אנרגיה	true	2020-01-16	2026-04-27	מדד מחירי תשומה באוטובוסים בקווים קבועים  לפי קבוצה ראשית וקבוצה משנית
451090	דלק	true	2020-01-16	2026-04-27	מדד מחירי תשומה באוטובוסים בקווים קבועים  לפי קבוצה ראשית וקבוצה משנית
451100	אחר	true	2020-01-16	2026-04-27	מדד מחירי תשומה באוטובוסים בקווים קבועים  לפי קבוצה ראשית וקבוצה משנית
451110	שמנים, אוריאה ונוזלי קרור	true	2020-01-16	2026-04-27	מדד מחירי תשומה באוטובוסים בקווים קבועים  לפי קבוצה ראשית וקבוצה משנית
451120	רכב	true	2020-01-16	2026-04-27	מדד מחירי תשומה באוטובוסים בקווים קבועים  לפי קבוצה ראשית וקבוצה משנית
451130	אחזקת אוטובוסים	true	2020-01-16	2026-04-27	מדד מחירי תשומה באוטובוסים בקווים קבועים  לפי קבוצה ראשית וקבוצה משנית
451140	חלפים ללא צמיגים	true	2020-01-16	2026-04-27	מדד מחירי תשומה באוטובוסים בקווים קבועים  לפי קבוצה ראשית וקבוצה משנית
451150	צמיגים	true	2020-01-16	2026-04-27	מדד מחירי תשומה באוטובוסים בקווים קבועים  לפי קבוצה ראשית וקבוצה משנית
451160	תיקוני רכב	true	2020-01-16	2026-04-27	מדד מחירי תשומה באוטובוסים בקווים קבועים  לפי קבוצה ראשית וקבוצה משנית
451170	אחזקת מבנים והוצאות משרד	true	2020-01-16	2026-04-27	מדד מחירי תשומה באוטובוסים בקווים קבועים  לפי קבוצה ראשית וקבוצה משנית
451180	אחזקת מבנים	true	2020-01-16	2026-04-27	מדד מחירי תשומה באוטובוסים בקווים קבועים  לפי קבוצה ראשית וקבוצה משנית
451190	שמירה ונקיון	true	2020-01-16	2026-04-27	מדד מחירי תשומה באוטובוסים בקווים קבועים  לפי קבוצה ראשית וקבוצה משנית
451200	חשמל ומים	true	2020-01-16	2026-04-27	מדד מחירי תשומה באוטובוסים בקווים קבועים  לפי קבוצה ראשית וקבוצה משנית
451210	תקשורת לסוגיה	true	2020-01-16	2026-04-27	מדד מחירי תשומה באוטובוסים בקווים קבועים  לפי קבוצה ראשית וקבוצה משנית
451220	הוצאות משרדיות נוספות	true	2020-01-16	2026-04-27	מדד מחירי תשומה באוטובוסים בקווים קבועים  לפי קבוצה ראשית וקבוצה משנית
451230	מיסים, אגרות, רישיונות ובטוח	true	2020-01-16	2026-04-27	מדד מחירי תשומה באוטובוסים בקווים קבועים  לפי קבוצה ראשית וקבוצה משנית
451240	מיסים אגרות ורשיונות	true	2020-01-16	2026-04-27	מדד מחירי תשומה באוטובוסים בקווים קבועים  לפי קבוצה ראשית וקבוצה משנית
451250	מיסים	true	2020-01-16	2026-04-27	מדד מחירי תשומה באוטובוסים בקווים קבועים  לפי קבוצה ראשית וקבוצה משנית
451260	אגרות ורישיונות	true	2020-01-16	2026-04-27	מדד מחירי תשומה באוטובוסים בקווים קבועים  לפי קבוצה ראשית וקבוצה משנית
451270	ביטוח	true	2020-01-16	2026-04-27	מדד מחירי תשומה באוטובוסים בקווים קבועים  לפי קבוצה ראשית וקבוצה משנית
451280	"שונות (הנהח""ש, הוצאות משפטיות וכדו')"	true	2020-01-16	2026-04-27	מדד מחירי תשומה באוטובוסים בקווים קבועים  לפי קבוצה ראשית וקבוצה משנית
432010	מדד מחירי תשומה באוטובוסים זעירים ציבוריים - כללי (ללא שירותי דיור וללא התמורה למשרות שכיר)	true	2008-01-16	2026-04-27	מדד מחירי תשומה באוטובוסים זעירים ציבוריים אחוז שינוי חודשי ושנתי
432005	מדד מחירי תשומה באוטובוסים זעירים ציבוריים - כללי (ללא שירותי דיור)	true	2020-05-16	2026-04-27	מדד מחירי תשומה באוטובוסים זעירים ציבוריים אחוז שינוי חודשי ושנתי
432030	מדד מחירי תשומה באוטובוסים זעירים ציבוריים - ללא דלקים	true	2008-01-16	2026-04-27	מדד מחירי תשומה באוטובוסים זעירים ציבוריים, לפי קבוצה ראשית וקבוצה משנית
432100	התמורה למשרות שכיר	true	2020-05-16	2026-04-27	מדד מחירי תשומה באוטובוסים זעירים ציבוריים, לפי קבוצה ראשית וקבוצה משנית
432110	נהגים	true	2020-05-16	2026-04-27	מדד מחירי תשומה באוטובוסים זעירים ציבוריים, לפי קבוצה ראשית וקבוצה משנית
432140	דלק, שמנים ונוזלי קירור	true	2008-01-16	2026-04-27	מדד מחירי תשומה באוטובוסים זעירים ציבוריים, לפי קבוצה ראשית וקבוצה משנית
432150	דלק	true	2008-01-16	2026-04-27	מדד מחירי תשומה באוטובוסים זעירים ציבוריים, לפי קבוצה ראשית וקבוצה משנית
432160	שמנים, אוריאה ונוזלי קירור	true	2008-01-16	2026-04-27	מדד מחירי תשומה באוטובוסים זעירים ציבוריים, לפי קבוצה ראשית וקבוצה משנית
432170	רכב	true	2008-01-16	2026-04-27	מדד מחירי תשומה באוטובוסים זעירים ציבוריים, לפי קבוצה ראשית וקבוצה משנית
432180	אחזקת אוטובוסים	true	2008-01-16	2026-04-27	מדד מחירי תשומה באוטובוסים זעירים ציבוריים, לפי קבוצה ראשית וקבוצה משנית
432200	חלפים ללא צמיגים	true	2008-01-16	2026-04-27	מדד מחירי תשומה באוטובוסים זעירים ציבוריים, לפי קבוצה ראשית וקבוצה משנית
432210	צמיגים	true	2008-01-16	2026-04-27	מדד מחירי תשומה באוטובוסים זעירים ציבוריים, לפי קבוצה ראשית וקבוצה משנית
432350	אגרות ורשיונות	true	2008-01-16	2026-04-27	מדד מחירי תשומה באוטובוסים זעירים ציבוריים, לפי קבוצה ראשית וקבוצה משנית
432360	ביטוח	true	2008-01-16	2026-04-27	מדד מחירי תשומה באוטובוסים זעירים ציבוריים, לפי קבוצה ראשית וקבוצה משנית
432370	שונות (הנהלת חשבונות, הוצאות משפטיות וכו')	true	2008-01-16	2026-04-27	מדד מחירי תשומה באוטובוסים זעירים ציבוריים, לפי קבוצה ראשית וקבוצה משנית
201040	חול לסוגיו	true	2004-02-16	2026-05-27	מדד מחירים של תשומות נבחרות בסלילה וגישור (ללא מע"מ)
201070	חומרי מחצבה אחרים	true	1983-01-16	2026-05-27	מדד מחירים של תשומות נבחרות בסלילה וגישור (ללא מע"מ)
